customer_id,customer_key,first_name,last_name,full_name,email,phone,address_line1,city,state,zip_code,country,customer_segment,industry,customer_status,acquisition_channel,registration_date,lifetime_value_usd,is_vip,created_at,updated_at
1,CUST-00001,Danielle,Johnson,Danielle Johnson,donaldgarcia@example.net,+1-219-560-0133,79402 Peterson Drives Apt. 511,Davisstad,PA,35172,US,Enterprise,Healthcare,Prospect,Paid Search,2019-12-04,61600.52,0,2023-08-26T00:28:36.464677,2024-09-24T01:57:50.451547
2,CUST-00002,Amanda,Dudley,Amanda Dudley,maria95@example.net,610.934.1316,55341 Amanda Gardens Apt. 764,Lake Mark,WI,07832,US,Enterprise,Media,Active,Partner,2020-08-25,105769.49,0,2019-08-09T10:43:29.735638,2024-01-12T17:58:06.752831
3,CUST-00003,Leslie,Adams,Leslie Adams,jason76@example.net,724.523.8849x696,710 Eric Estate,Carlsonfurt,MS,78605,US,Enterprise,Technology,Active,Partner,2019-06-24,150703.67,0,2024-12-21T02:04:11.818015,2024-07-12T15:44:25.466463
4,CUST-00004,Tasha,Valencia,Tasha Valencia,maldonadoamanda@example.com,001-551-446-2704x828,88095 Smith Lake Suite 303,North Jessicaland,WV,70323,US,Consumer,Technology,Inactive,Partner,2018-01-30,69908.58,0,2023-05-12T11:20:50.033068,2024-02-16T23:47:26.246997
5,CUST-00005,Thomas,Pierce,Thomas Pierce,ibrandt@example.net,001-734-265-7871x331,301 Jeremy Bypass,Chadbury,KY,88185,US,Mid-Market,Government,Active,Paid Search,2019-11-09,39292.14,0,2021-05-25T17:16:01.329196,2024-07-16T08:37:51.072138
6,CUST-00006,Jennifer,Khan,Jennifer Khan,kristenaguirre@example.org,216-856-6701,33387 Robert Harbors Suite 317,North Deniseside,MP,02435,US,Enterprise,Finance,Inactive,Organic,2022-01-12,90065.36,0,2024-10-12T18:06:23.064753,2024-12-05T01:12:27.283476
7,CUST-00007,Melinda,Martin,Melinda Martin,michellebarrera@example.org,(206)247-4687x2343,09788 Brian Pass Apt. 219,Lake Michellefurt,DE,75169,US,SMB,Healthcare,Prospect,Social Media,2021-05-26,134288.91,1,2019-09-22T07:50:03.461083,2024-08-05T14:15:22.480696
8,CUST-00008,Christine,Barnes,Christine Barnes,sarah35@example.org,362-547-5107x991,51354 Samuel Plains Suite 980,Sarahville,FM,18102,US,Enterprise,Media,Active,Event,2022-01-31,154820.68,0,2019-11-07T23:23:50.955743,2024-11-21T15:14:11.106017
9,CUST-00009,Julia,Moore,Julia Moore,jenniferharris@example.net,687-440-1640x052,680 Charles Spurs Apt. 805,South David,ME,48296,US,Mid-Market,Finance,Active,Event,2019-12-22,57360.62,0,2024-04-16T19:07:13.603532,2024-10-18T09:08:17.974092
10,CUST-00010,Michelle,Nolan,Michelle Nolan,elizabethgomez@example.net,(392)832-2602x56342,3375 Hoover Well,East Andrew,ID,52728,US,Enterprise,Technology,Active,Social Media,2019-06-21,69854.41,0,2020-04-19T00:54:04.083380,2024-11-12T08:28:34.474059
11,CUST-00011,Tammy,Ramirez,Tammy Ramirez,ifrazier@example.com,8147294019,9816 Jonathan Station Suite 088,West Ryan,TN,43780,US,Mid-Market,Education,Active,Referral,2022-06-28,167708.71,0,2022-05-12T18:50:43.683909,2024-08-30T19:11:44.129460
12,CUST-00012,David,Mccullough,David Mccullough,snguyen@example.com,+1-823-266-2994,3699 Marshall Mills Apt. 872,West Zacharymouth,CO,98954,US,Mid-Market,Media,Prospect,Referral,2021-07-20,41268.92,1,2019-08-24T07:46:45.508875,2024-04-23T14:43:28.467720
13,CUST-00013,Lindsay,Hernandez,Lindsay Hernandez,xcarr@example.org,569.436.7632x016,83172 Contreras Points Suite 798,Rivasside,NV,21362,US,SMB,Media,Active,Event,2018-04-29,81408.54,0,2023-03-16T18:47:57.997815,2024-06-22T17:32:24.910993
14,CUST-00014,Jonathon,Wright,Jonathon Wright,rsims@example.com,443-545-5812,231 Russell Plains Suite 603,Priceshire,UT,03061,US,Mid-Market,Healthcare,Active,Social Media,2022-06-18,67301.35,0,2023-12-30T19:22:11.242749,2024-10-07T04:58:57.923836
15,CUST-00015,Omar,Smith,Omar Smith,acastaneda@example.net,001-489-937-3467x065,806 Christopher Meadow,Port Steven,AR,34600,US,SMB,Technology,Prospect,Social Media,2020-06-18,99210.16,1,2020-08-26T23:44:50.801126,2024-03-18T11:13:26.171449
16,CUST-00016,Mark,Juarez,Mark Juarez,fking@example.com,5802531003,27193 Lyons Trafficway,Garyville,WI,21966,US,Mid-Market,Manufacturing,Active,Referral,2020-08-27,186374.75,0,2024-10-01T19:49:51.963611,2024-02-09T13:32:21.901173
17,CUST-00017,Anthony,Collins,Anthony Collins,tsanders@example.org,793-814-9190,85067 Ryan Lake Suite 262,Christinaside,WI,63873,US,Consumer,Real Estate,Inactive,Paid Search,2022-09-28,55220.53,0,2021-04-03T05:12:59.929730,2024-10-29T05:15:09.765100
18,CUST-00018,Brittany,Morris,Brittany Morris,ramirezshannon@example.com,001-596-750-7527,4948 Zachary Field Apt. 367,Lake Thomas,VT,64833,US,Consumer,Finance,Active,Organic,2019-09-20,38633.91,0,2021-02-19T12:49:10.451419,2024-01-07T07:27:53.244418
19,CUST-00019,Kelly,Sullivan,Kelly Sullivan,thomas85@example.com,001-485-557-4443x135,749 Hooper Village,West Jeremy,HI,40119,US,Consumer,Real Estate,Active,Social Media,2019-09-14,95714.01,1,2018-02-06T03:55:02.787441,2024-07-14T11:50:33.446858
20,CUST-00020,Joshua,Mccann,Joshua Mccann,danamullins@example.org,6949777520,67190 Edward Port,Christopherbury,DE,73648,US,SMB,Media,Active,Event,2021-11-15,180320.09,0,2023-05-08T22:01:07.356324,2024-08-09T21:53:39.294666
21,CUST-00021,Krystal,Perez,Krystal Perez,tkerr@example.net,(349)490-9133x41232,7974 Jesse Squares,Jacquelinemouth,CA,90597,US,SMB,Finance,Active,Social Media,2021-08-28,39960.36,0,2019-08-20T15:08:59.874290,2024-04-06T19:50:52.194436
22,CUST-00022,Kylie,Lawrence,Kylie Lawrence,ronaldstephens@example.net,(642)910-2499,4648 Kim Rapid,South Jessicaview,AK,12471,US,SMB,Media,Active,Partner,2023-08-17,228200.65,0,2019-08-09T03:08:21.688943,2024-09-03T19:02:12.686065
23,CUST-00023,Michelle,Matthews,Michelle Matthews,barbara27@example.net,+1-374-429-6717x5655,7468 Shawn Island Suite 516,Lake Mollymouth,MT,07605,US,Mid-Market,Retail,Active,Referral,2018-02-23,135075.07,0,2019-04-25T11:03:48.309501,2024-05-12T09:52:11.606838
24,CUST-00024,Katherine,Garrett,Katherine Garrett,josephanderson@example.com,371.509.3248x086,1274 Perry Orchard,Sanchezside,FL,50778,US,SMB,Logistics,Active,Organic,2023-04-27,232310.1,0,2019-05-03T04:48:09.343547,2024-08-07T08:55:58.176337
25,CUST-00025,Julie,Taylor,Julie Taylor,ymorgan@example.net,704-849-9727x875,3396 Melissa Loop Apt. 576,Mcneilberg,NM,05353,US,Mid-Market,Healthcare,Active,Partner,2018-06-28,236763.89,0,2018-11-19T16:27:04.230674,2024-12-19T07:39:57.370008
26,CUST-00026,Martin,Garcia,Martin Garcia,foxstephen@example.net,(362)717-4596,7809 Jimmy Spur Suite 316,Port Cynthiaville,NV,22306,US,Consumer,Finance,Churned,Referral,2023-11-30,32533.67,1,2022-11-09T20:48:26.389397,2024-11-26T15:40:37.059785
27,CUST-00027,Brandon,Flynn,Brandon Flynn,ryan38@example.com,001-922-421-9693,4740 Santana Springs,North Scott,MI,77515,US,Mid-Market,Manufacturing,Churned,Partner,2020-01-20,106072.92,0,2020-02-04T15:19:05.729695,2024-12-18T02:27:48.152452
28,CUST-00028,Hannah,Bryant,Hannah Bryant,gcastaneda@example.org,(995)694-4064x0909,533 Byrd Stravenue,Lake Colton,SC,85218,US,Mid-Market,Manufacturing,Inactive,Event,2020-02-12,162644.58,1,2018-04-11T18:20:18.157389,2024-10-15T15:09:16.169563
29,CUST-00029,Arthur,Diaz,Arthur Diaz,mark62@example.org,(685)788-4247,1236 Davis Locks,West Amandamouth,MN,88689,US,Consumer,Finance,Active,Referral,2018-12-02,16474.46,0,2023-03-30T11:22:04.106493,2024-04-05T22:49:32.916236
30,CUST-00030,Parker,Little,Parker Little,thomasharvey@example.net,393-517-4612x00471,7586 Nicole Shoal,Port Tracychester,KY,04789,US,Mid-Market,Real Estate,Active,Organic,2020-08-07,18212.77,0,2022-10-31T08:34:37.332950,2024-03-20T12:29:48.877380
31,CUST-00031,Sean,Young,Sean Young,amy50@example.com,531-371-3900x532,335 Kristina Ranch,West Micheleberg,DC,71308,US,Mid-Market,Finance,Active,Paid Search,2020-07-16,18178.91,0,2019-10-03T16:07:51.758724,2024-03-04T20:46:57.755992
32,CUST-00032,Donna,Johnson,Donna Johnson,briannasmith@example.com,3269811775,084 Schneider Burgs,South Melaniechester,TX,14651,US,SMB,Logistics,Active,Partner,2018-02-07,33511.81,1,2021-06-07T03:03:09.319044,2024-11-28T22:48:43.498613
33,CUST-00033,Charles,Miller,Charles Miller,martinezclaudia@example.net,+1-856-398-4789,836 Beasley Loop,Mariafurt,MT,96132,US,Mid-Market,Logistics,Inactive,Referral,2022-04-04,24034.29,1,2018-09-01T00:56:44.608288,2024-06-05T04:41:42.111587
34,CUST-00034,Elizabeth,Brooks,Elizabeth Brooks,fjones@example.org,(215)628-0988x51656,1983 Diane Fork Apt. 585,Port Joshuabury,AS,56745,US,SMB,Government,Inactive,Social Media,2019-01-26,216027.27,0,2023-12-01T05:11:53.579496,2024-12-22T16:25:02.471060
35,CUST-00035,Loretta,Austin,Loretta Austin,lynchdiane@example.net,302-444-5502x296,83667 Moore Inlet,Kimberlyshire,PA,11636,US,Enterprise,Healthcare,Inactive,Event,2022-07-01,85156.0,0,2024-03-07T19:44:34.681536,2024-02-26T22:36:49.937418
36,CUST-00036,Karen,Williams,Karen Williams,fstanley@example.net,664.238.1561x497,9003 Dougherty Trafficway,Port Jonathan,MD,16227,US,Mid-Market,Technology,Active,Partner,2018-07-28,112429.08,1,2018-01-20T18:11:00.198916,2024-09-30T09:46:19.416745
37,CUST-00037,Gregory,James,Gregory James,charles06@example.org,715.496.9664x160,516 John Radial Suite 816,Juliebury,MA,22538,US,Mid-Market,Manufacturing,Inactive,Referral,2022-12-04,218684.25,0,2018-07-15T05:24:59.514138,2024-08-19T18:14:43.708735
38,CUST-00038,Alyssa,Lee,Alyssa Lee,jessica23@example.org,(943)929-2127,527 Taylor Roads Suite 490,Williamport,NH,59734,US,Consumer,Media,Active,Organic,2023-06-08,163210.15,0,2018-04-07T02:58:43.940327,2024-05-14T22:59:27.866107
39,CUST-00039,Justin,Newman,Justin Newman,gilbertwilliam@example.com,001-480-279-3597,51820 Jasmine Mill Apt. 554,Ortizmouth,TX,78867,US,Enterprise,Technology,Active,Social Media,2024-11-03,121667.46,0,2018-05-14T20:18:37.107824,2024-08-18T21:42:27.611634
40,CUST-00040,Matthew,Rivera,Matthew Rivera,umitchell@example.net,+1-625-819-2546x291,81685 Michael Falls Apt. 573,East Eric,LA,13757,US,Consumer,Healthcare,Active,Social Media,2021-11-27,1037.77,1,2021-07-21T15:43:03.854571,2024-07-16T13:20:46.830860
41,CUST-00041,Joanna,Rose,Joanna Rose,carlamoore@example.org,001-592-570-6537x947,3597 Hammond Tunnel Suite 886,Port James,PA,18641,US,SMB,Logistics,Active,Social Media,2022-08-19,174299.58,1,2024-02-10T09:25:47.222834,2024-01-20T02:20:50.610641
42,CUST-00042,Timothy,Watson,Timothy Watson,mitchellkathryn@example.com,782.561.3750x606,53051 Moody Dam Apt. 472,Westtown,MH,10885,US,Mid-Market,Technology,Active,Referral,2024-07-16,242192.99,0,2018-02-18T13:46:27.537523,2024-03-19T22:18:40.591476
43,CUST-00043,Edward,Bentley,Edward Bentley,srodriguez@example.org,510-436-9711x7980,0953 Lopez Skyway Apt. 851,South Morganton,SC,51210,US,SMB,Healthcare,Active,Partner,2022-04-06,119458.74,0,2024-11-12T12:52:56.413210,2024-04-02T20:03:50.015635
44,CUST-00044,Allen,Kramer,Allen Kramer,ingramjill@example.com,(405)385-2772,43030 Mahoney Passage Suite 874,Port Deborahport,MI,06766,US,Enterprise,Media,Active,Referral,2020-05-31,17596.07,0,2024-01-22T23:31:46.232675,2024-05-01T11:37:35.202626
45,CUST-00045,David,Richardson,David Richardson,ykline@example.com,(877)458-4161,1154 Griffin Stravenue Suite 275,Williamsstad,RI,57509,US,Mid-Market,Government,Active,Partner,2024-03-23,61930.73,0,2019-12-03T18:19:26.430356,2024-12-24T16:33:34.633593
46,CUST-00046,Stacy,Jones,Stacy Jones,william20@example.org,+1-470-921-3556x909,7192 Sanders Run Suite 310,South April,PW,74120,US,Enterprise,Government,Prospect,Partner,2022-06-18,141524.12,0,2018-10-28T23:55:49.826568,2024-10-10T15:17:16.884026
47,CUST-00047,Jane,Lewis,Jane Lewis,igonzalez@example.org,427.715.5188x442,32370 Spencer Land,Laraside,DC,80710,US,SMB,Technology,Prospect,Event,2022-04-13,78888.87,0,2024-03-10T03:12:50.524642,2024-01-25T01:31:52.884007
48,CUST-00048,Raymond,Love,Raymond Love,khammond@example.org,(451)477-8528,018 Kevin Estates Suite 358,Meghanview,ID,83739,US,Consumer,Retail,Prospect,Event,2021-05-08,75349.27,0,2024-09-10T10:26:03.153617,2024-04-10T10:46:40.352691
49,CUST-00049,Colleen,Mendez,Colleen Mendez,brittanycarpenter@example.org,+1-299-959-0010x9439,473 Evans Cliffs Apt. 276,Marshallmouth,PA,19331,US,Enterprise,Healthcare,Inactive,Partner,2018-08-27,249614.38,0,2020-03-09T23:03:39.001694,2024-09-19T22:05:58.498179
50,CUST-00050,Jessica,Valencia,Jessica Valencia,kathleenrobertson@example.org,537-414-7321x04696,532 Ferrell Mountain Suite 470,South Williambury,IL,76961,US,Enterprise,Media,Active,Partner,2024-10-29,66667.5,0,2020-06-20T23:59:46.790895,2024-01-19T11:56:48.891305
51,CUST-00051,Troy,Khan,Troy Khan,amitchell@example.org,(624)356-5060x98358,784 David Court Suite 558,Kariborough,PA,67232,US,Enterprise,Technology,Active,Paid Search,2022-07-31,39857.83,0,2020-10-22T22:41:21.472191,2024-01-15T17:35:56.744473
52,CUST-00052,Benjamin,Reeves,Benjamin Reeves,ghernandez@example.org,695-926-9495x88879,5169 Robles Stream,New Thomasshire,OK,30325,US,Enterprise,Media,Active,Event,2023-08-17,26344.83,0,2023-01-18T21:34:06.559337,2024-08-01T13:40:06.476111
53,CUST-00053,George,Fuller,George Fuller,rhernandez@example.org,8915307562,970 April Points Suite 786,Suemouth,PW,70379,US,SMB,Finance,Active,Event,2022-05-04,138529.3,0,2020-05-24T23:42:30.861631,2024-05-09T16:03:24.869722
54,CUST-00054,Kelsey,Le,Kelsey Le,chelsea33@example.com,+1-743-644-3757,98665 Kelly Heights Apt. 574,Lewisside,KY,74165,US,SMB,Real Estate,Active,Event,2022-07-03,86048.63,0,2022-11-15T09:55:56.160763,2024-02-20T05:48:20.285897
55,CUST-00055,Christina,Matthews,Christina Matthews,danawilliams@example.com,271-320-8267x73454,026 Sarah Camp,Frenchburgh,WA,38442,US,Consumer,Manufacturing,Active,Organic,2019-09-12,158753.97,0,2024-02-19T22:55:58.413926,2024-01-04T09:24:10.108545
56,CUST-00056,Ashley,Rodriguez,Ashley Rodriguez,shawn88@example.com,(687)443-1527,549 Gregory Walks,Wilcoxhaven,MD,11869,US,Enterprise,Healthcare,Active,Referral,2024-11-17,159459.79,0,2020-10-21T12:42:52.852103,2024-02-04T21:51:45.969477
57,CUST-00057,Tina,Woods,Tina Woods,greenjoe@example.com,649-390-4530x17426,9332 Hernandez Summit Suite 687,Port John,WV,78595,US,Mid-Market,Logistics,Churned,Event,2024-07-19,107207.89,0,2024-02-10T17:35:49.300337,2024-01-30T23:08:55.579421
58,CUST-00058,Sean,Padilla,Sean Padilla,brownamy@example.net,598.922.5871,707 William Motorway,New Stevenport,VA,03354,US,Enterprise,Finance,Prospect,Referral,2018-07-19,136624.78,0,2020-10-09T01:04:39.588141,2024-10-25T19:43:30.491748
59,CUST-00059,Julie,Lane,Julie Lane,isabella80@example.org,404.762.2656x7661,86823 Katelyn Hills,Nunezside,NE,70222,US,Mid-Market,Government,Active,Organic,2018-04-26,77410.46,0,2020-08-27T10:20:08.358234,2024-03-25T01:22:08.985594
60,CUST-00060,Steven,Moore,Steven Moore,johnsondonna@example.net,001-903-531-1907x903,28439 Ray Trail,Joelberg,TN,68822,US,SMB,Technology,Prospect,Referral,2019-04-27,166899.89,0,2019-07-19T23:38:45.131717,2024-04-19T23:36:01.360099
61,CUST-00061,Bruce,Fry,Bruce Fry,conniesimmons@example.com,8564856624,34270 Faulkner Point Apt. 634,West Deborah,NV,49138,US,Consumer,Real Estate,Prospect,Referral,2024-02-27,231478.07,0,2018-08-25T08:06:41.050598,2024-09-22T04:45:07.606463
62,CUST-00062,James,Adams,James Adams,russojacob@example.net,001-583-873-5403x317,546 Ferguson Knolls,Josehaven,FM,65680,US,Mid-Market,Retail,Inactive,Organic,2022-09-18,45250.49,0,2021-04-06T02:33:12.528561,2024-10-20T19:56:28.341841
63,CUST-00063,Jennifer,Gill,Jennifer Gill,nathangutierrez@example.net,420.548.9964,69378 Scott View Suite 772,Garyside,NM,24624,US,Consumer,Technology,Active,Referral,2020-03-29,196949.94,0,2024-06-01T14:16:34.181080,2024-07-17T10:07:48.494663
64,CUST-00064,Darlene,Brown,Darlene Brown,landryelizabeth@example.org,(923)212-0387x50997,860 Alyssa Harbor,Andrechester,AS,23997,US,Consumer,Healthcare,Inactive,Referral,2018-03-28,50293.42,1,2018-10-01T12:48:56.886606,2024-02-05T06:01:16.363086
65,CUST-00065,Eduardo,Lee,Eduardo Lee,joseph61@example.com,(979)233-4101x6668,217 Newman Isle,New Samanthabury,IL,91240,US,SMB,Manufacturing,Active,Referral,2021-09-07,6404.28,0,2024-03-18T14:07:53.078606,2024-06-23T00:47:40.296034
66,CUST-00066,Brandon,Jones,Brandon Jones,whitemelissa@example.org,892.761.4293,218 Brown Mews Apt. 159,Novakmouth,AK,83616,US,Consumer,Education,Active,Organic,2024-06-23,241738.83,0,2019-11-30T14:58:23.679138,2024-12-29T06:52:27.682723
67,CUST-00067,Tracy,Kelly,Tracy Kelly,llopez@example.net,(719)343-1142x6265,47541 Christopher Meadows,Hawkinshaven,MT,14039,US,SMB,Media,Inactive,Event,2024-08-02,245296.85,0,2018-03-09T03:00:36.863250,2024-05-09T12:46:59.160147
68,CUST-00068,Christopher,George,Christopher George,asmith@example.com,001-418-339-8262x244,4647 Michael Gateway,Wheelerborough,NH,14522,US,Enterprise,Finance,Active,Referral,2020-04-09,145357.14,0,2018-12-13T07:28:10.068079,2024-01-03T11:26:40.462920
69,CUST-00069,Randall,Skinner,Randall Skinner,scott69@example.org,759-837-5265x4793,5193 Erin Plaza Apt. 737,Marieland,GU,54128,US,Enterprise,Finance,Churned,Social Media,2020-08-28,86748.93,0,2022-09-17T03:08:27.990787,2024-02-20T22:32:57.889553
70,CUST-00070,Kevin,King,Kevin King,emccormick@example.com,+1-379-368-8680x589,529 Anna Rue,Rasmussenmouth,WY,56921,US,Consumer,Real Estate,Churned,Organic,2019-01-29,96606.26,0,2018-09-28T19:03:45.265406,2024-02-06T02:09:36.038095
71,CUST-00071,Jeffrey,Burgess,Jeffrey Burgess,seanmyers@example.net,001-382-350-7146,4573 Bailey Court,Bowenmouth,MD,09305,US,SMB,Healthcare,Prospect,Social Media,2021-11-27,921.97,0,2020-02-07T11:23:59.707367,2024-10-23T12:40:23.771618
72,CUST-00072,Darin,Sweeney,Darin Sweeney,sarahyang@example.net,(482)458-6736,0937 Price Squares Apt. 341,Port Monicaburgh,MN,43228,US,SMB,Government,Active,Event,2022-07-15,230232.33,0,2019-05-19T17:19:27.604744,2024-02-11T16:58:49.665627
73,CUST-00073,Emily,Burns,Emily Burns,candice96@example.net,355-479-2499,34125 William Manor Apt. 966,South Cynthia,UT,85076,US,Enterprise,Manufacturing,Churned,Paid Search,2024-10-04,166889.78,0,2024-07-06T20:33:00.930926,2024-03-04T09:41:40.207464
74,CUST-00074,Garrett,Roberts,Garrett Roberts,wharvey@example.org,323.268.8767x6772,0438 Jackson Mount,Dunnville,OK,15470,US,Consumer,Manufacturing,Churned,Referral,2019-04-24,48364.1,1,2019-11-16T17:22:38.128073,2024-07-17T18:38:40.932619
75,CUST-00075,Vicki,Weaver,Vicki Weaver,bpayne@example.org,001-734-807-4517x133,233 Ashley Place,Candiceburgh,MD,92782,US,Mid-Market,Real Estate,Churned,Paid Search,2023-04-19,101815.75,0,2020-01-18T23:22:58.474032,2024-07-28T14:54:33.599097
76,CUST-00076,Stephanie,Robertson,Stephanie Robertson,taylorkaren@example.com,9424232536,667 Cynthia Trafficway Apt. 684,Shawnfort,MD,76779,US,SMB,Manufacturing,Active,Social Media,2024-04-19,196546.83,0,2018-01-07T07:42:32.165820,2024-10-10T08:00:15.808337
77,CUST-00077,Jessica,Simon,Jessica Simon,melissa86@example.org,(237)345-4589x29750,12770 Harris Spurs Apt. 424,Lake Michaelland,MN,87599,US,Consumer,Logistics,Inactive,Event,2021-03-17,53818.5,1,2024-04-29T02:43:25.289237,2024-03-01T13:58:20.263208
78,CUST-00078,Randy,Torres,Randy Torres,rubendavis@example.org,2372129387,62713 Davis Valley Apt. 155,Derrickberg,SD,89254,US,Mid-Market,Finance,Active,Partner,2022-11-23,166131.53,0,2019-01-01T03:10:42.714911,2024-07-13T03:59:04.924270
79,CUST-00079,Alan,Santos,Alan Santos,courtneyhernandez@example.com,+1-473-511-2196x565,138 Maxwell Spurs Apt. 438,Lake Peter,SD,07653,US,Enterprise,Technology,Prospect,Paid Search,2021-01-29,56547.85,0,2023-06-27T09:31:31.167897,2024-10-17T12:32:46.430475
80,CUST-00080,John,Cruz,John Cruz,ricetiffany@example.com,626-596-5827x10910,68486 Miles Corner,West Christopher,CO,67518,US,Mid-Market,Healthcare,Active,Referral,2019-09-09,245992.04,0,2024-06-11T21:12:52.331597,2024-12-22T14:22:07.565414
81,CUST-00081,Eric,Murphy,Eric Murphy,collinssamuel@example.org,6314617990,20275 Jackson Crossroad,Jessicaville,WI,04348,US,Consumer,Government,Prospect,Partner,2022-02-07,49011.59,1,2020-05-06T06:54:59.034026,2024-06-06T03:11:13.261636
82,CUST-00082,Alexandria,Baker,Alexandria Baker,crawfordwilliam@example.org,292.552.4191x3800,5622 Angela Station,Walkerbury,MT,94910,US,Consumer,Government,Active,Referral,2024-10-28,164186.47,0,2020-03-28T18:06:03.883497,2024-10-29T07:33:27.392160
83,CUST-00083,Ashley,Wilson,Ashley Wilson,whitelinda@example.org,(617)544-5187x0534,9738 Edward Lodge Apt. 385,West Aaronfurt,PR,97242,US,Enterprise,Government,Active,Referral,2022-09-18,201125.41,1,2023-02-02T18:16:45.677746,2024-02-08T01:05:17.469543
84,CUST-00084,Alyssa,Allen,Alyssa Allen,kaufmandouglas@example.com,303-486-5719,99062 Kelly Vista Suite 655,Nelsonland,ID,18341,US,Enterprise,Media,Active,Organic,2021-06-11,114387.23,1,2023-06-17T12:27:15.309252,2024-08-02T00:04:31.391412
85,CUST-00085,Eric,Martin,Eric Martin,wmartinez@example.org,447.341.1249x035,6804 Wilkins Extensions,South Melissaside,WA,72606,US,SMB,Logistics,Churned,Event,2021-04-06,223059.06,1,2019-10-01T14:57:34.652242,2024-06-18T02:35:16.433264
86,CUST-00086,Linda,Taylor,Linda Taylor,davidcolon@example.com,+1-219-994-1013x7215,96670 Vega Extensions,Jasonburgh,KY,37182,US,Consumer,Retail,Prospect,Social Media,2018-01-31,112792.4,0,2021-02-14T00:07:30.725718,2024-02-24T09:34:41.870136
87,CUST-00087,Christina,Jensen,Christina Jensen,jjenkins@example.com,2148626383,8759 Price Falls Apt. 593,Port Kimberlyton,AS,62325,US,SMB,Media,Inactive,Event,2022-07-13,60191.84,1,2021-09-15T05:29:40.265979,2024-10-07T15:56:29.787602
88,CUST-00088,Yvonne,Dickson,Yvonne Dickson,josephvelasquez@example.net,7397652239,599 Anna Field,Weaverburgh,NM,05476,US,Enterprise,Manufacturing,Active,Paid Search,2018-09-13,84293.96,0,2018-08-19T16:44:54.691950,2024-03-26T03:21:48.878651
89,CUST-00089,Jeffery,Fox,Jeffery Fox,lindsaypeterson@example.org,700-629-2185x15691,26752 Walker Radial Apt. 644,East Jessica,UT,75583,US,Mid-Market,Retail,Active,Social Media,2018-01-02,173640.48,0,2020-09-27T22:23:52.637702,2024-12-29T21:46:58.867429
90,CUST-00090,Tammy,Johnson,Tammy Johnson,daniellegarcia@example.com,(951)235-5215,31541 Brandon Mill Suite 267,Bellfurt,CT,63348,US,Enterprise,Government,Inactive,Paid Search,2022-03-20,135881.48,1,2023-07-09T23:51:10.012137,2024-07-30T13:38:21.956484
91,CUST-00091,Katherine,Perez,Katherine Perez,phillipslucas@example.org,952-262-1815,296 Brian Isle Apt. 368,Donnaport,IA,13072,US,Enterprise,Technology,Inactive,Social Media,2021-02-27,226257.2,0,2018-05-07T20:50:11.823916,2024-07-28T06:25:33.572001
92,CUST-00092,Mary,Hernandez,Mary Hernandez,qmiller@example.net,+1-873-910-3241x714,418 Lopez Light Suite 270,Scottview,IN,35701,US,Consumer,Logistics,Active,Paid Search,2020-07-11,75003.86,1,2021-12-13T05:08:33.680502,2024-02-25T07:31:54.638891
93,CUST-00093,Heather,Davis,Heather Davis,larellano@example.org,+1-906-686-8793,0898 David Throughway,Thompsonburgh,IL,25761,US,Consumer,Media,Prospect,Event,2022-09-04,136760.01,0,2018-11-19T12:45:14.041737,2024-06-03T22:55:30.416118
94,CUST-00094,Vanessa,Graham,Vanessa Graham,maryscott@example.net,916-286-8548,62299 Sara Port Apt. 485,Bakerfort,OK,80318,US,Consumer,Technology,Active,Social Media,2024-12-24,121667.68,1,2021-04-24T02:34:17.802619,2024-03-04T00:36:08.683663
95,CUST-00095,Richard,Montgomery,Richard Montgomery,vwilliams@example.net,607.945.0544,24754 Jacobs Corners,South Jason,GU,53869,US,SMB,Government,Prospect,Referral,2022-10-07,210206.16,0,2023-03-09T20:31:03.881816,2024-10-04T23:23:20.778963
96,CUST-00096,Michelle,Nicholson,Michelle Nicholson,cameronmckinney@example.com,(289)902-3303,3457 Reid Crossing,East Nathanmouth,HI,62705,US,Enterprise,Government,Churned,Partner,2021-08-10,165918.44,0,2022-02-09T01:34:55.053211,2024-05-08T00:17:27.513768
97,CUST-00097,Frank,Kline,Frank Kline,mitchellpaul@example.org,001-233-933-4680,290 Johnny Valley,Jenniferview,NE,49846,US,Consumer,Retail,Inactive,Referral,2023-03-30,13046.02,1,2023-12-17T15:42:07.927902,2024-06-16T23:50:18.952566
98,CUST-00098,Jeffery,Turner,Jeffery Turner,asilva@example.net,+1-658-699-4417x1545,83096 Becker Stravenue,Lake Tylerport,KS,55363,US,SMB,Technology,Inactive,Paid Search,2021-08-23,84706.39,1,2020-10-31T03:42:52.531405,2024-09-26T15:27:17.024427
99,CUST-00099,Brandy,Cooley,Brandy Cooley,jessica38@example.net,458.742.8241x7248,53465 Green Hill,Yorkfort,AR,83652,US,SMB,Government,Active,Organic,2023-09-17,117841.56,0,2022-01-31T14:48:05.304560,2024-12-11T14:44:23.436444
100,CUST-00100,Charles,Preston,Charles Preston,amoreno@example.org,(423)356-9725,2500 Hill Trace Apt. 927,East Christinachester,MO,56734,US,SMB,Technology,Prospect,Organic,2021-07-03,195417.65,0,2024-10-03T09:04:15.689772,2024-05-20T07:03:05.161499
101,CUST-00101,Benjamin,Gonzalez,Benjamin Gonzalez,mcclainkatherine@example.net,800.633.5421,04478 Hamilton Spur,West Wendy,NM,47588,US,Enterprise,Technology,Active,Organic,2020-08-11,155523.25,0,2023-04-02T07:05:25.001518,2024-03-01T08:20:12.271570
102,CUST-00102,Rebecca,Burnett,Rebecca Burnett,jessicaanderson@example.net,2982215064,001 Wallace Crossing,Thomasberg,IL,91621,US,Mid-Market,Logistics,Prospect,Organic,2018-02-18,141210.41,0,2022-10-19T18:02:10.720402,2024-01-04T09:43:52.140675
103,CUST-00103,Robert,Garcia,Robert Garcia,robertroach@example.net,001-791-841-1739x348,08737 Young Bridge Apt. 197,North Kimberly,CA,95339,US,Consumer,Manufacturing,Active,Referral,2021-08-22,151670.23,0,2023-01-24T11:03:40.984990,2024-11-27T03:34:55.591229
104,CUST-00104,Dawn,Bryant,Dawn Bryant,steven12@example.org,655-361-1002x2557,2166 Nelson Lights Suite 621,Lake Jessica,PR,21393,US,Mid-Market,Manufacturing,Active,Partner,2024-11-02,6906.77,0,2018-09-23T02:10:36.330292,2024-11-29T12:12:57.135653
105,CUST-00105,Timothy,Carroll,Timothy Carroll,nmaxwell@example.org,+1-527-771-6701x4508,3756 Mary Point,North Dawnburgh,NY,62011,US,Consumer,Government,Prospect,Referral,2021-01-24,19461.12,0,2023-12-18T09:11:02.091507,2024-11-14T04:56:48.963979
106,CUST-00106,Charles,Vasquez,Charles Vasquez,brent38@example.net,(963)217-7971x7751,6088 Margaret Turnpike,Pamelaside,IL,86300,US,Enterprise,Manufacturing,Prospect,Partner,2019-09-08,201479.23,0,2022-09-13T06:55:25.683876,2024-12-13T19:55:10.062702
107,CUST-00107,Michael,Brown,Michael Brown,xrivera@example.net,+1-775-371-1305x548,72614 Jacob Walk,Lewisborough,VT,44794,US,SMB,Media,Inactive,Event,2019-07-24,92957.43,0,2018-10-03T10:46:55.205774,2024-05-31T16:42:27.041786
108,CUST-00108,Sara,Monroe,Sara Monroe,lellis@example.net,(470)480-8697,69958 Barnes Rest,West Raymond,MA,39058,US,Enterprise,Government,Inactive,Organic,2022-02-14,108664.09,0,2021-03-03T11:22:01.177879,2024-02-18T19:32:17.389123
109,CUST-00109,Robert,Graves,Robert Graves,megan85@example.net,001-383-733-9452x288,968 Rich Manors Apt. 810,Thomaston,ID,35494,US,Consumer,Retail,Inactive,Referral,2023-03-28,183581.93,0,2023-04-02T11:20:59.227065,2024-02-28T21:39:23.414079
110,CUST-00110,Justin,King,Justin King,james80@example.com,819.883.8638x406,004 Christine Tunnel Suite 359,Port Jenny,ID,39059,US,Consumer,Logistics,Inactive,Event,2023-11-16,148322.42,0,2021-02-21T04:06:09.359601,2024-12-25T22:39:14.379035
111,CUST-00111,Charles,Rivers,Charles Rivers,bennettroy@example.net,222-694-0572x025,851 Fox Ferry Apt. 826,Davisbury,FM,28465,US,Mid-Market,Finance,Active,Social Media,2023-02-22,61343.93,1,2022-08-23T11:35:24.441908,2024-05-01T04:05:18.447337
112,CUST-00112,Kelly,Clements,Kelly Clements,wbarajas@example.net,7158739930,4840 Robertson Pass,Tuckerport,MH,85898,US,Consumer,Education,Active,Social Media,2022-04-30,212812.73,0,2019-05-08T01:28:47.731452,2024-07-07T02:03:03.765310
113,CUST-00113,Stacy,Jackson,Stacy Jackson,simsjason@example.net,001-336-213-8612x075,8193 Russell Mission,Hamiltontown,MS,88751,US,Consumer,Technology,Active,Paid Search,2024-09-10,85414.54,0,2018-10-30T09:20:55.108404,2024-01-03T03:48:58.243736
114,CUST-00114,Jennifer,Brown,Jennifer Brown,haynescharles@example.net,244-991-4766,326 Choi Divide,Ericastad,AL,73052,US,Enterprise,Media,Active,Organic,2023-03-22,60718.33,1,2024-02-14T21:42:08.669130,2024-02-21T17:49:40.947299
115,CUST-00115,Bobby,Armstrong,Bobby Armstrong,torreskaitlin@example.net,(436)282-2239x431,814 John Flat Suite 552,North Justin,CA,25863,US,Consumer,Media,Active,Event,2020-10-04,119285.23,1,2020-03-23T06:15:37.921196,2024-06-13T22:28:27.381504
116,CUST-00116,Christina,Torres,Christina Torres,lindsey62@example.org,333-464-5257x77547,2834 Jessica Brook,Port Bonniefurt,WI,77838,US,Consumer,Healthcare,Active,Paid Search,2022-02-02,55788.3,0,2019-06-28T19:35:29.518075,2024-01-14T09:59:20.475322
117,CUST-00117,Jorge,Shannon,Jorge Shannon,michaelwalker@example.net,001-442-478-8165x803,29927 Williams Trace Suite 314,Jimborough,NC,47850,US,SMB,Real Estate,Active,Social Media,2021-10-11,138591.5,0,2020-09-18T23:11:01.451940,2024-12-01T22:51:02.434931
118,CUST-00118,Nicole,Williams,Nicole Williams,padillaadrienne@example.com,001-849-589-2665x918,5779 Warren Dam Suite 231,Jasonburgh,GA,47978,US,Consumer,Media,Active,Paid Search,2022-07-16,175862.31,0,2022-03-19T18:19:54.622481,2024-10-26T00:08:00.181058
119,CUST-00119,Donna,Perry,Donna Perry,olsontimothy@example.org,001-426-403-0299,202 Nielsen Path,Greeneshire,SC,02941,US,SMB,Manufacturing,Active,Organic,2020-04-24,180460.44,0,2024-02-24T11:15:18.180976,2024-09-23T10:31:34.992813
120,CUST-00120,Lori,Valentine,Lori Valentine,kdillon@example.org,(592)892-9842x57991,10388 Serrano Rest Apt. 279,Port Amandaville,CO,63709,US,Enterprise,Media,Prospect,Referral,2019-07-08,48289.47,1,2022-08-13T09:46:49.221131,2024-11-26T03:02:02.739304
121,CUST-00121,Amber,Smith,Amber Smith,xboyd@example.org,001-686-937-6599x162,49864 Adam Summit,New Alexandrahaven,AL,49656,US,SMB,Real Estate,Churned,Partner,2024-07-24,71108.18,0,2022-08-01T00:28:38.044385,2024-09-08T17:20:34.857082
122,CUST-00122,Leslie,Cox,Leslie Cox,jose86@example.net,(994)663-6887x258,562 Julie Mission Apt. 138,Hartmanside,RI,91865,US,Mid-Market,Manufacturing,Active,Paid Search,2019-01-31,45270.67,0,2022-10-16T17:55:17.107987,2024-01-20T01:13:54.370528
123,CUST-00123,Paul,Fields,Paul Fields,thomasburke@example.org,643-251-9066,770 Melissa Unions,Jameshaven,NC,92048,US,Mid-Market,Manufacturing,Active,Organic,2023-08-18,138563.06,0,2019-08-16T03:37:26.963584,2024-03-03T00:44:15.798071
124,CUST-00124,Barry,Allen,Barry Allen,christopherhill@example.com,(766)793-8011x848,93769 Jose Lodge Apt. 818,Matthewville,AS,67778,US,Consumer,Finance,Active,Partner,2018-01-01,71442.66,1,2024-09-11T08:22:42.027453,2024-11-16T15:46:37.193517
125,CUST-00125,Lisa,Andrews,Lisa Andrews,xhart@example.org,001-857-779-0714x163,434 Raymond Summit,Charlesburgh,NJ,41640,US,Consumer,Education,Active,Organic,2022-11-10,63493.36,1,2020-06-22T15:25:49.964897,2024-11-23T07:40:26.274763
126,CUST-00126,Joseph,Valentine,Joseph Valentine,victorgonzalez@example.net,343.333.3952,790 Melanie Landing,Travisshire,VI,36510,US,Enterprise,Finance,Inactive,Social Media,2022-10-13,18983.5,0,2021-06-08T11:57:48.560227,2024-12-26T06:55:22.413503
127,CUST-00127,Sabrina,Ramirez,Sabrina Ramirez,brianlloyd@example.com,+1-908-756-2718,36915 Salazar Green,New Jose,KY,62281,US,Mid-Market,Retail,Churned,Paid Search,2019-07-22,21752.64,0,2024-09-15T23:52:08.636984,2024-05-05T13:45:33.501388
128,CUST-00128,Ivan,Coleman,Ivan Coleman,michael64@example.com,(892)893-1438,27026 Taylor Vista,Kristenport,KS,74181,US,Enterprise,Media,Inactive,Partner,2020-12-07,149233.65,0,2024-01-04T07:56:44.200921,2024-01-18T11:04:42.697416
129,CUST-00129,Corey,Martin,Corey Martin,thomas17@example.net,445-658-8450x61593,8771 Austin Mountain Apt. 256,Sweeneyland,CO,21734,US,Consumer,Logistics,Inactive,Paid Search,2019-07-05,215111.58,1,2020-05-28T07:21:42.880234,2024-04-24T17:37:35.201325
130,CUST-00130,Denise,Page,Denise Page,cnelson@example.com,001-498-876-2202x341,17800 Warren Corner,West Christineland,SD,51598,US,SMB,Real Estate,Churned,Organic,2022-03-28,152602.91,0,2020-03-01T18:02:00.136936,2024-03-31T13:07:51.692393
131,CUST-00131,Justin,Sims,Justin Sims,anthonyalvarado@example.com,878.648.7282x9979,8317 Diaz Green Apt. 400,West Justin,ND,01591,US,Mid-Market,Technology,Active,Event,2018-12-02,20756.27,0,2022-10-24T22:33:38.364123,2024-06-29T01:07:39.539171
132,CUST-00132,Karla,Evans,Karla Evans,carla08@example.com,568.666.3266,3894 Wong Place,Robertland,HI,18408,US,Mid-Market,Media,Active,Referral,2023-05-12,1167.59,1,2020-01-11T04:56:02.543009,2024-08-21T02:27:56.018422
133,CUST-00133,Christine,Nelson,Christine Nelson,malikhernandez@example.net,3214442703,3564 Bolton Mountain,West Christopherberg,AR,35432,US,Consumer,Manufacturing,Active,Referral,2022-05-11,72382.17,0,2023-06-06T13:39:07.757097,2024-01-27T03:02:35.371233
134,CUST-00134,Theodore,Lee,Theodore Lee,hclayton@example.net,567.930.3718,452 Julie Plaza Apt. 474,West Paige,VI,87886,US,Consumer,Finance,Prospect,Referral,2023-11-21,231015.81,0,2019-07-11T16:00:08.460130,2024-02-11T07:57:48.911882
135,CUST-00135,Cynthia,Nguyen,Cynthia Nguyen,brenda63@example.org,9973925132,005 Jacqueline Turnpike Apt. 273,Tinastad,AS,58004,US,Consumer,Finance,Churned,Referral,2019-03-04,162084.86,0,2023-02-18T00:44:08.502372,2024-01-08T19:33:47.816276
136,CUST-00136,Nicholas,Ramsey,Nicholas Ramsey,washingtonsamuel@example.com,+1-673-492-8557,274 Weaver Motorway,Port Danafurt,VA,24819,US,Mid-Market,Finance,Active,Referral,2019-10-03,198260.83,0,2024-03-06T18:36:12.457883,2024-08-14T19:44:55.622806
137,CUST-00137,Michael,Oliver,Michael Oliver,barrettamber@example.com,787.382.9456,102 Morgan Flats,South Jameston,OK,84616,US,Consumer,Finance,Inactive,Event,2020-03-30,76370.75,1,2023-11-08T13:57:29.376535,2024-08-28T19:10:49.197991
138,CUST-00138,Alicia,Miles,Alicia Miles,jeffrey10@example.org,+1-271-370-5865x0948,38113 Lopez Pine Apt. 928,Reeseshire,MI,88908,US,SMB,Media,Churned,Social Media,2019-10-17,109720.84,0,2021-03-18T11:45:21.678934,2024-08-31T11:29:19.839591
139,CUST-00139,Nicole,Jackson,Nicole Jackson,qwagner@example.org,+1-897-755-8556,836 Ward Mission,Moyertown,VA,05044,US,Consumer,Education,Churned,Paid Search,2019-04-07,6953.29,0,2024-11-17T10:28:54.364717,2024-08-06T01:10:50.408628
140,CUST-00140,Zachary,Holder,Zachary Holder,tracey35@example.org,001-648-788-9921x075,44196 Jessica Stream,Lauraburgh,NM,90887,US,Enterprise,Manufacturing,Churned,Organic,2020-02-11,190895.7,0,2022-12-02T11:30:04.541849,2024-10-26T22:37:19.510761
141,CUST-00141,Cody,May,Cody May,dmiller@example.com,(766)413-9060x480,320 Maddox Terrace Apt. 364,Hernandezmouth,CO,62872,US,Consumer,Media,Prospect,Social Media,2018-04-06,229060.16,0,2021-12-31T14:27:05.703423,2024-01-19T01:08:55.267612
142,CUST-00142,Raymond,Miller,Raymond Miller,kathleencastillo@example.org,369.338.9833x1465,5535 Wheeler Burg Suite 259,Hansonmouth,AZ,31104,US,Consumer,Logistics,Active,Social Media,2021-07-06,87316.28,0,2019-05-26T09:29:23.076353,2024-05-16T19:38:30.559833
143,CUST-00143,Katherine,Farrell,Katherine Farrell,sanchezchristine@example.org,605-914-7705x3833,069 Jonathan Circle,Jamesview,AR,61444,US,SMB,Finance,Active,Paid Search,2018-10-15,103205.45,1,2022-08-01T13:28:00.799115,2024-01-04T01:12:26.623376
144,CUST-00144,Paul,Nelson,Paul Nelson,michelle04@example.net,(936)281-5798x1238,84576 Andrew Spur,Michaelport,IA,66201,US,SMB,Government,Churned,Organic,2023-12-18,113979.06,0,2019-12-07T03:28:37.729052,2024-01-23T16:41:35.437815
145,CUST-00145,Jonathan,Hughes,Jonathan Hughes,raymondstacy@example.org,(856)521-6893,4957 Jamie Dam,Port Devin,UT,92924,US,SMB,Education,Active,Social Media,2024-12-30,216295.19,0,2024-04-15T22:21:59.773981,2024-11-28T21:35:56.011643
146,CUST-00146,Russell,Stout,Russell Stout,lonniegrant@example.net,925-620-5664,12209 Obrien Ridge,New Jesse,TX,03919,US,Consumer,Government,Active,Referral,2023-05-23,129850.63,1,2020-07-07T06:31:38.300475,2024-09-08T20:37:58.962332
147,CUST-00147,Thomas,Shaw,Thomas Shaw,jack67@example.com,(523)530-6046,27975 Clay Meadow,Parsonsfurt,VA,41513,US,Consumer,Healthcare,Active,Paid Search,2022-03-26,137530.3,0,2020-10-04T10:46:51.868505,2024-12-09T17:23:53.327700
148,CUST-00148,Ashley,Herrera,Ashley Herrera,meyershannon@example.org,588.660.8680,4472 Phillips Center Apt. 771,East Kimberlyside,DC,52021,US,Consumer,Logistics,Active,Organic,2022-06-28,243300.13,0,2020-11-23T01:22:55.242869,2024-06-14T00:34:52.856316
149,CUST-00149,Harold,Garza,Harold Garza,nicoledavis@example.com,001-421-811-7518x689,25922 Harold Station Apt. 644,Robertsburgh,DE,17746,US,Mid-Market,Manufacturing,Churned,Organic,2022-12-27,138286.73,0,2024-09-20T20:51:21.258087,2024-01-02T07:01:58.732503
150,CUST-00150,Kathy,Smith,Kathy Smith,astephens@example.net,633.597.7671x9903,20502 Elizabeth Villages,Markland,AR,14773,US,Mid-Market,Finance,Inactive,Organic,2021-06-25,162103.57,0,2020-12-01T17:48:19.933139,2024-03-06T05:44:01.943510
151,CUST-00151,Emily,Carr,Emily Carr,tammycurry@example.com,3146556168,14586 Heather Ridge Apt. 198,South Jenniferport,NE,80303,US,Consumer,Manufacturing,Churned,Event,2022-11-03,68719.51,1,2023-12-07T23:19:07.185266,2024-04-05T00:51:13.626326
152,CUST-00152,Barbara,Hanson,Barbara Hanson,ostone@example.com,829.834.3010x7139,5830 Hannah Glens,West Kevinside,MD,01304,US,Consumer,Technology,Inactive,Partner,2024-06-27,36588.17,0,2018-10-18T23:12:08.590748,2024-05-01T23:33:24.875883
153,CUST-00153,Randy,Carroll,Randy Carroll,jamesbass@example.net,670.727.2785x7608,95512 Pittman Junction,Simsburgh,OK,79889,US,Mid-Market,Finance,Active,Social Media,2024-09-20,85298.87,0,2020-09-22T17:33:12.620549,2024-08-05T20:09:55.295969
154,CUST-00154,Michelle,Walton,Michelle Walton,jennifer46@example.org,335.974.3842x1503,8235 Oconnor Pine,Kimberlyberg,WI,13379,US,Enterprise,Manufacturing,Prospect,Paid Search,2022-12-08,209450.24,1,2023-10-03T09:15:54.885308,2024-12-09T07:36:05.290417
155,CUST-00155,Erica,Anderson,Erica Anderson,hhughes@example.org,6402915701,353 Justin Place Suite 714,East Joshua,AL,82151,US,Mid-Market,Logistics,Churned,Social Media,2023-01-27,86608.42,1,2021-12-01T09:40:58.221349,2024-02-07T11:15:52.459893
156,CUST-00156,Amy,Dunn,Amy Dunn,audrey21@example.com,+1-358-870-2070x160,99795 Cook Flat Apt. 792,Port Leahmouth,CT,60215,US,Consumer,Education,Active,Event,2019-11-24,60081.98,1,2020-03-04T08:40:02.979593,2024-08-23T20:34:23.051709
157,CUST-00157,Katie,Ruiz,Katie Ruiz,michellejensen@example.com,(425)657-7017x1577,928 Richard Station Apt. 581,Amandafurt,OR,54691,US,Mid-Market,Government,Active,Paid Search,2024-08-18,186303.94,1,2019-09-02T19:09:45.718246,2024-03-30T04:34:56.208926
158,CUST-00158,Erik,Olson,Erik Olson,lisagarza@example.com,001-958-732-1971,2461 Gina Ranch,Murphyton,CO,29023,US,Consumer,Retail,Inactive,Organic,2018-06-18,31998.44,0,2023-09-20T08:06:30.744470,2024-11-20T17:42:19.214162
159,CUST-00159,Rebecca,Fields,Rebecca Fields,donnachavez@example.com,(299)873-3549x4651,0580 Jacqueline View,Danielport,VI,04588,US,Enterprise,Logistics,Active,Partner,2018-01-01,227655.2,0,2019-08-25T06:38:03.699359,2024-09-14T00:19:01.249895
160,CUST-00160,Phillip,Flores,Phillip Flores,ngraham@example.net,(672)438-6562,10276 Christopher Row,Daltonchester,RI,24067,US,Mid-Market,Government,Prospect,Referral,2020-09-05,19169.65,0,2021-03-07T10:22:03.257345,2024-06-04T05:30:40.425428
161,CUST-00161,Lori,Cruz,Lori Cruz,kjacobs@example.com,001-338-946-8950x097,84781 John Roads,Lake Cynthiashire,ME,80853,US,SMB,Real Estate,Prospect,Social Media,2019-07-31,162634.24,0,2018-05-15T21:23:05.820728,2024-05-05T17:42:34.437904
162,CUST-00162,Kimberly,Harrison,Kimberly Harrison,vberry@example.com,(444)220-9494x079,904 Miller Parkways Apt. 442,Joshuaview,AL,97681,US,Consumer,Education,Prospect,Event,2021-08-03,221915.95,1,2018-10-13T02:53:11.964792,2024-03-04T21:48:28.936213
163,CUST-00163,Brittany,Hernandez,Brittany Hernandez,josehaynes@example.com,(880)851-2927,723 Brown Greens,North Garyfurt,NJ,40001,US,Enterprise,Real Estate,Active,Referral,2021-02-15,157974.67,0,2021-05-02T08:04:34.564107,2024-12-13T01:26:36.915614
164,CUST-00164,Sandra,Hall,Sandra Hall,jwells@example.net,(704)676-5801x85694,49673 April Springs Apt. 580,Port Carloschester,CT,69348,US,Mid-Market,Finance,Inactive,Organic,2022-10-14,190212.24,0,2018-09-23T14:05:18.518631,2024-06-12T05:09:22.730877
165,CUST-00165,Jeffrey,Campbell,Jeffrey Campbell,harveybrian@example.net,+1-639-911-1926x9212,746 Scott Tunnel,West Kimberlyfurt,MS,44102,US,Consumer,Retail,Prospect,Paid Search,2019-05-09,225904.3,0,2024-12-20T16:04:56.427554,2024-04-04T12:22:04.488814
166,CUST-00166,Lisa,Thompson,Lisa Thompson,chelseywhite@example.com,328-263-9174,94707 Denise Alley,Lake Peterberg,UT,43732,US,SMB,Healthcare,Active,Paid Search,2018-06-27,94022.85,0,2024-05-01T04:51:30.908301,2024-07-29T07:38:23.896108
167,CUST-00167,Zachary,Case,Zachary Case,upowell@example.org,+1-730-667-1985,15851 Hodges Highway Apt. 280,Guerreroport,UT,51632,US,Mid-Market,Media,Inactive,Partner,2021-06-08,170609.19,0,2024-04-10T08:29:06.176154,2024-08-18T19:20:24.837473
168,CUST-00168,Michael,Miller,Michael Miller,donaldlee@example.net,001-937-261-8478,0506 Jason Shoal,Bentleyside,FL,97632,US,Mid-Market,Retail,Active,Partner,2022-06-06,217774.48,0,2022-01-20T19:23:00.153723,2024-12-04T11:34:55.525594
169,CUST-00169,Benjamin,Thomas,Benjamin Thomas,nmeadows@example.org,420.320.4179,79931 Ronald Valleys,Nguyenshire,ND,18501,US,Consumer,Real Estate,Active,Referral,2022-07-30,115556.9,0,2020-04-01T23:36:35.863521,2024-12-19T01:51:28.630806
170,CUST-00170,Jason,Williams,Jason Williams,martinezdonald@example.com,(358)827-3902,71002 Jasmine Ramp,Robertfort,UT,17133,US,Consumer,Manufacturing,Prospect,Organic,2019-03-20,224777.68,1,2019-06-11T22:41:32.816991,2024-08-22T04:13:44.333704
171,CUST-00171,Alexandra,Jenkins,Alexandra Jenkins,carlsonjennifer@example.net,345-760-8331,3403 Laura Spur,Jimenezburgh,TN,06152,US,SMB,Media,Active,Organic,2024-07-25,110711.58,0,2018-05-19T02:16:11.904830,2024-05-13T07:04:18.907628
172,CUST-00172,Jason,King,Jason King,vwilliams@example.org,+1-922-707-8113,53153 Joel Loop Apt. 631,Richardston,FM,57630,US,SMB,Government,Prospect,Paid Search,2022-04-26,114480.54,0,2019-01-06T11:16:38.594045,2024-12-05T14:33:37.551003
173,CUST-00173,Spencer,Hughes,Spencer Hughes,crystalcantrell@example.org,620-490-4217x76253,831 Vincent Overpass,New Thomas,NH,37092,US,Mid-Market,Government,Inactive,Organic,2018-12-15,59682.82,0,2018-02-07T01:43:28.567524,2024-06-05T16:31:17.256272
174,CUST-00174,Monique,Wright,Monique Wright,patriciavargas@example.org,001-806-900-7806,7318 Heather Lodge,East Michael,IA,85388,US,SMB,Manufacturing,Active,Event,2021-01-14,99253.53,0,2024-12-28T07:41:26.113296,2024-01-06T19:55:50.032454
175,CUST-00175,Elizabeth,Martin,Elizabeth Martin,braysteven@example.org,001-862-657-0165x804,195 Zachary Spring,Pamelaville,MS,48419,US,Enterprise,Real Estate,Prospect,Social Media,2021-03-19,208293.31,0,2021-04-04T10:36:24.380618,2024-01-15T23:02:24.568362
176,CUST-00176,Michael,Wong,Michael Wong,devonrogers@example.net,879-633-5548,55778 Theodore Place,Shannonstad,AS,88752,US,Mid-Market,Real Estate,Active,Referral,2022-12-07,159336.16,0,2024-08-13T08:29:25.199011,2024-10-23T00:27:46.729389
177,CUST-00177,Shelley,Jones,Shelley Jones,zmiller@example.org,811-424-1272x3804,6704 Bryan Well Apt. 856,Dianamouth,NM,78273,US,Mid-Market,Finance,Prospect,Event,2024-03-29,10335.93,1,2022-08-29T22:13:49.209327,2024-07-13T00:58:48.588956
178,CUST-00178,Amy,Ellis,Amy Ellis,george43@example.com,(440)425-4729x284,31059 Scott Land,East Anna,AZ,87736,US,Enterprise,Real Estate,Active,Event,2021-12-20,33287.25,0,2020-03-21T02:35:53.847201,2024-05-05T20:21:07.850685
179,CUST-00179,Nathan,Fernandez,Nathan Fernandez,david06@example.com,001-927-752-0885x474,702 Kyle Locks,South Michael,MD,07714,US,SMB,Government,Active,Referral,2019-02-20,33473.87,0,2022-04-04T10:25:40.099866,2024-03-12T10:11:43.340995
180,CUST-00180,Alicia,Harrington,Alicia Harrington,andrewryan@example.com,+1-818-763-7599x8056,0455 Madden Well Apt. 376,Robertschester,VA,54790,US,SMB,Retail,Active,Social Media,2023-05-15,241862.33,0,2018-12-23T17:38:24.662712,2024-08-02T21:47:22.969151
181,CUST-00181,Christopher,Clark,Christopher Clark,carl96@example.org,5644628792,8704 Snyder Streets Suite 300,West Kevin,SC,83936,US,SMB,Finance,Inactive,Organic,2021-04-28,35618.88,0,2021-04-22T19:33:55.752909,2024-08-27T07:05:35.332169
182,CUST-00182,Patricia,Butler,Patricia Butler,anthonyhubbard@example.com,395-797-9647,2902 Murray Square,West Frank,KY,47839,US,Consumer,Media,Active,Organic,2021-06-11,197775.15,0,2020-12-08T06:40:01.676290,2024-11-29T19:55:37.173292
183,CUST-00183,Michael,Roberts,Michael Roberts,palmerkatie@example.org,001-419-228-5544x518,457 Peterson Estates,East Ericbury,MP,25197,US,SMB,Media,Active,Social Media,2021-09-15,92462.12,0,2023-07-26T07:01:39.857704,2024-07-23T11:13:38.652151
184,CUST-00184,Hannah,Cisneros,Hannah Cisneros,butlersabrina@example.org,(707)454-5279,13223 Martinez Curve Apt. 611,Port Toddchester,AZ,26237,US,Consumer,Education,Active,Event,2023-12-03,58838.56,0,2018-10-03T13:56:58.103196,2024-10-17T06:11:48.176232
185,CUST-00185,William,Brown,William Brown,bradley40@example.org,493-693-2501,2893 Cory Prairie Apt. 833,Georgeside,AL,95573,US,SMB,Real Estate,Active,Event,2018-10-31,16272.65,1,2018-09-10T05:46:36.178224,2024-03-19T07:54:40.155090
186,CUST-00186,William,Zimmerman,William Zimmerman,scottrosario@example.org,(466)938-3615x171,480 Mark Crescent Suite 479,Gloriamouth,IN,73103,US,SMB,Government,Active,Referral,2020-07-25,11814.03,0,2020-11-07T00:19:13.924135,2024-12-26T11:54:32.726982
187,CUST-00187,Ronnie,Gates,Ronnie Gates,xcrosby@example.org,8718678112,215 Matthew Ranch,Martinezchester,VA,65920,US,SMB,Logistics,Active,Organic,2024-04-05,59082.61,0,2019-12-13T21:25:42.871131,2024-09-18T03:19:46.573871
188,CUST-00188,Bonnie,Nelson,Bonnie Nelson,qkelly@example.net,(278)342-7114x7732,70269 Hernandez Road,Port Charleshaven,WI,65013,US,Consumer,Logistics,Active,Event,2023-07-11,237370.5,1,2023-07-20T05:18:57.368515,2024-03-14T21:46:06.711974
189,CUST-00189,Ebony,Henry,Ebony Henry,lisa88@example.org,001-606-416-7567x700,2467 Ashley Overpass Suite 782,South Joseshire,MS,81364,US,Mid-Market,Government,Prospect,Organic,2019-10-31,208506.42,1,2022-09-26T02:27:59.779742,2024-10-07T12:40:45.194780
190,CUST-00190,Justin,Brown,Justin Brown,marybailey@example.net,001-705-261-6556,34911 Wilson Extension,New Markmouth,TN,55875,US,SMB,Healthcare,Prospect,Paid Search,2022-02-18,54708.79,1,2021-12-22T22:25:21.694674,2024-11-25T21:59:02.689229
191,CUST-00191,Joseph,Dominguez,Joseph Dominguez,nicholas65@example.net,671-735-7852,71834 Williams Ports Suite 391,New Matthewland,OK,70108,US,Mid-Market,Education,Active,Event,2022-02-11,92150.07,0,2021-04-29T18:51:45.768667,2024-03-17T18:20:55.570654
192,CUST-00192,Laura,Pearson,Laura Pearson,ryan85@example.org,(964)698-7820x82973,083 Ford Garden Apt. 466,Michelleland,SC,27181,US,Enterprise,Government,Active,Referral,2020-02-11,242067.62,1,2023-12-03T06:59:54.964008,2024-04-07T16:45:17.710397
193,CUST-00193,Justin,Martin,Justin Martin,richardwilson@example.org,5344778660,04482 Tamara Oval Apt. 015,Michellechester,MH,48137,US,Enterprise,Technology,Prospect,Event,2022-10-22,149487.92,0,2022-09-13T19:03:06.021962,2024-11-20T04:09:31.641217
194,CUST-00194,Randy,Larsen,Randy Larsen,danielnavarro@example.org,898.547.1391x55963,23476 Roy Centers,Fergusonville,MD,72032,US,Enterprise,Education,Active,Referral,2023-11-25,196851.04,0,2020-12-19T04:26:27.894598,2024-09-06T21:10:28.283319
195,CUST-00195,Sylvia,Suarez,Sylvia Suarez,thomas54@example.org,+1-990-803-4864x5183,4413 Clark Estates,Welchchester,WY,04941,US,Enterprise,Media,Active,Partner,2024-07-22,54379.86,0,2019-12-02T10:29:47.873818,2024-01-30T07:33:02.203504
196,CUST-00196,Kimberly,Vasquez,Kimberly Vasquez,jennifer12@example.net,981-456-9857x002,3459 Daniel Gateway,Port Brooke,MT,42365,US,SMB,Retail,Churned,Organic,2023-02-27,69680.07,0,2021-02-28T00:11:46.943630,2024-11-15T16:52:31.191592
197,CUST-00197,Dennis,Thompson,Dennis Thompson,lauren31@example.com,(926)569-3008x931,206 Burke Drive Apt. 529,North Jenniferchester,WI,59969,US,Mid-Market,Media,Active,Referral,2022-02-24,27926.62,0,2023-10-16T11:16:52.079696,2024-06-29T20:36:18.290633
198,CUST-00198,Jeffrey,Harris,Jeffrey Harris,keith76@example.org,(939)534-3626x20443,710 Anderson Islands Suite 366,Charlesside,AR,07331,US,Mid-Market,Healthcare,Active,Referral,2024-08-15,147418.8,0,2020-04-30T19:07:10.878511,2024-03-26T22:50:49.941391
199,CUST-00199,Rebekah,Barajas,Rebekah Barajas,smithwilliam@example.com,965-428-0924x2875,8624 Lawrence Crossroad,Savageview,WA,47764,US,Mid-Market,Manufacturing,Active,Referral,2024-07-28,185558.66,0,2024-06-25T11:05:06.480339,2024-04-13T13:13:03.590255
200,CUST-00200,Natalie,Austin,Natalie Austin,zachary62@example.com,001-672-487-0320x320,1707 Zhang Points Suite 771,North Michael,IL,37740,US,Enterprise,Logistics,Inactive,Paid Search,2023-05-01,128552.87,0,2019-04-07T18:05:53.226419,2024-03-02T14:18:11.858932
201,CUST-00201,William,Nelson,William Nelson,brandybonilla@example.net,001-392-761-3715x041,17774 Mark Cape,Nguyenshire,DC,28205,US,Consumer,Media,Active,Partner,2024-03-27,11319.58,0,2024-01-16T12:58:38.624202,2024-10-20T08:53:06.526692
202,CUST-00202,Justin,Yates,Justin Yates,qdavis@example.org,461.303.2664,6492 Wade Village Suite 837,Mcclurefort,KY,74302,US,Consumer,Healthcare,Active,Social Media,2023-03-17,211900.99,1,2022-03-15T11:18:10.573334,2024-02-03T00:30:47.222892
203,CUST-00203,Roberto,Richardson,Roberto Richardson,gdavis@example.com,632.478.8147x617,438 Phillips Causeway,North Williamhaven,NE,54636,US,Enterprise,Logistics,Prospect,Social Media,2019-04-22,18835.93,0,2018-08-30T12:02:55.436851,2024-08-29T20:57:09.182103
204,CUST-00204,Ashley,King,Ashley King,mackallen@example.net,+1-672-726-0164x5977,21941 Ferguson Avenue,Wilsonburgh,SD,63038,US,SMB,Real Estate,Active,Organic,2019-10-14,31984.8,0,2021-03-22T04:14:24.479993,2024-05-28T06:19:28.537600
205,CUST-00205,Diane,Garner,Diane Garner,christine95@example.net,+1-464-512-2031x0303,831 Carrillo Drive Suite 601,East Joanne,NV,64077,US,Consumer,Real Estate,Churned,Paid Search,2023-01-30,113702.0,1,2021-04-20T03:02:00.247616,2024-11-10T16:27:07.116302
206,CUST-00206,Brenda,Harris,Brenda Harris,awilliams@example.org,+1-966-579-9840x7678,069 Tran Grove,Smallville,NM,82119,US,Enterprise,Finance,Prospect,Event,2021-12-26,219487.7,0,2024-07-27T23:50:12.544493,2024-05-06T21:58:33.498601
207,CUST-00207,Heidi,Smith,Heidi Smith,taylorkim@example.net,795.997.2466,341 Anderson Flats,New Travis,WY,55024,US,Consumer,Logistics,Active,Social Media,2020-01-07,85063.44,1,2024-08-07T10:44:50.698573,2024-06-29T16:52:51.924894
208,CUST-00208,Jimmy,Hawkins,Jimmy Hawkins,nicole52@example.org,701.256.1931x83745,89107 Estes Throughway Apt. 199,Port Annahaven,CT,22396,US,Consumer,Government,Prospect,Organic,2024-12-29,78480.81,0,2022-05-30T02:11:15.609672,2024-11-14T17:43:02.859460
209,CUST-00209,Rhonda,Moore,Rhonda Moore,fgill@example.net,225-552-1376,4821 Watson Throughway Suite 532,Cobbberg,AS,56707,US,SMB,Education,Active,Event,2020-01-17,230784.77,0,2020-11-22T16:11:14.581013,2024-05-29T19:22:23.021552
210,CUST-00210,Stephen,Phelps,Stephen Phelps,sherry72@example.org,001-481-215-5626x060,6845 Smith Harbors Apt. 673,Terryfurt,WI,26360,US,Enterprise,Finance,Active,Social Media,2023-07-25,24592.83,0,2024-03-01T18:30:39.308769,2024-01-31T20:19:25.068468
211,CUST-00211,Amanda,Price,Amanda Price,abigailfernandez@example.org,688-548-5200,681 Mckenzie Green Suite 101,Evanstown,NH,44931,US,Mid-Market,Media,Active,Partner,2023-01-12,239177.84,0,2024-11-17T10:07:09.503287,2024-10-21T18:31:27.644042
212,CUST-00212,Vanessa,Cunningham,Vanessa Cunningham,michaelmitchell@example.net,001-526-783-1589,26611 Roger Curve Suite 371,Ericafurt,OR,73766,US,Enterprise,Government,Active,Event,2024-04-04,235311.9,1,2021-08-19T10:09:43.359438,2024-05-24T11:46:09.342929
213,CUST-00213,Joseph,Porter,Joseph Porter,fbarker@example.net,(222)482-7728x81377,96115 Williams Drives Apt. 545,Kellytown,WY,19227,US,Enterprise,Manufacturing,Churned,Paid Search,2020-12-18,88235.72,0,2018-12-30T07:25:27.274301,2024-08-03T19:15:33.697791
214,CUST-00214,Brandon,Shannon,Brandon Shannon,isaacsingh@example.org,985-710-6794,9228 Gill Shores Suite 251,Hughesfurt,MA,71410,US,Mid-Market,Logistics,Active,Organic,2024-03-22,87853.44,0,2018-04-28T02:45:52.406191,2024-09-02T09:10:43.270383
215,CUST-00215,Scott,Ramirez,Scott Ramirez,jasminearmstrong@example.net,981-281-3989x0983,820 Buchanan Gardens,Millerside,PA,42500,US,Enterprise,Manufacturing,Churned,Referral,2018-08-15,201901.73,0,2020-10-23T23:53:17.684877,2024-01-17T11:08:10.783232
216,CUST-00216,Michelle,Johnson,Michelle Johnson,hjohnson@example.com,(641)811-8242x2412,95200 Price Island,South Patricia,KS,49720,US,SMB,Healthcare,Active,Paid Search,2021-01-22,175823.34,0,2024-08-03T16:07:51.935560,2024-11-25T05:13:16.341595
217,CUST-00217,Brett,Allen,Brett Allen,trevorgoodwin@example.com,240-857-8617,48913 Kevin Lodge,Millerhaven,IL,19161,US,SMB,Education,Active,Referral,2022-03-06,217530.75,1,2020-08-12T04:02:07.597638,2024-12-26T14:57:06.323892
218,CUST-00218,Kimberly,Medina,Kimberly Medina,dwilliams@example.net,620-207-4946x5398,891 Davis Square,Port Donaldside,KY,57119,US,Enterprise,Retail,Prospect,Event,2020-12-19,242966.67,0,2019-06-23T22:23:35.572263,2024-07-03T18:20:27.862768
219,CUST-00219,Laurie,Henson,Laurie Henson,tiffany74@example.org,+1-455-837-9502x0970,8118 Patricia Via Suite 156,Paultown,DE,61147,US,Mid-Market,Government,Inactive,Social Media,2024-08-13,85553.55,0,2020-08-04T22:45:52.044114,2024-03-11T15:13:54.098371
220,CUST-00220,Albert,Paul,Albert Paul,james94@example.net,237.550.4793,49872 Donna Port Apt. 192,East Jordanshire,PR,30380,US,SMB,Education,Churned,Partner,2023-04-23,21696.78,0,2024-03-01T20:15:13.485498,2024-09-23T18:38:51.511026
221,CUST-00221,Joshua,Abbott,Joshua Abbott,erin70@example.com,+1-505-266-4187x7580,8750 Lee Common Apt. 361,East Frank,ME,08738,US,Mid-Market,Retail,Churned,Organic,2018-03-01,168655.19,0,2022-05-20T01:01:05.079137,2024-02-05T09:38:31.341606
222,CUST-00222,Timothy,Morton,Timothy Morton,mary31@example.com,950.358.3199,110 Nicholas Vista Apt. 207,West Cherylchester,CA,13847,US,Consumer,Government,Inactive,Partner,2022-02-23,110790.02,0,2022-09-28T20:30:50.685553,2024-07-23T16:31:21.811091
223,CUST-00223,Kenneth,James,Kenneth James,mhall@example.net,+1-707-567-6991x507,09193 Dana Glens,Robertmouth,HI,32371,US,Mid-Market,Media,Active,Paid Search,2018-09-02,107763.45,0,2018-12-18T21:23:40.100411,2024-01-17T03:07:04.092097
224,CUST-00224,David,Silva,David Silva,larry82@example.org,249.854.5089x2038,33153 Neal Mountain Suite 995,Robertburgh,CT,60047,US,Consumer,Media,Prospect,Paid Search,2021-08-04,11831.63,1,2024-02-18T07:48:52.064621,2024-11-29T06:12:35.749153
225,CUST-00225,Tyler,Mora,Tyler Mora,stevenlewis@example.com,001-356-436-2050x150,3950 James Haven Apt. 342,Melaniebury,HI,26189,US,Enterprise,Healthcare,Active,Paid Search,2022-06-21,236358.36,0,2018-02-24T22:24:25.089117,2024-11-04T11:52:13.438420
226,CUST-00226,Renee,Smith,Renee Smith,hpena@example.com,847.335.5289,23386 Stewart Meadow,North Kathryn,OR,25286,US,SMB,Manufacturing,Active,Organic,2022-09-28,2428.61,1,2023-12-24T22:29:13.919643,2024-04-17T16:06:04.468210
227,CUST-00227,Edgar,Wright,Edgar Wright,monique89@example.com,717.991.2868,55877 Adams Locks Apt. 333,Royfurt,IL,40608,US,Mid-Market,Retail,Inactive,Partner,2022-05-28,176065.98,0,2020-12-22T08:36:07.167081,2024-05-18T00:17:48.291528
228,CUST-00228,Eric,Kirby,Eric Kirby,taylorchristopher@example.com,753.990.7895x67766,6027 Joseph Club Suite 148,Port Joshuabury,CT,16044,US,Enterprise,Government,Prospect,Organic,2019-10-13,109336.79,1,2018-07-02T08:48:47.732484,2024-01-15T00:15:49.275299
229,CUST-00229,James,Gonzalez,James Gonzalez,julie43@example.net,+1-928-440-4456x690,33738 Sharp Mountain Suite 153,Carrillochester,IL,57999,US,Enterprise,Education,Churned,Social Media,2020-04-21,143563.22,1,2021-02-24T03:04:42.291207,2024-07-23T09:23:48.636157
230,CUST-00230,Nicholas,Ray,Nicholas Ray,porterdonna@example.com,736-866-8459x09022,61863 Rodriguez Port Suite 412,Lake Angelaton,GU,90812,US,SMB,Finance,Inactive,Organic,2018-11-25,241566.82,0,2022-03-23T04:45:21.047120,2024-01-10T19:44:57.945854
231,CUST-00231,James,Pruitt,James Pruitt,jessekeller@example.org,805.980.2566x212,3234 Meyers Shores,Mooreshire,ME,77504,US,Consumer,Education,Active,Social Media,2020-09-13,211198.85,0,2019-06-03T19:09:57.347470,2024-09-19T08:07:32.389086
232,CUST-00232,Stephen,Harris,Stephen Harris,zbrown@example.net,385.697.7790,4692 Wright River Suite 762,South Hollyton,IA,21201,US,Consumer,Real Estate,Inactive,Partner,2024-12-08,20122.45,0,2019-12-01T18:31:54.976095,2024-08-17T21:04:58.287056
233,CUST-00233,Kelly,Hendricks,Kelly Hendricks,reginajenkins@example.net,651-518-5672,0176 Reese Walks,South Benjamin,KS,15532,US,SMB,Technology,Active,Referral,2022-11-20,19556.65,0,2022-12-18T11:00:22.222554,2024-02-19T22:50:43.248761
234,CUST-00234,Ellen,Marshall,Ellen Marshall,kelleyjohn@example.com,(674)322-0912,10427 Thompson Station Apt. 837,Port Cynthiahaven,SD,87341,US,Mid-Market,Education,Active,Event,2021-03-25,239576.73,0,2023-01-06T03:28:53.811920,2024-11-24T07:20:05.232997
235,CUST-00235,Peter,Parker,Peter Parker,williamsnicholas@example.org,753.531.0600,12206 Lisa Islands,New Jamie,ND,52282,US,Mid-Market,Finance,Active,Paid Search,2018-05-14,49719.31,0,2024-07-27T21:18:23.393194,2024-02-14T05:08:31.188952
236,CUST-00236,Jason,Kelly,Jason Kelly,avaldez@example.com,573.814.9501,718 Johnathan Court Suite 625,Lake Kathleen,UT,42177,US,Enterprise,Retail,Prospect,Social Media,2019-03-20,116256.29,1,2024-11-04T19:45:10.113799,2024-08-31T21:23:57.318430
237,CUST-00237,Carlos,Smith,Carlos Smith,oreyes@example.net,589.803.0914,102 Jimenez Flats,South James,AZ,31704,US,SMB,Education,Active,Social Media,2024-05-20,17537.42,1,2024-06-18T05:36:36.924376,2024-08-06T21:29:32.844335
238,CUST-00238,Sonya,Stevenson,Sonya Stevenson,lonnie08@example.com,+1-840-735-5338x0339,0171 Brett Divide,East Christopher,OR,72439,US,SMB,Manufacturing,Churned,Organic,2020-04-20,88309.58,0,2023-10-26T14:24:48.882175,2024-12-07T01:02:33.615561
239,CUST-00239,Joel,Miller,Joel Miller,frank33@example.com,(993)344-9734,6277 Wagner Street Suite 270,Simmonsland,WV,39852,US,SMB,Logistics,Inactive,Organic,2023-01-28,14694.07,0,2022-03-02T06:55:41.282108,2024-02-25T22:11:01.893017
240,CUST-00240,Jessica,Scott,Jessica Scott,jcampbell@example.net,815.827.3230x0857,567 Davidson Radial Apt. 601,Frederickburgh,ID,57687,US,Enterprise,Finance,Churned,Partner,2021-03-31,127013.42,1,2024-09-12T08:09:02.876813,2024-10-09T06:50:20.425823
241,CUST-00241,Karen,Bailey,Karen Bailey,heather66@example.net,937.405.0249,99201 Dawn Lights Suite 918,South Gabriel,NE,33645,US,Enterprise,Logistics,Churned,Event,2022-12-18,47465.75,1,2022-11-04T08:02:11.741828,2024-07-02T05:40:54.061285
242,CUST-00242,Amanda,Tanner,Amanda Tanner,ugoodwin@example.org,495-924-3640,16864 Jackson Landing,Lake Dennis,NM,24354,US,Mid-Market,Healthcare,Inactive,Organic,2022-02-07,202836.22,0,2021-07-08T16:20:16.963499,2024-02-10T08:19:58.036085
243,CUST-00243,Ashley,Lewis,Ashley Lewis,lisalee@example.com,291.521.4161x415,1004 Elizabeth Turnpike Apt. 138,South Carrieview,NM,62528,US,Enterprise,Media,Prospect,Referral,2019-05-29,10265.96,1,2023-04-19T15:59:15.057409,2024-08-09T04:47:58.931138
244,CUST-00244,Matthew,Maldonado,Matthew Maldonado,lisa56@example.com,+1-605-551-0762x091,9786 Aaron Route Suite 050,Ericabury,PA,64010,US,Consumer,Media,Churned,Partner,2020-05-26,40107.18,0,2020-10-19T19:44:00.480757,2024-08-12T05:00:40.184162
245,CUST-00245,Christopher,Patterson,Christopher Patterson,shatfield@example.org,001-664-993-2898x027,1783 Jason Terrace,North Ryantown,GA,43296,US,SMB,Government,Inactive,Paid Search,2024-07-08,169884.98,0,2024-04-26T04:04:14.666648,2024-10-07T11:15:24.150574
246,CUST-00246,Jeffrey,Scott,Jeffrey Scott,wadesandra@example.net,001-571-553-9915x668,41115 Julie Crescent Suite 256,West Bryanside,ID,51376,US,SMB,Finance,Active,Organic,2021-05-02,139711.82,1,2024-11-09T11:53:15.412356,2024-04-26T23:44:38.459258
247,CUST-00247,Michael,Shelton,Michael Shelton,danielsmith@example.com,324-637-7294x20954,374 Brown Valleys Suite 233,Port Kimberlyfort,VA,51856,US,SMB,Manufacturing,Prospect,Event,2023-07-30,241120.3,0,2020-02-04T12:05:57.926910,2024-10-25T07:04:00.587681
248,CUST-00248,Rita,Moore,Rita Moore,rrogers@example.com,(766)218-4438x612,2927 Carter Drive Apt. 330,Jessicashire,CT,89409,US,SMB,Finance,Churned,Event,2018-02-25,35786.38,0,2023-07-01T17:39:58.077614,2024-11-10T04:27:20.840307
249,CUST-00249,Nicholas,Mcgrath,Nicholas Mcgrath,saradavis@example.com,(501)285-9626,67492 Parsons Underpass,Port Stevenfurt,KY,83382,US,SMB,Government,Active,Partner,2022-10-03,177354.09,0,2022-07-28T13:37:23.340647,2024-05-14T10:33:56.604468
250,CUST-00250,David,Miller,David Miller,andrewberry@example.net,341.492.6764x9215,068 Brown Villages Apt. 312,North Angela,AS,41696,US,SMB,Media,Inactive,Event,2021-06-04,198019.66,0,2018-11-11T12:05:27.890428,2024-02-17T03:31:10.778011
251,CUST-00251,Jamie,Martin,Jamie Martin,millerdavid@example.com,(482)960-3408x487,598 Hailey Shore Apt. 303,West Melissa,IL,18091,US,Enterprise,Government,Churned,Paid Search,2021-12-08,5048.52,0,2022-03-20T01:56:42.995670,2024-03-20T01:41:42.267504
252,CUST-00252,Michael,Anderson,Michael Anderson,piercejorge@example.net,(367)614-6283,598 Robert Drives,Victoriachester,MS,03897,US,Mid-Market,Technology,Active,Social Media,2022-05-10,48405.31,0,2024-09-30T00:42:06.699356,2024-03-31T14:01:10.820429
253,CUST-00253,Joseph,Schmidt,Joseph Schmidt,ojones@example.org,(354)423-4016x361,718 Graves Way Suite 849,North Georgefurt,HI,45743,US,Mid-Market,Finance,Active,Organic,2022-10-15,127168.58,0,2023-08-23T08:28:40.786057,2024-09-05T01:53:58.493771
254,CUST-00254,Kristina,Arnold,Kristina Arnold,iwoods@example.com,7825226940,727 Lindsey Parkway Suite 468,West Cynthia,CO,40564,US,SMB,Real Estate,Active,Partner,2024-03-04,94491.61,0,2020-11-05T01:14:34.579696,2024-04-24T11:04:51.738956
255,CUST-00255,Christopher,Miller,Christopher Miller,martinbrian@example.net,287-506-8277x8816,685 Virginia Shore,New Shaneburgh,TX,69119,US,Mid-Market,Real Estate,Active,Event,2023-02-09,109699.51,1,2024-04-29T02:37:20.964137,2024-03-04T23:34:04.399985
256,CUST-00256,Michael,Anderson,Michael Anderson,hendersonnicholas@example.com,653-581-4474,963 Hickman Row,South Patriciafort,AR,47129,US,SMB,Technology,Inactive,Partner,2020-06-22,71589.52,1,2018-01-16T01:23:02.016539,2024-06-17T11:44:54.412154
257,CUST-00257,Kenneth,Rodriguez,Kenneth Rodriguez,richardsmith@example.com,931.888.2617x0243,5628 Rodriguez Mill Suite 225,Smithborough,DE,25347,US,Mid-Market,Media,Active,Paid Search,2020-06-12,241416.36,1,2019-12-30T04:53:28.056025,2024-02-18T22:14:52.920086
258,CUST-00258,Robert,Rivera,Robert Rivera,stacymoyer@example.com,867-487-2568,02258 Katrina Freeway,Lake Mariachester,PA,97157,US,Mid-Market,Education,Prospect,Partner,2018-03-22,246117.73,1,2018-01-21T12:31:27.320373,2024-06-24T18:00:55.553878
259,CUST-00259,Justin,Miller,Justin Miller,jessicalopez@example.com,001-514-336-3718x923,0432 Smith Flats,Port Brentchester,NC,40667,US,SMB,Government,Churned,Partner,2021-01-01,104955.88,0,2022-11-25T14:32:42.725591,2024-12-24T17:24:43.966707
260,CUST-00260,Jeffrey,Simmons,Jeffrey Simmons,tschneider@example.org,754-556-3502x000,4916 Johnny Overpass Suite 541,Lake Alexanderside,WI,17580,US,Mid-Market,Real Estate,Active,Paid Search,2018-06-06,13518.86,1,2020-04-26T13:51:09.292726,2024-09-28T07:30:35.388726
261,CUST-00261,Michael,Maxwell,Michael Maxwell,john43@example.net,(711)629-1093x3711,82023 Pierce Glen Suite 571,Joneschester,NC,66544,US,SMB,Media,Active,Event,2021-09-13,211550.12,0,2023-07-15T12:03:36.177407,2024-03-02T02:21:29.390632
262,CUST-00262,Joshua,Ponce,Joshua Ponce,bauerheather@example.net,(678)581-2786x8669,29390 Gordon Stravenue,Kevinbury,LA,93333,US,SMB,Finance,Active,Paid Search,2020-01-11,112605.15,0,2019-11-18T07:45:46.167017,2024-02-13T14:12:15.220931
263,CUST-00263,Jeffrey,Ferguson,Jeffrey Ferguson,sheriramirez@example.org,603-438-1059x551,450 Madison Forges Suite 240,Lake Juliefurt,SD,34231,US,Consumer,Finance,Active,Social Media,2020-01-16,221215.13,0,2024-02-02T18:51:43.078493,2024-08-20T03:44:23.547614
264,CUST-00264,Andrea,Montoya,Andrea Montoya,james62@example.com,465.427.1727,724 Kyle Fall,Mcdanielborough,CA,19312,US,Consumer,Healthcare,Inactive,Partner,2019-07-18,93803.39,1,2018-07-04T03:45:17.338142,2024-03-30T18:18:34.857305
265,CUST-00265,Regina,Waller,Regina Waller,jessicamorton@example.net,366-601-0023,900 Amy Viaduct,Melissaland,ID,18750,US,Enterprise,Education,Active,Organic,2018-09-14,80011.88,0,2021-05-12T23:13:03.398401,2024-07-25T00:05:06.876864
266,CUST-00266,Sean,Martin,Sean Martin,johnstephens@example.com,+1-581-200-1841x8620,6254 Sandra Spur,Mcdanielville,NM,22725,US,SMB,Retail,Active,Organic,2020-04-27,72076.41,1,2024-12-07T09:40:31.696813,2024-03-23T04:12:18.953241
267,CUST-00267,Stephanie,Campbell,Stephanie Campbell,david10@example.net,(626)685-9262,47541 Michelle Drive Apt. 526,Griffithfort,GU,09323,US,Mid-Market,Logistics,Inactive,Partner,2018-07-14,1810.17,0,2018-10-17T05:56:04.276936,2024-06-05T10:44:54.806304
268,CUST-00268,Jessica,Thomas,Jessica Thomas,huntercruz@example.com,967.569.5236x6878,96893 Joe Alley Apt. 058,Rosarioville,AR,46290,US,Enterprise,Manufacturing,Active,Referral,2020-04-05,137426.66,1,2020-07-11T08:30:21.745254,2024-11-06T20:30:25.177513
269,CUST-00269,Kimberly,Taylor,Kimberly Taylor,osanchez@example.org,001-421-226-0650x191,2131 Ashley Via,Hernandezburgh,NJ,97960,US,Enterprise,Manufacturing,Active,Paid Search,2021-03-22,30901.16,0,2018-12-25T03:03:17.833833,2024-07-12T01:07:16.073332
270,CUST-00270,Stacy,Harrison,Stacy Harrison,sharrington@example.org,612-600-9282x0667,2418 Spence Crossroad,South Christine,IN,51919,US,Consumer,Real Estate,Inactive,Organic,2023-01-21,28159.04,1,2019-04-15T12:30:38.857906,2024-09-30T00:49:35.607412
271,CUST-00271,Anita,Skinner,Anita Skinner,pwoods@example.net,(762)205-6341x1159,2811 Carla Throughway,Jacobborough,SC,04743,US,Enterprise,Media,Churned,Referral,2023-09-19,179776.81,0,2019-09-07T07:07:10.775638,2024-02-01T02:59:08.489651
272,CUST-00272,Ashley,Williams,Ashley Williams,uwilliams@example.org,805-346-8356x5215,96790 Martin Springs,Millerland,VT,30853,US,Consumer,Healthcare,Churned,Paid Search,2024-11-26,60520.78,1,2024-03-10T12:45:37.670570,2024-10-22T12:52:10.133681
273,CUST-00273,Destiny,Mack,Destiny Mack,seth25@example.com,(996)306-3399x129,48171 Edwards Hill,North Joshua,MN,46817,US,Mid-Market,Finance,Churned,Paid Search,2019-02-16,17385.99,0,2018-08-17T01:40:42.935683,2024-03-06T13:58:19.353711
274,CUST-00274,Kelsey,Scott,Kelsey Scott,kathryn72@example.org,001-970-754-6692,1687 Rich Springs Apt. 903,East Melissaport,MS,21237,US,Consumer,Logistics,Active,Event,2021-04-24,97026.89,0,2021-12-28T06:16:59.900683,2024-11-08T12:02:08.199319
275,CUST-00275,Jeffrey,Sawyer,Jeffrey Sawyer,steven87@example.org,721-766-3651,71470 Stacy Drive Apt. 590,Brownstad,WY,56876,US,SMB,Healthcare,Active,Organic,2022-09-07,86528.22,0,2024-11-06T04:50:06.619428,2024-03-19T02:41:18.888426
276,CUST-00276,Jason,Johnson,Jason Johnson,onelson@example.org,521-646-1476,16542 Michael Manor,Alvarezburgh,UT,57751,US,SMB,Retail,Active,Paid Search,2023-04-24,136730.43,0,2020-06-25T14:14:56.918206,2024-09-10T14:26:46.393906
277,CUST-00277,Paul,Smith,Paul Smith,christiancontreras@example.net,(355)802-7275,072 Fowler Prairie Apt. 033,Hortonburgh,PA,49988,US,Consumer,Logistics,Prospect,Referral,2023-06-25,202968.67,0,2019-07-07T10:43:32.231495,2024-03-17T18:33:32.006030
278,CUST-00278,James,Frazier,James Frazier,lisa04@example.com,917.876.6558x68512,89286 Mitchell Shoals Suite 491,Port Maryland,SD,02654,US,Consumer,Healthcare,Active,Referral,2024-09-07,11429.67,0,2022-04-25T03:52:34.447400,2024-05-30T12:40:50.053704
279,CUST-00279,Tyler,Walton,Tyler Walton,schultzwesley@example.org,+1-846-833-7861x3715,3844 Parker Underpass,Nuneztown,MH,54837,US,Enterprise,Education,Active,Partner,2024-06-27,99856.9,1,2018-03-25T12:23:28.754343,2024-01-10T14:33:07.347881
280,CUST-00280,Krystal,Randall,Krystal Randall,matthew96@example.org,+1-863-496-0962,8263 Jennifer Crossroad Apt. 964,West James,CO,03861,US,SMB,Healthcare,Prospect,Referral,2021-08-19,71884.67,0,2021-01-23T01:09:22.342173,2024-08-18T04:12:21.616093
281,CUST-00281,Brittney,Johnson,Brittney Johnson,armstronganthony@example.net,(575)823-3438,041 Courtney Route Apt. 179,North Donaldview,MH,24176,US,SMB,Manufacturing,Active,Paid Search,2022-12-14,109519.37,1,2018-08-26T03:19:15.378348,2024-06-29T21:26:54.706434
282,CUST-00282,Michael,Massey,Michael Massey,apope@example.org,213.366.5722x4029,7998 Eric Streets Suite 139,New Andrewhaven,WV,20469,US,Consumer,Government,Active,Referral,2020-09-25,124302.71,1,2019-07-07T21:06:27.762278,2024-05-13T13:11:57.879303
283,CUST-00283,Rachel,Johnson,Rachel Johnson,lunashelby@example.com,573-615-8477x686,46199 Martin Ford,Hamiltonmouth,NE,78663,US,SMB,Media,Active,Organic,2018-12-21,181906.79,0,2023-03-25T12:49:50.686912,2024-10-25T14:47:49.491574
284,CUST-00284,Cindy,Lawson,Cindy Lawson,nathaniel17@example.org,8842964985,56253 Jason Landing,Dustinmouth,DE,01763,US,Consumer,Real Estate,Active,Partner,2021-01-02,73794.72,0,2020-03-25T07:31:56.185103,2024-01-04T23:45:16.551386
285,CUST-00285,Mark,Marshall,Mark Marshall,annacruz@example.net,883.818.4919,3307 Williams Harbor Suite 117,New Mark,MS,31489,US,Enterprise,Education,Prospect,Paid Search,2023-07-26,76970.72,1,2022-01-13T07:31:45.274577,2024-04-14T07:45:51.315075
286,CUST-00286,Dawn,Chase,Dawn Chase,zmitchell@example.org,+1-680-650-1716,6185 Salazar Lock Suite 771,Sharonville,AK,29863,US,Mid-Market,Logistics,Active,Social Media,2024-11-30,11067.61,0,2018-05-03T06:20:36.717568,2024-01-04T19:19:07.327637
287,CUST-00287,Daniel,Morris,Daniel Morris,fperez@example.org,001-858-600-4010x414,97125 Karen Vista,Walshville,NC,69653,US,Consumer,Manufacturing,Prospect,Organic,2022-10-24,19222.77,1,2019-09-07T18:40:13.182854,2024-06-23T22:06:33.009297
288,CUST-00288,Tracy,Ramirez,Tracy Ramirez,qperez@example.com,001-515-983-3117x030,71539 Hodges Inlet Suite 281,East Sabrina,MS,59802,US,SMB,Media,Prospect,Event,2023-05-29,40416.69,0,2024-01-28T05:55:45.954428,2024-07-06T22:16:05.339667
289,CUST-00289,Kimberly,Lopez,Kimberly Lopez,ginalynn@example.net,+1-912-771-1307x2407,81563 Randy Meadows Suite 074,Coreyfurt,VA,55890,US,Mid-Market,Real Estate,Prospect,Social Media,2019-12-12,9182.34,0,2019-05-11T16:32:30.102089,2024-03-10T08:07:32.096019
290,CUST-00290,Gregory,Hill,Gregory Hill,drodriguez@example.net,313.310.0943,96661 Jessica Square Suite 732,West Dana,VT,78660,US,Mid-Market,Education,Active,Social Media,2022-04-02,237392.04,0,2020-01-07T01:45:40.381495,2024-01-02T03:17:26.700413
291,CUST-00291,Jackson,Velez,Jackson Velez,melissa32@example.com,+1-312-425-7207x6502,579 Tracy Gateway,Rodrigueztown,OK,89636,US,Mid-Market,Logistics,Active,Paid Search,2022-05-10,111262.85,0,2024-12-06T11:54:04.716905,2024-11-01T17:47:37.427357
292,CUST-00292,Alicia,Jackson,Alicia Jackson,garcialinda@example.com,775.984.7457x054,8026 Donna Divide,Tylerbury,OK,97626,US,Mid-Market,Media,Active,Social Media,2019-01-10,78939.17,0,2022-11-14T11:31:42.712553,2024-06-06T15:26:56.279979
293,CUST-00293,Jamie,Davis,Jamie Davis,rfowler@example.net,+1-287-782-4556x9644,7954 Tara Parks,South Erin,NC,38483,US,Mid-Market,Finance,Active,Event,2024-06-11,46918.99,1,2022-05-14T10:05:19.213734,2024-08-31T03:23:22.922031
294,CUST-00294,Kevin,Roberts,Kevin Roberts,chavezjeff@example.net,607-440-6500,8821 Thomas Street Apt. 691,Jefferyfort,MI,33102,US,Enterprise,Manufacturing,Active,Event,2023-08-07,111845.14,0,2023-09-06T17:28:56.407773,2024-08-21T03:48:00.699797
295,CUST-00295,Roberto,Rasmussen,Roberto Rasmussen,samantha94@example.org,001-565-692-3426,49782 Patton Village Suite 128,Bensonhaven,TX,93902,US,Consumer,Technology,Active,Referral,2018-09-08,213280.16,1,2020-07-02T22:05:55.593866,2024-05-09T15:14:19.510141
296,CUST-00296,Steven,Ali,Steven Ali,bernardrobert@example.org,+1-843-498-5298x940,078 Combs Corner Apt. 415,Port Kellyfort,UT,43926,US,Mid-Market,Logistics,Active,Event,2021-03-25,241906.53,0,2024-01-19T04:29:08.339090,2024-02-14T10:45:09.039053
297,CUST-00297,Brenda,Dixon,Brenda Dixon,zacharyhart@example.com,(332)344-0793,91813 Dale Burg,Myersville,ME,53527,US,SMB,Finance,Churned,Partner,2023-01-07,72945.39,0,2021-05-21T09:17:26.522280,2024-03-08T08:38:31.168669
298,CUST-00298,Jimmy,Abbott,Jimmy Abbott,nvillarreal@example.org,(320)922-3288x37744,466 Steven Via Suite 204,Wilsonfurt,AL,76593,US,Mid-Market,Retail,Active,Partner,2019-10-28,56448.28,0,2020-02-13T20:36:20.672268,2024-08-24T02:38:14.454753
299,CUST-00299,Patricia,Harvey,Patricia Harvey,sydney77@example.com,3254883586,9572 Glover Shoals,Sandraland,PW,85060,US,Mid-Market,Technology,Inactive,Organic,2018-04-19,90543.68,0,2021-05-21T10:49:57.017779,2024-12-18T07:04:59.537512
300,CUST-00300,Catherine,White,Catherine White,david59@example.net,(999)761-0023x117,312 Campos Manor,North Cherylville,AZ,98796,US,Consumer,Media,Active,Partner,2022-12-16,221119.49,0,2018-07-06T06:51:16.791066,2024-10-06T09:17:00.699192
301,CUST-00301,Catherine,Pittman,Catherine Pittman,daniel76@example.org,+1-598-333-4774x3326,130 Patricia Lake,Carrollland,MA,24789,US,SMB,Government,Prospect,Event,2024-06-18,119926.94,1,2022-10-11T02:45:56.930952,2024-12-16T12:49:11.667223
302,CUST-00302,Jessica,Rice,Jessica Rice,ashleywells@example.com,(698)321-7661x912,3098 Johnson View,Sandraview,MS,92680,US,Consumer,Real Estate,Active,Referral,2019-05-01,243108.74,0,2020-07-03T19:20:10.542525,2024-11-15T07:32:06.821897
303,CUST-00303,Eric,Roberts,Eric Roberts,melissafrederick@example.net,669-508-1974x0056,23850 Trevor Valley Apt. 516,New Timothyberg,KY,95309,US,Consumer,Logistics,Prospect,Partner,2021-09-27,86456.44,0,2018-04-17T16:33:30.586011,2024-01-14T00:42:40.121140
304,CUST-00304,William,Santos,William Santos,kimberly30@example.org,8388960870,6821 Wilson Ridges,Michaelmouth,NE,08093,US,Mid-Market,Government,Churned,Organic,2021-01-07,207932.01,0,2019-09-01T18:18:47.723243,2024-02-03T16:02:50.207470
305,CUST-00305,Alejandro,Gutierrez,Alejandro Gutierrez,ritteralexis@example.net,701.702.7240,2967 Diane Club,Shawnaborough,NM,92940,US,SMB,Retail,Active,Paid Search,2023-04-08,233717.09,0,2023-02-23T05:15:05.424787,2024-05-10T15:31:18.589069
306,CUST-00306,Robyn,Robinson,Robyn Robinson,kimberly43@example.net,558-481-0569x741,8315 Barry Freeway,Santosmouth,DE,03291,US,SMB,Media,Active,Organic,2022-12-28,63026.02,0,2021-06-29T04:58:51.915867,2024-01-13T08:30:51.540639
307,CUST-00307,Joshua,Cruz,Joshua Cruz,brownmelissa@example.com,606.267.0336x2680,95493 Matthew Village Suite 601,Farleyport,PR,70593,US,Mid-Market,Manufacturing,Churned,Partner,2023-10-16,23810.39,0,2021-03-30T17:05:58.643095,2024-07-28T13:44:26.974004
308,CUST-00308,Ashley,Stone,Ashley Stone,pmcdonald@example.org,8442138459,4490 Kurt Shore Suite 427,Smithtown,NH,05351,US,Mid-Market,Retail,Prospect,Partner,2019-02-20,180297.88,0,2024-10-04T19:16:46.824594,2024-06-24T18:08:46.610808
309,CUST-00309,Megan,Robinson,Megan Robinson,hillcheryl@example.com,472-444-4723,10287 Williams Stravenue,North Stephanie,KS,34244,US,Enterprise,Healthcare,Active,Organic,2018-05-30,237162.44,0,2018-02-11T04:45:11.731741,2024-11-05T05:52:22.925733
310,CUST-00310,Melissa,Fernandez,Melissa Fernandez,michaeljones@example.com,381-833-5956,05955 Merritt Landing Suite 490,West Bradley,FL,77994,US,Mid-Market,Real Estate,Inactive,Partner,2018-04-25,159928.3,1,2018-03-07T06:26:11.762163,2024-08-10T21:47:27.865721
311,CUST-00311,Lindsey,Dixon,Lindsey Dixon,shelby69@example.org,+1-226-911-3989x8681,4394 Mark Union Suite 375,Lake Johnchester,MN,10946,US,SMB,Manufacturing,Inactive,Referral,2023-06-19,201269.69,1,2020-06-18T16:08:37.957646,2024-07-04T01:34:19.206949
312,CUST-00312,Robin,Valdez,Robin Valdez,ohartman@example.net,(783)769-2944,66829 Chen Trail,East Nancy,AL,22360,US,SMB,Logistics,Active,Event,2022-03-27,15448.3,1,2018-11-05T17:40:15.391021,2024-04-06T09:29:45.094756
313,CUST-00313,Angela,Conrad,Angela Conrad,mollybass@example.org,001-521-628-8665x268,5999 Virginia Cape,Lake Samanthamouth,PW,54093,US,Consumer,Logistics,Inactive,Referral,2023-03-14,85378.05,0,2022-06-01T09:45:28.989468,2024-09-28T02:17:11.975974
314,CUST-00314,Ryan,Todd,Ryan Todd,jenniferlawrence@example.net,920-499-5765,34750 Mitchell Lights Suite 220,South April,OK,81172,US,SMB,Education,Prospect,Paid Search,2022-11-25,243855.84,0,2020-03-14T12:33:11.841611,2024-05-07T03:05:01.977832
315,CUST-00315,Gabriel,Roberts,Gabriel Roberts,nicoleroberts@example.com,+1-213-542-1388x209,0534 Dennis Pike,Port Shawn,PW,14868,US,SMB,Media,Churned,Organic,2021-05-28,80119.41,1,2023-01-05T17:41:44.778974,2024-12-02T10:06:33.696255
316,CUST-00316,David,Oneal,David Oneal,linvictoria@example.net,+1-715-213-1528x5478,85380 John Radial Suite 334,Hernandezburgh,VA,65607,US,Enterprise,Manufacturing,Inactive,Referral,2021-06-14,35648.97,0,2019-12-24T07:47:39.770947,2024-03-13T16:15:53.829785
317,CUST-00317,Nancy,Tapia,Nancy Tapia,aaronjones@example.net,+1-432-606-4969x357,7769 Daniels Hill,East Danielport,MT,59112,US,SMB,Government,Churned,Social Media,2023-12-31,62443.43,0,2020-04-11T17:09:23.061555,2024-08-30T10:40:52.966083
318,CUST-00318,Darrell,Marshall,Darrell Marshall,baileyraymond@example.org,001-777-696-3044x836,6766 Gaines Grove Suite 350,Sethbury,OK,22329,US,SMB,Real Estate,Prospect,Paid Search,2020-03-26,47863.61,0,2021-10-02T01:11:14.965056,2024-10-12T07:35:05.241944
319,CUST-00319,Daniel,Donaldson,Daniel Donaldson,cassidysmith@example.net,5617558108,86342 Rivera Forge,North Barry,AK,99476,US,Consumer,Media,Inactive,Social Media,2022-04-11,219829.38,1,2024-07-31T13:08:56.268774,2024-02-07T12:32:31.543661
320,CUST-00320,Raymond,Washington,Raymond Washington,andrew30@example.com,001-416-362-4111x860,94568 Kevin Mount Apt. 149,Bennettchester,CO,29632,US,Enterprise,Finance,Inactive,Partner,2019-02-06,114579.05,0,2024-10-07T08:40:30.032389,2024-07-24T07:47:28.095672
321,CUST-00321,Timothy,Velez,Timothy Velez,patrickkaiser@example.net,(358)617-3906x3757,11823 Watkins Corner Apt. 697,North Katrina,KS,54484,US,Mid-Market,Real Estate,Active,Organic,2021-09-24,13109.83,1,2020-03-07T01:53:34.437870,2024-05-03T15:50:12.242193
322,CUST-00322,Edward,Morris,Edward Morris,rsavage@example.net,987.387.5357,1620 April Crossing,East Samuel,DE,05620,US,Consumer,Manufacturing,Churned,Organic,2021-12-15,211869.51,1,2024-03-13T08:17:08.903238,2024-06-30T05:42:03.190381
323,CUST-00323,Connie,Warren,Connie Warren,sross@example.org,(744)685-9592x24839,3522 Smith Mall Apt. 271,West Jacquelineborough,UT,12801,US,Mid-Market,Manufacturing,Prospect,Paid Search,2018-12-24,191082.26,0,2021-10-06T10:36:02.863075,2024-05-01T03:48:45.308561
324,CUST-00324,Bruce,Harrison,Bruce Harrison,dana35@example.net,8346469459,92134 Jose Cove,Port Alexa,SD,50694,US,Enterprise,Government,Active,Partner,2019-02-04,140673.31,0,2020-04-23T21:20:48.099688,2024-10-09T13:03:38.695099
325,CUST-00325,Brittany,Ramirez,Brittany Ramirez,aclark@example.org,319.222.2705,767 Turner Trace,East Annfurt,WI,51033,US,SMB,Finance,Inactive,Partner,2023-08-26,112863.42,0,2022-12-11T03:52:05.580804,2024-05-09T22:14:47.385102
326,CUST-00326,Mary,Stewart,Mary Stewart,stephaniedougherty@example.com,001-226-787-7418x652,563 Patrick Fall Apt. 375,North Brenda,MA,12835,US,Enterprise,Retail,Active,Social Media,2018-07-19,93612.98,0,2024-05-17T14:53:02.862098,2024-12-01T04:26:58.440334
327,CUST-00327,Wesley,Smith,Wesley Smith,darlene60@example.net,001-344-209-0797x727,92221 Flowers Crest Apt. 705,Port Amyborough,SD,80979,US,SMB,Retail,Active,Partner,2019-11-29,127526.07,0,2023-02-28T22:21:20.205029,2024-05-01T18:07:45.307759
328,CUST-00328,Emily,Yoder,Emily Yoder,rebeccamatthews@example.com,606.560.1382x41270,04485 Matthew Port Apt. 971,North Ianland,HI,42116,US,Enterprise,Healthcare,Active,Event,2024-04-13,83593.66,1,2022-02-19T23:24:55.559612,2024-12-19T11:17:05.969856
329,CUST-00329,Katie,Kramer,Katie Kramer,steven34@example.net,+1-532-540-6424x2956,24474 Tracy Prairie Suite 587,North Stephanie,OR,51052,US,Consumer,Retail,Churned,Partner,2019-07-10,35375.36,0,2019-02-02T23:31:12.281669,2024-07-27T03:33:36.363138
330,CUST-00330,Victoria,Hamilton,Victoria Hamilton,jared88@example.net,918-434-3740x182,559 Barrett Bypass Suite 150,South Thomas,MA,85420,US,Mid-Market,Government,Churned,Event,2022-07-10,210729.18,0,2024-04-27T00:23:50.577076,2024-03-09T11:35:15.286726
331,CUST-00331,Michael,Martin,Michael Martin,gonzaleschristina@example.net,001-966-873-4595,38166 Finley Locks Apt. 282,Oliviahaven,ID,74948,US,Consumer,Real Estate,Active,Social Media,2021-10-29,204029.33,0,2023-04-06T17:29:31.348442,2024-02-17T12:57:39.681935
332,CUST-00332,Mason,Choi,Mason Choi,laura25@example.com,(827)302-3244x1233,85072 Garcia Plaza,Halefort,TN,49822,US,SMB,Finance,Inactive,Partner,2024-10-16,77265.62,0,2023-10-26T22:08:59.587068,2024-09-15T11:28:20.999135
333,CUST-00333,Kathryn,Davis,Kathryn Davis,ricardomurphy@example.com,+1-769-768-1579x0392,099 Melendez Rue Apt. 273,East Kevinland,MA,50841,US,Consumer,Manufacturing,Prospect,Partner,2018-11-25,144619.78,0,2022-07-30T17:43:56.964073,2024-06-04T19:26:53.644736
334,CUST-00334,Justin,Hughes,Justin Hughes,greenstephanie@example.org,(268)417-1516,98670 Valdez Skyway Suite 604,Greenville,PA,59518,US,Consumer,Retail,Churned,Event,2023-10-01,180435.12,1,2021-07-07T06:27:57.327095,2024-10-12T20:20:06.054630
335,CUST-00335,Jennifer,Richard,Jennifer Richard,floydtina@example.net,001-961-620-5943x897,77509 King Junction,Katietown,ND,35528,US,Mid-Market,Technology,Active,Partner,2024-10-19,237077.19,0,2019-04-02T19:54:05.378615,2024-05-10T14:52:51.664939
336,CUST-00336,Andres,Nguyen,Andres Nguyen,howardbenjamin@example.net,(532)918-1227x6457,55029 Patrick Stream,West Saraport,NE,53026,US,Mid-Market,Healthcare,Inactive,Paid Search,2022-06-14,104985.68,1,2018-02-27T05:05:30.846057,2024-12-13T19:57:08.667773
337,CUST-00337,Jonathan,Delgado,Jonathan Delgado,ysanford@example.org,001-944-598-8305,2480 Browning Springs Suite 406,North Kimberly,TN,17509,US,Mid-Market,Government,Churned,Partner,2024-03-06,230169.98,0,2019-12-04T07:24:31.238372,2024-06-18T06:05:01.404288
338,CUST-00338,Kristy,Reid,Kristy Reid,andrewnguyen@example.org,+1-249-779-6958x678,5727 Clark Square Apt. 646,Lake Melissaland,SC,64272,US,Mid-Market,Media,Active,Partner,2018-09-06,81599.86,1,2021-12-05T17:57:57.468233,2024-05-06T09:06:29.181498
339,CUST-00339,Jared,Mercer,Jared Mercer,karen77@example.org,(299)629-5966,68269 Collin Forge Apt. 194,Port Erik,WI,96768,US,Consumer,Education,Active,Social Media,2020-08-01,228074.98,0,2024-11-07T01:25:37.194105,2024-07-20T07:49:04.822287
340,CUST-00340,Michael,Robinson,Michael Robinson,luis51@example.net,+1-858-688-6367x7472,572 Patrick Shoal,Mccannchester,ID,83917,US,SMB,Manufacturing,Churned,Social Media,2024-04-20,48469.91,0,2018-03-16T05:29:27.283389,2024-03-23T01:18:28.482346
341,CUST-00341,Chelsea,Gordon,Chelsea Gordon,udougherty@example.net,529.471.5096,3273 Anderson Circles Apt. 397,Sanchezmouth,IA,23684,US,SMB,Media,Active,Referral,2018-07-25,235400.64,0,2024-10-22T11:46:03.181271,2024-07-02T01:53:16.891072
342,CUST-00342,Daniel,Munoz,Daniel Munoz,johnbowen@example.org,3062876164,0460 Ross Pass Suite 611,Port Jose,GU,76498,US,SMB,Technology,Prospect,Event,2020-04-26,122506.27,1,2023-04-11T03:28:48.139572,2024-02-10T21:54:29.930524
343,CUST-00343,Gary,Gutierrez,Gary Gutierrez,lauraclark@example.org,217-473-4547x57494,403 Elliott Station,Kristopherburgh,OK,83586,US,SMB,Media,Prospect,Paid Search,2020-05-18,72303.45,1,2020-02-18T22:03:15.192822,2024-09-17T23:41:04.227598
344,CUST-00344,Emily,Moore,Emily Moore,dwaynecarter@example.com,830-939-4290x458,2985 Gray Oval,Port Alicia,HI,63939,US,Consumer,Education,Active,Paid Search,2023-08-21,10995.59,0,2024-04-12T01:45:50.250620,2024-01-06T05:01:08.836702
345,CUST-00345,Stacey,Peterson,Stacey Peterson,edwardfranklin@example.net,535-777-9083,1581 Tran Place,Port Brianshire,NC,33003,US,SMB,Logistics,Prospect,Paid Search,2020-03-01,186960.96,0,2019-09-18T10:24:03.998242,2024-10-18T19:13:06.545112
346,CUST-00346,Ian,Mayer,Ian Mayer,hannahbryant@example.org,+1-548-541-3128x403,1805 James Crescent Suite 173,New Bridgetfort,ME,75124,US,Mid-Market,Media,Active,Partner,2024-01-01,174194.74,0,2018-01-25T13:03:15.550757,2024-06-06T06:58:25.048413
347,CUST-00347,Rebecca,Cortez,Rebecca Cortez,briannareid@example.com,9466947258,8354 Garrett Creek Apt. 705,Simpsonburgh,CA,57126,US,Enterprise,Real Estate,Prospect,Partner,2021-02-05,60200.88,0,2022-09-17T03:03:05.177133,2024-02-04T14:41:06.374869
348,CUST-00348,Michelle,Peterson,Michelle Peterson,jamesrodriguez@example.org,548.445.8714,36229 Mark Path Suite 964,West Thomas,PR,40296,US,Mid-Market,Technology,Active,Organic,2022-10-22,103618.69,1,2020-08-05T17:48:40.070691,2024-04-22T01:56:43.060719
349,CUST-00349,Jessica,Calderon,Jessica Calderon,ronald66@example.org,001-260-765-2740x334,5883 Christina Mill Suite 113,West Jennifer,VA,78218,US,Enterprise,Retail,Active,Partner,2020-03-17,244488.72,0,2021-04-15T23:48:47.475418,2024-12-21T10:26:01.621889
350,CUST-00350,Brandon,Hopkins,Brandon Hopkins,mwright@example.net,(301)705-4857x4172,29493 Samuel Islands Suite 884,East Kelseyland,VI,92153,US,Consumer,Logistics,Inactive,Event,2022-10-25,50264.27,0,2022-12-24T08:17:11.805703,2024-04-24T21:50:07.831980
351,CUST-00351,Melissa,Stein,Melissa Stein,jackmcdonald@example.com,(953)244-9021x666,509 Forbes Parkways,Kristyfort,LA,75843,US,SMB,Manufacturing,Prospect,Organic,2021-02-13,227030.27,0,2020-05-03T01:43:03.513246,2024-01-25T13:29:22.773601
352,CUST-00352,Charles,Davis,Charles Davis,schmidtlauren@example.org,001-479-731-6477,95786 Richard Hill,New Mariatown,AL,30022,US,Mid-Market,Media,Prospect,Event,2021-11-27,212658.11,0,2020-04-04T00:20:34.870015,2024-02-25T01:56:50.563135
353,CUST-00353,Melissa,Silva,Melissa Silva,mvaldez@example.net,(292)432-3421x089,55333 Martin Groves Apt. 350,South David,MS,03833,US,Mid-Market,Government,Active,Organic,2023-05-17,249294.36,1,2021-02-08T17:49:11.512293,2024-09-29T06:47:23.481424
354,CUST-00354,Jodi,James,Jodi James,xgonzalez@example.com,001-511-328-9812,955 Lee Course Suite 748,South Allenfurt,AS,55553,US,Consumer,Retail,Prospect,Paid Search,2021-02-16,219247.42,0,2020-10-20T04:30:55.068392,2024-11-09T20:13:08.967248
355,CUST-00355,Michael,Bautista,Michael Bautista,pbautista@example.com,516.470.4502,82270 Caitlyn Fords,Nathanchester,GU,21142,US,SMB,Real Estate,Churned,Organic,2023-11-09,232149.48,0,2020-12-07T13:48:23.055264,2024-03-04T22:00:56.282197
356,CUST-00356,April,Hernandez,April Hernandez,michaelbuckley@example.org,2732465495,70260 Farmer Stravenue Apt. 210,Phyllisland,MT,09194,US,SMB,Logistics,Prospect,Partner,2023-08-31,131317.47,0,2018-10-15T07:42:54.798823,2024-06-23T02:27:19.531363
357,CUST-00357,Tonya,Chase,Tonya Chase,melodypacheco@example.org,577-442-5859x1779,223 Julia Stravenue,Campbellville,IA,30152,US,Consumer,Manufacturing,Active,Organic,2021-10-03,83005.68,1,2019-10-03T17:08:36.898095,2024-09-24T04:35:09.315774
358,CUST-00358,Kevin,Page,Kevin Page,kathleen25@example.com,(429)806-0320x203,97753 Hayes Forest Suite 948,Wilsonview,SD,67936,US,SMB,Retail,Active,Event,2021-03-27,84609.49,0,2024-06-19T10:50:24.553900,2024-05-03T10:26:39.586707
359,CUST-00359,Patricia,Scott,Patricia Scott,dingram@example.net,458-341-5608,1184 Morgan Inlet,Grahamland,VI,66656,US,Mid-Market,Retail,Churned,Event,2023-08-25,224312.17,1,2019-04-12T18:10:25.242335,2024-10-27T03:06:49.813104
360,CUST-00360,Nicole,Dixon,Nicole Dixon,kimberlygonzalez@example.net,(489)729-8808x583,29328 Garrison Harbors,South Kennethhaven,MT,62962,US,SMB,Finance,Inactive,Event,2018-12-29,24298.58,0,2021-04-11T05:14:47.044822,2024-02-19T19:40:37.220820
361,CUST-00361,Sharon,Smith,Sharon Smith,jason99@example.org,8628272362,51342 Martinez Streets,East Scott,TX,36607,US,Consumer,Education,Active,Organic,2019-10-05,65565.93,0,2023-04-29T01:18:05.081656,2024-01-04T22:35:42.785702
362,CUST-00362,David,Collins,David Collins,chall@example.com,889-672-1540,769 Nancy Square,Blakebury,NC,14007,US,Consumer,Manufacturing,Active,Paid Search,2018-09-20,145823.96,0,2018-08-15T09:25:10.019654,2024-09-24T19:46:25.503768
363,CUST-00363,Susan,Grimes,Susan Grimes,bcopeland@example.com,7143448564,73973 Wade Cove,Castroshire,MS,80012,US,SMB,Education,Prospect,Referral,2019-09-09,16000.02,0,2021-08-19T11:29:54.584551,2024-12-04T15:20:07.155199
364,CUST-00364,Patrick,Guzman,Patrick Guzman,johnstondavid@example.org,(899)866-0577x980,92051 Knapp Unions,Lake Stephenview,MI,90024,US,Consumer,Manufacturing,Active,Social Media,2022-02-17,171675.37,0,2020-05-29T09:23:10.697058,2024-12-22T07:55:22.371243
365,CUST-00365,John,Griffin,John Griffin,olyons@example.com,001-523-788-5652x715,16597 Katherine Flats Suite 755,Huangburgh,GA,42805,US,Enterprise,Manufacturing,Active,Partner,2018-05-03,55601.89,0,2018-02-10T17:02:46.181695,2024-03-10T11:06:47.517429
366,CUST-00366,Lance,Hunter,Lance Hunter,katherine82@example.com,+1-813-411-9642x585,49915 Scott Canyon Apt. 824,South Jeffreybury,IA,30101,US,Consumer,Retail,Inactive,Event,2022-06-30,247215.07,0,2021-01-30T13:11:32.778981,2024-10-24T00:26:18.409009
367,CUST-00367,Dustin,Phillips,Dustin Phillips,amassey@example.net,+1-893-662-8969,6553 Fernandez Club Apt. 538,North Tina,WY,67013,US,Consumer,Media,Inactive,Partner,2024-10-01,200597.75,0,2022-12-16T13:15:45.855036,2024-07-14T22:36:05.343091
368,CUST-00368,Daniel,Mckenzie,Daniel Mckenzie,jennifer83@example.com,990-279-7796x120,2151 Hudson Stream Apt. 976,South Jason,NV,41110,US,Mid-Market,Real Estate,Active,Partner,2019-08-06,111963.62,0,2021-10-08T03:20:45.083608,2024-09-03T22:16:49.392182
369,CUST-00369,Mark,Hudson,Mark Hudson,ithomas@example.net,001-350-890-5911,339 Mary Burgs,Chandlermouth,CO,12842,US,Enterprise,Real Estate,Active,Organic,2024-02-17,207279.13,0,2024-08-15T08:27:00.428995,2024-07-29T02:02:28.974528
370,CUST-00370,Stacy,Hughes,Stacy Hughes,vtaylor@example.org,645-826-4712,51571 Smith Rest,New Brianstad,CT,22588,US,Mid-Market,Retail,Active,Partner,2020-11-07,110739.22,0,2018-01-05T10:03:27.400607,2024-12-26T13:22:14.421939
371,CUST-00371,Alexander,Murphy,Alexander Murphy,michele23@example.net,+1-972-483-5129x592,0908 Lindsay Inlet,Danielburgh,OR,68460,US,Consumer,Finance,Churned,Social Media,2020-02-22,202268.67,1,2019-03-04T20:05:03.865307,2024-02-06T11:57:15.360951
372,CUST-00372,James,Moore,James Moore,sharon86@example.com,581-853-5237,0791 Elizabeth Islands,Shermanborough,LA,42485,US,Mid-Market,Media,Inactive,Social Media,2022-04-17,141195.84,1,2018-12-13T06:37:09.907579,2024-10-06T10:46:57.431284
373,CUST-00373,Kelly,Sims,Kelly Sims,bmiller@example.com,258-279-6474,49982 Stevenson Place,North Tammyfurt,ID,46607,US,SMB,Healthcare,Inactive,Paid Search,2020-10-30,204205.08,0,2024-09-30T11:05:39.111809,2024-01-20T04:35:28.614909
374,CUST-00374,Marcia,Russo,Marcia Russo,williammaldonado@example.org,517.223.5137,3140 Donna Village,Traceyfurt,GU,30434,US,Enterprise,Healthcare,Inactive,Paid Search,2023-03-03,175246.03,0,2020-08-08T06:42:14.559638,2024-11-02T15:07:25.456842
375,CUST-00375,Bradley,Thomas,Bradley Thomas,nicole69@example.net,+1-243-846-0666x4374,723 Dana Crescent,Port Tracy,HI,70878,US,Enterprise,Logistics,Active,Paid Search,2019-09-22,102512.3,0,2020-04-16T18:42:38.451326,2024-12-11T07:43:53.206263
376,CUST-00376,Jonathan,Becker,Jonathan Becker,smitchell@example.com,001-541-416-3187,7113 Marissa Ferry,Port Heatherland,IA,57641,US,Consumer,Education,Inactive,Social Media,2024-07-06,217470.26,1,2022-04-22T18:14:26.888253,2024-06-09T08:20:44.174345
377,CUST-00377,Douglas,Harper,Douglas Harper,kaylahardy@example.org,001-202-854-2573,48132 Matthew Stravenue Suite 071,New Allison,OH,21616,US,Consumer,Finance,Prospect,Event,2018-04-15,218701.15,0,2019-01-02T10:29:14.932739,2024-12-18T21:19:36.154377
378,CUST-00378,Brian,Cohen,Brian Cohen,montgomerygeoffrey@example.com,(302)513-0609x069,810 Pineda Rue,Campbellfurt,NV,98551,US,SMB,Finance,Active,Partner,2020-11-13,98568.13,0,2019-08-31T11:34:12.362895,2024-06-28T13:05:58.515782
379,CUST-00379,John,Baird,John Baird,jcalhoun@example.com,+1-753-224-2642,2076 Vanessa Crossroad Suite 366,Murraymouth,NV,51414,US,Mid-Market,Healthcare,Active,Paid Search,2022-06-16,116019.47,1,2021-03-30T17:59:46.768294,2024-05-03T15:14:48.848010
380,CUST-00380,Elizabeth,Anderson,Elizabeth Anderson,jaylee@example.org,001-995-678-6543x627,33582 Giles Meadows Apt. 703,Bradleyburgh,KY,98277,US,Consumer,Technology,Active,Social Media,2021-09-16,86866.85,0,2022-10-06T16:34:36.973888,2024-10-08T13:00:15.934710
381,CUST-00381,Danielle,Andrews,Danielle Andrews,robertmcdonald@example.net,(375)299-8011,51553 Susan Inlet,West Cindymouth,OR,59039,US,Mid-Market,Finance,Active,Event,2023-08-09,105100.53,0,2021-04-29T07:45:26.318381,2024-09-14T12:27:02.363603
382,CUST-00382,Keith,Garcia,Keith Garcia,frankwilson@example.net,(928)887-4312x71026,09579 Seth Brooks Suite 955,West Caseyberg,RI,39836,US,Mid-Market,Technology,Active,Organic,2021-12-07,148689.06,1,2022-09-28T08:46:44.610925,2024-12-01T12:51:18.139143
383,CUST-00383,Daniel,Donovan,Daniel Donovan,suzanneflores@example.net,759-670-9962,480 Flores Expressway,Lake Johnport,KS,59343,US,Enterprise,Technology,Prospect,Organic,2024-09-20,100865.21,0,2024-12-21T04:04:00.400570,2024-05-03T12:45:23.765749
384,CUST-00384,Joshua,Carney,Joshua Carney,cookanthony@example.net,2906463766,5866 Anderson Key Suite 837,Josephmouth,PW,88556,US,Mid-Market,Healthcare,Active,Partner,2022-08-06,248374.12,0,2018-08-05T17:40:58.863913,2024-08-31T20:05:57.357541
385,CUST-00385,Lucas,Hicks,Lucas Hicks,lindarodriguez@example.org,(251)729-3110,97519 Brian Dam,Lake Sara,HI,12520,US,SMB,Real Estate,Churned,Event,2018-10-18,204686.43,0,2023-01-10T20:35:52.912461,2024-02-03T12:29:26.809749
386,CUST-00386,Ryan,Jennings,Ryan Jennings,hughescolleen@example.org,337.492.7490x7280,2893 Jacqueline Club,East Melinda,WV,30348,US,SMB,Retail,Prospect,Partner,2019-06-22,55650.16,0,2019-02-20T03:42:42.728902,2024-08-20T12:26:53.471025
387,CUST-00387,Brittany,Guzman,Brittany Guzman,jeffery45@example.net,980.744.2101,617 Tiffany Spring,West Briannastad,UT,89771,US,SMB,Healthcare,Churned,Partner,2021-07-19,219988.62,0,2022-03-28T16:12:45.560046,2024-12-17T02:27:25.003152
388,CUST-00388,Ashley,Acosta,Ashley Acosta,judy75@example.com,775-883-3920x5677,7226 Herring Well Apt. 562,Diazchester,WY,87240,US,Consumer,Media,Inactive,Organic,2020-03-26,243086.41,1,2024-05-03T02:32:43.808915,2024-02-25T06:43:24.641042
389,CUST-00389,Sophia,Robinson,Sophia Robinson,vhernandez@example.org,9769248433,2705 Carl Islands Suite 942,New Sherry,AS,28865,US,SMB,Government,Inactive,Referral,2018-02-11,75322.18,0,2020-11-30T04:17:35.009624,2024-01-05T17:54:26.433326
390,CUST-00390,Kyle,Moore,Kyle Moore,mcarr@example.org,545.752.5971x07563,7485 Hale Crossroad,Kimberlyshire,PW,30506,US,Consumer,Technology,Active,Paid Search,2022-05-31,214456.54,0,2022-12-15T21:59:09.411791,2024-08-11T00:51:23.149963
391,CUST-00391,Lisa,Wright,Lisa Wright,edwardsnicole@example.com,001-629-451-8779x417,73305 Summers Orchard Apt. 457,Cassandraside,ID,85152,US,Consumer,Healthcare,Churned,Social Media,2021-12-10,241962.65,0,2019-04-27T00:38:15.253338,2024-12-04T01:51:40.731930
392,CUST-00392,Cassie,Phillips,Cassie Phillips,alexandragordon@example.org,(960)444-3240x0615,682 Blake Coves Suite 743,Mitchellshire,DC,42811,US,Consumer,Technology,Active,Referral,2018-06-04,82900.62,0,2024-09-09T19:20:22.143607,2024-02-15T08:28:07.878848
393,CUST-00393,Mindy,Tran,Mindy Tran,marie68@example.org,+1-265-462-5904x5990,12218 Shelby Freeway Apt. 555,South Matthewland,NM,53003,US,Consumer,Education,Active,Partner,2020-07-31,181283.89,0,2021-10-25T07:18:45.197533,2024-07-11T00:47:00.072660
394,CUST-00394,Darlene,Foster,Darlene Foster,olsenshane@example.org,001-443-430-8003x700,6608 Vasquez Skyway Suite 810,New Barry,IN,76881,US,Enterprise,Manufacturing,Inactive,Event,2019-02-01,151439.88,0,2021-06-10T04:25:54.647579,2024-05-07T20:58:02.621513
395,CUST-00395,Christopher,Keith,Christopher Keith,randyhernandez@example.org,+1-594-748-5862x3945,1470 Morrison Run Suite 321,South Lindaborough,ID,75239,US,Enterprise,Technology,Churned,Event,2021-07-25,168026.91,0,2023-02-24T10:56:09.085856,2024-04-19T06:59:18.049083
396,CUST-00396,Hannah,Lewis,Hannah Lewis,michael03@example.net,738-904-0325x376,277 Norton Shores Apt. 191,Port Anthonyton,PR,01970,US,Consumer,Technology,Active,Paid Search,2022-02-25,239276.43,0,2024-08-16T23:42:31.286918,2024-12-06T10:31:13.471501
397,CUST-00397,Kevin,James,Kevin James,coltonrichardson@example.net,365.614.6040,7310 Thompson Creek,Lake Jimmyshire,UT,73566,US,Mid-Market,Technology,Prospect,Organic,2021-12-23,186846.37,1,2019-11-30T03:09:57.880026,2024-01-09T06:09:28.066927
398,CUST-00398,Anna,Brown,Anna Brown,camerongregory@example.org,3766762090,734 Emily Well Apt. 370,Port Annachester,OH,92637,US,Mid-Market,Real Estate,Prospect,Referral,2022-11-04,99459.7,0,2021-06-02T16:14:18.894992,2024-03-25T17:40:45.926935
399,CUST-00399,Melinda,Williams,Melinda Williams,stephen78@example.org,(958)782-5562x965,78656 Carrie Dam Suite 577,North Matthew,PW,82429,US,SMB,Manufacturing,Inactive,Social Media,2020-07-19,133645.71,0,2019-01-06T17:58:38.765446,2024-05-05T01:03:09.135894
400,CUST-00400,Cynthia,Garner,Cynthia Garner,tiffanysparks@example.net,(416)518-8081x9048,1558 Mills Viaduct Suite 395,Wattsville,IN,84448,US,SMB,Manufacturing,Active,Partner,2023-12-16,220761.58,1,2022-07-04T19:32:26.602811,2024-02-26T23:40:45.043398
401,CUST-00401,Heather,Mullins,Heather Mullins,simpsonruth@example.net,536-443-8130x0041,47165 Smith Ranch,Matthewstad,IL,40318,US,Enterprise,Logistics,Active,Referral,2023-01-05,92990.88,1,2020-12-31T07:22:08.106409,2024-08-03T19:50:38.241078
402,CUST-00402,Timothy,Mendez,Timothy Mendez,frowland@example.com,(204)876-8169x957,1748 Christopher Stream,South Noahmouth,IA,79617,US,Enterprise,Real Estate,Active,Event,2018-04-18,36907.72,0,2024-11-20T02:30:40.090321,2024-01-13T13:39:41.198326
403,CUST-00403,Kyle,Waters,Kyle Waters,christinadavis@example.net,(690)887-1827,9187 Rachel Hill,North Kelly,MA,56433,US,Consumer,Manufacturing,Active,Referral,2023-12-25,82801.39,1,2018-10-08T07:52:36.694459,2024-02-26T15:43:47.048954
404,CUST-00404,Mary,Gonzalez,Mary Gonzalez,hughesjulie@example.net,(560)942-3597,22299 Samuel Lakes,Smithhaven,MH,91440,US,Mid-Market,Logistics,Churned,Event,2021-05-27,235894.4,0,2020-07-30T08:16:38.515583,2024-07-17T21:58:08.331860
405,CUST-00405,Robert,Johnson,Robert Johnson,fjones@example.com,+1-957-768-3210x2192,1296 Anita Fort Apt. 242,Smithton,NY,02095,US,SMB,Logistics,Prospect,Event,2021-01-20,185028.73,1,2018-10-16T04:41:40.039033,2024-08-31T17:21:50.083997
406,CUST-00406,Brenda,Smith,Brenda Smith,luissanchez@example.com,337.477.3126,217 Ashlee Gateway,Francostad,IN,34903,US,Mid-Market,Education,Active,Referral,2024-02-29,180218.23,1,2020-11-04T17:40:40.819982,2024-10-02T08:49:35.107998
407,CUST-00407,Brad,Flores,Brad Flores,emilygalvan@example.com,693.927.9862x398,9061 Janet Trail,Port Darlene,MN,36858,US,Mid-Market,Media,Prospect,Organic,2020-10-05,131224.13,0,2020-10-02T04:35:30.811522,2024-06-19T00:13:49.094814
408,CUST-00408,Lindsay,Stark,Lindsay Stark,samantha78@example.com,(398)699-9275x1758,4983 Mcintosh Islands Apt. 935,Jamesmouth,NC,89118,US,Enterprise,Healthcare,Inactive,Referral,2020-02-15,210714.91,0,2020-11-17T21:27:48.126234,2024-04-06T14:11:12.296407
409,CUST-00409,Rodney,Hopkins,Rodney Hopkins,leahbarker@example.org,+1-758-485-3798x2143,3674 Medina Drive Suite 914,South Lisafurt,AL,09223,US,Enterprise,Retail,Active,Referral,2023-05-18,126680.36,0,2019-04-28T21:36:16.809242,2024-12-07T21:19:39.471541
410,CUST-00410,Sarah,Gibson,Sarah Gibson,william63@example.com,3674917665,50014 Amy Grove,Port Cody,WA,90511,US,Enterprise,Real Estate,Prospect,Event,2024-12-07,233508.98,1,2020-12-17T20:41:57.850782,2024-01-15T14:48:35.919684
411,CUST-00411,Donna,Brown,Donna Brown,justin33@example.org,+1-599-448-5320x895,89021 Pacheco Crossing Apt. 363,South Chelsea,MH,23247,US,Consumer,Healthcare,Active,Partner,2018-10-12,138135.07,0,2024-06-03T10:49:14.550128,2024-04-12T06:52:13.724337
412,CUST-00412,Aaron,Lambert,Aaron Lambert,ogriffin@example.org,667-572-6960,8550 Romero Loaf Suite 935,Lake Chris,MP,92111,US,Enterprise,Media,Prospect,Paid Search,2021-01-17,134166.66,0,2022-10-13T11:01:58.381104,2024-03-02T15:03:51.956856
413,CUST-00413,Richard,Robinson,Richard Robinson,john43@example.com,+1-870-293-1706x955,7616 Bailey Grove Suite 472,East Melissa,SD,68287,US,Enterprise,Media,Prospect,Event,2020-06-21,107928.02,0,2022-03-12T07:30:38.330960,2024-10-23T12:17:19.233876
414,CUST-00414,Meghan,Werner,Meghan Werner,christophermoon@example.org,+1-680-441-8472x426,4281 Monica River,New Diamondburgh,LA,72320,US,Enterprise,Finance,Churned,Referral,2020-07-20,60621.72,0,2021-04-16T22:54:56.193562,2024-06-03T21:57:03.860112
415,CUST-00415,Gary,Smith,Gary Smith,jonescraig@example.org,+1-517-285-2282,48088 Phillip Expressway Apt. 722,Port Chelsea,MN,75718,US,SMB,Manufacturing,Inactive,Organic,2024-09-23,93576.37,1,2023-06-25T18:00:39.315068,2024-06-18T05:46:02.640927
416,CUST-00416,Spencer,Mckinney,Spencer Mckinney,daniellewebster@example.org,(720)847-8768x8687,628 Martinez Camp Apt. 195,Darrellchester,MS,49776,US,Consumer,Real Estate,Active,Event,2022-12-29,56851.38,0,2020-02-05T13:37:47.530262,2024-01-09T17:43:31.672791
417,CUST-00417,Tony,Christensen,Tony Christensen,shannongarza@example.net,(946)832-0374,753 Anderson Center Apt. 214,Brianmouth,PW,51167,US,Enterprise,Finance,Inactive,Social Media,2019-07-05,94603.81,1,2024-03-17T06:58:56.026636,2024-11-15T04:38:22.364842
418,CUST-00418,Christian,Carter,Christian Carter,ewilliams@example.org,(253)548-2012x840,76597 Howell Haven Suite 089,South Katherinechester,WV,67868,US,Enterprise,Healthcare,Prospect,Referral,2023-09-30,21130.19,1,2018-04-03T09:56:55.902044,2024-10-12T05:26:25.382443
419,CUST-00419,Jessica,Knight,Jessica Knight,sarahgray@example.net,001-274-222-3196x463,23693 Lloyd Drive Suite 894,North Vickie,GA,05411,US,SMB,Real Estate,Active,Partner,2018-06-21,229828.48,0,2019-11-10T15:18:13.132881,2024-06-25T15:43:32.290508
420,CUST-00420,Carl,Mcdonald,Carl Mcdonald,qwilson@example.com,695-574-9885x58298,67458 Porter Stream,Williamsshire,ME,34270,US,Mid-Market,Real Estate,Inactive,Paid Search,2024-11-12,12117.21,0,2018-09-30T04:56:23.392302,2024-02-24T03:47:08.808562
421,CUST-00421,Jeffrey,Logan,Jeffrey Logan,stevenhernandez@example.org,001-488-956-6695x413,0666 Robert Burgs,Sharonville,ME,31392,US,SMB,Media,Churned,Event,2024-03-01,8708.99,0,2021-05-28T13:04:49.898511,2024-12-31T04:39:43.950819
422,CUST-00422,Sarah,Sanders,Sarah Sanders,satkinson@example.org,+1-225-429-5961x111,1200 Thompson Dale Suite 559,North Frederickport,MA,13604,US,Enterprise,Technology,Churned,Referral,2019-07-02,188187.49,1,2018-04-10T12:52:23.652766,2024-08-01T07:52:22.831510
423,CUST-00423,Vanessa,Mendez,Vanessa Mendez,kristineprince@example.com,449-349-8194,428 Tyler Fork Suite 065,Lake Thomas,NV,47523,US,Enterprise,Manufacturing,Active,Partner,2023-10-01,60497.81,1,2024-08-29T13:21:56.808856,2024-04-22T03:24:24.116284
424,CUST-00424,Desiree,Briggs,Desiree Briggs,lauraboone@example.net,433-472-2010x91217,5593 Graham Crossing,Sharonborough,MH,62527,US,SMB,Government,Prospect,Referral,2020-12-04,197729.27,0,2022-08-05T04:48:28.682611,2024-05-13T07:12:53.203584
425,CUST-00425,Peter,Reed,Peter Reed,perry77@example.net,(357)925-6592x0246,02389 Krueger Flats Apt. 600,Jenniferstad,MA,00859,US,SMB,Healthcare,Active,Social Media,2018-05-06,58419.93,0,2018-09-25T08:24:49.717361,2024-10-09T09:27:12.834243
426,CUST-00426,Tanya,Harris,Tanya Harris,alyssa89@example.net,+1-736-207-9848x704,176 Sloan Rest Apt. 593,Bakerton,GU,30578,US,SMB,Real Estate,Churned,Partner,2019-01-13,99477.41,0,2022-09-05T12:18:23.641632,2024-07-31T02:53:15.902906
427,CUST-00427,Ralph,Smith,Ralph Smith,stephaniecole@example.com,6602148860,388 Chan Walk Apt. 685,New Diana,AL,90296,US,Enterprise,Manufacturing,Inactive,Social Media,2019-08-09,57420.53,1,2021-01-02T19:16:39.590842,2024-04-30T07:57:29.170210
428,CUST-00428,John,Castillo,John Castillo,gary44@example.com,(363)325-1448,03142 Kathy Junction,New Katieside,NH,67449,US,Consumer,Retail,Prospect,Partner,2018-09-12,165337.64,0,2018-11-09T01:56:58.908011,2024-09-01T11:41:51.911181
429,CUST-00429,Joshua,Miller,Joshua Miller,gregory38@example.com,001-709-211-2252x883,6186 Gary River Suite 913,Grantmouth,MS,42734,US,SMB,Technology,Prospect,Organic,2023-07-10,20968.48,0,2022-07-01T07:11:58.962586,2024-03-13T21:00:33.387316
430,CUST-00430,Bobby,Chavez,Bobby Chavez,andre55@example.com,001-905-971-2198x819,90534 Carter Walks Apt. 042,Lisaberg,KY,45057,US,Consumer,Retail,Prospect,Social Media,2018-01-10,79511.22,0,2023-12-12T22:15:59.294295,2024-12-25T03:49:45.686950
431,CUST-00431,Theresa,Cox,Theresa Cox,richard04@example.com,(312)689-9151,1293 Jesse Harbor Suite 881,Rebeccaport,CT,53408,US,Enterprise,Healthcare,Active,Social Media,2021-06-27,90299.42,0,2023-04-07T21:12:34.729259,2024-01-15T21:50:15.309432
432,CUST-00432,Samantha,Fisher,Samantha Fisher,joyce21@example.org,001-301-670-7568,831 Jackson Run,Lake Lisafort,IL,96019,US,Enterprise,Retail,Active,Referral,2022-08-09,108029.39,1,2022-12-16T01:27:31.844052,2024-03-02T23:44:32.728623
433,CUST-00433,Susan,Shields,Susan Shields,hsmith@example.com,001-837-583-0639,2696 Adams Ridges Apt. 649,Smithville,MO,77930,US,Enterprise,Healthcare,Active,Paid Search,2021-07-26,138777.84,0,2019-05-04T14:49:19.200601,2024-04-02T13:47:30.067459
434,CUST-00434,David,Lopez,David Lopez,coffeyjohn@example.net,3332016234,106 Matthew Mission,East Jennifer,WY,16654,US,Consumer,Healthcare,Active,Social Media,2022-06-26,97255.99,0,2024-01-30T15:44:14.126850,2024-04-28T23:46:49.455375
435,CUST-00435,Robert,Keller,Robert Keller,oalvarado@example.org,265.633.7746,7200 Warren Ford,Rodriguezport,FL,37652,US,Mid-Market,Real Estate,Churned,Referral,2022-10-05,171486.34,0,2019-12-15T23:06:06.118891,2024-06-04T23:19:18.086533
436,CUST-00436,Alexander,Floyd,Alexander Floyd,pbailey@example.org,534.976.4273x720,88214 Boyd Spurs Apt. 484,Smithshire,FM,14541,US,Mid-Market,Manufacturing,Active,Paid Search,2021-09-15,123534.42,0,2019-09-09T13:45:13.273676,2024-04-13T12:13:56.400062
437,CUST-00437,Lisa,Todd,Lisa Todd,courtneymadden@example.org,(505)486-9507,464 Willis Road,Santiagoshire,OK,47278,US,Mid-Market,Government,Active,Social Media,2022-09-05,75288.19,0,2018-09-03T14:32:26.877173,2024-06-21T16:46:10.960486
438,CUST-00438,James,Sanchez,James Sanchez,michael38@example.com,936.880.1192x3603,87233 Nathan Camp,Alexandershire,MT,16266,US,SMB,Manufacturing,Active,Event,2018-04-28,156445.91,0,2024-12-08T19:15:47.243398,2024-08-23T08:16:51.175699
439,CUST-00439,Pamela,Orozco,Pamela Orozco,cheryldavis@example.com,+1-783-307-4820x736,939 Smith Square,Sarahmouth,OH,91719,US,Consumer,Finance,Active,Paid Search,2018-08-27,2188.46,1,2019-02-24T22:28:22.447042,2024-09-27T10:30:13.478222
440,CUST-00440,Tina,Armstrong,Tina Armstrong,georgemoore@example.net,9235332470,13546 Hailey Village,South Nicholas,GA,49592,US,SMB,Real Estate,Inactive,Paid Search,2022-09-02,110335.62,1,2018-03-31T18:59:03.983303,2024-03-05T02:02:27.594348
441,CUST-00441,Megan,Fisher,Megan Fisher,jasonhernandez@example.org,(532)948-8899x57298,97454 Sara Union Apt. 364,Bartonmouth,CO,76706,US,Mid-Market,Manufacturing,Active,Partner,2018-08-05,236846.09,0,2018-10-22T19:52:41.319425,2024-09-11T04:38:34.013644
442,CUST-00442,Rachel,Hall,Rachel Hall,castroralph@example.net,001-220-382-8323,815 Jordan Isle,Port Gregory,NE,64792,US,Consumer,Education,Active,Social Media,2022-11-25,242196.94,0,2023-12-14T05:25:48.196155,2024-03-16T03:21:30.401617
443,CUST-00443,Leah,Walker,Leah Walker,colleenjones@example.net,+1-281-357-2450x0000,91137 Scott Plain Suite 090,West Lawrence,TX,15594,US,Consumer,Real Estate,Active,Paid Search,2022-06-15,94325.8,1,2023-07-25T05:26:12.088309,2024-07-03T11:18:44.964568
444,CUST-00444,Kelly,Carter,Kelly Carter,carolineray@example.com,278-812-2489x0567,09004 Nicholas Roads Suite 158,Alyssafurt,MS,74294,US,SMB,Finance,Churned,Referral,2019-02-12,148260.65,0,2018-11-11T05:46:27.495831,2024-05-31T03:32:58.396919
445,CUST-00445,Lauren,Hunt,Lauren Hunt,donna54@example.org,001-560-880-7063,509 David Circle Suite 016,Maryville,FM,73349,US,Enterprise,Logistics,Prospect,Referral,2024-12-07,109894.51,0,2024-05-28T08:10:16.970428,2024-09-27T07:02:18.865784
446,CUST-00446,Jose,Quinn,Jose Quinn,amywells@example.org,636.438.1643x21269,4203 Avila Curve Suite 863,West Susanview,CO,61051,US,Enterprise,Government,Prospect,Social Media,2024-09-25,35225.19,0,2024-02-11T12:33:37.942291,2024-10-27T20:46:20.217881
447,CUST-00447,Kelly,Hendrix,Kelly Hendrix,sophia54@example.org,(263)355-8243,4644 Kelsey Street Apt. 538,Port Toni,MA,95593,US,Mid-Market,Manufacturing,Prospect,Referral,2020-09-23,178951.48,1,2024-10-21T15:34:30.006493,2024-06-19T10:33:24.529356
448,CUST-00448,Marie,Brown,Marie Brown,robertsdanielle@example.com,733.335.3849,321 Cody Rapid Suite 871,New Theresabury,OR,12483,US,Enterprise,Logistics,Churned,Social Media,2022-10-26,145769.88,1,2022-06-01T12:18:35.491013,2024-03-13T11:08:43.812001
449,CUST-00449,Jay,Sullivan,Jay Sullivan,benjaminrussell@example.org,001-211-298-7561x786,00915 Rodriguez Crossroad,East Haleymouth,NJ,83972,US,Enterprise,Education,Prospect,Partner,2020-04-05,148658.08,0,2022-12-02T10:55:52.630311,2024-04-06T13:59:05.014013
450,CUST-00450,Justin,Werner,Justin Werner,nrangel@example.net,365.395.2014,84336 Cooper Burg Apt. 632,East Catherine,NY,19884,US,Enterprise,Technology,Prospect,Event,2018-11-02,89074.7,0,2018-07-07T20:52:45.019815,2024-06-14T04:08:54.107631
451,CUST-00451,Matthew,Barnes,Matthew Barnes,dominguezmeredith@example.com,(988)860-5053,0811 Ronald Vista Apt. 030,West Peter,FM,80117,US,Consumer,Education,Inactive,Organic,2018-08-24,3131.67,0,2018-08-14T21:34:01.878121,2024-11-14T20:55:47.909578
452,CUST-00452,Anthony,Moore,Anthony Moore,shelby31@example.org,001-934-855-0688x269,384 Brady Canyon,East Kevinside,AL,69682,US,Mid-Market,Media,Prospect,Partner,2021-03-10,139719.36,0,2024-11-23T00:51:04.804221,2024-10-12T13:39:24.594502
453,CUST-00453,Matthew,Young,Matthew Young,ricklewis@example.net,(391)601-5709x085,207 Aguilar Expressway Suite 999,Wangshire,AS,49766,US,Consumer,Education,Inactive,Social Media,2024-01-15,193199.39,0,2024-02-01T15:30:54.006604,2024-08-28T09:04:41.598786
454,CUST-00454,Maria,May,Maria May,hdavis@example.com,(385)696-9325,499 Stephanie Field,East Marybury,LA,19020,US,SMB,Healthcare,Inactive,Organic,2023-04-26,74210.34,0,2023-06-08T03:25:55.345445,2024-06-06T08:01:06.378413
455,CUST-00455,Anne,Yu,Anne Yu,branchthomas@example.com,+1-517-760-7234x8389,382 Mary Haven Apt. 561,Lake Ashley,NE,45241,US,Enterprise,Retail,Active,Paid Search,2018-05-20,86095.14,0,2018-03-18T12:37:58.287148,2024-10-21T11:28:36.989316
456,CUST-00456,Kristen,Sullivan,Kristen Sullivan,ryanadams@example.net,(596)756-1308x7612,43468 John Underpass Suite 840,Port Susanfort,WV,29826,US,Consumer,Education,Inactive,Organic,2023-05-05,109822.4,1,2018-01-03T12:00:19.556940,2024-09-01T09:13:13.130863
457,CUST-00457,Willie,Burke,Willie Burke,dbrown@example.org,001-268-631-1395x001,9150 Russell Fall,Port Brandi,NV,84658,US,SMB,Finance,Active,Organic,2024-05-08,202641.39,0,2020-11-16T20:39:47.399411,2024-02-22T13:48:18.251559
458,CUST-00458,Jessica,Walker,Jessica Walker,huangscott@example.net,362-907-2662x9250,0299 Kayla Greens Apt. 688,Carlosborough,ID,27064,US,Enterprise,Education,Prospect,Organic,2019-12-17,169446.26,0,2021-03-06T01:58:58.159814,2024-02-02T15:25:02.142425
459,CUST-00459,David,Velazquez,David Velazquez,jamesmoon@example.com,378-417-0321,1363 Anderson Park,Nicholasborough,IL,59154,US,Mid-Market,Media,Active,Partner,2020-07-03,40453.86,1,2018-07-10T00:04:11.303514,2024-09-01T10:37:26.319713
460,CUST-00460,Kenneth,Baker,Kenneth Baker,michellemorris@example.org,(348)801-6440x3734,127 Contreras Extension Apt. 102,South Patriciashire,ND,24407,US,Consumer,Technology,Inactive,Event,2018-05-06,46520.72,1,2018-09-19T13:49:11.590678,2024-03-11T18:41:50.295014
461,CUST-00461,April,Beltran,April Beltran,jessica79@example.com,763.883.1828,3970 Floyd Radial,Powellville,NH,63195,US,Consumer,Healthcare,Prospect,Partner,2019-03-15,220832.79,1,2022-11-25T11:38:33.657281,2024-05-27T08:57:34.733979
462,CUST-00462,Sharon,Young,Sharon Young,michellesmith@example.org,(282)712-2355x2165,46921 Charles Ports Apt. 596,Fischerton,OH,77916,US,Consumer,Government,Active,Event,2020-11-01,54091.63,0,2021-09-27T13:36:54.020649,2024-09-06T13:28:32.866151
463,CUST-00463,Joe,Hanson,Joe Hanson,bentondavid@example.org,309-338-6948x42495,7887 Heather Mill Apt. 523,Westfort,ID,71184,US,Enterprise,Real Estate,Active,Partner,2021-10-16,47146.48,0,2023-05-20T20:07:06.511174,2024-08-28T08:41:15.480880
464,CUST-00464,Anthony,Gilbert,Anthony Gilbert,stuartbryan@example.net,+1-477-498-7682x9968,937 Krystal Place Suite 806,Lake Colleen,IA,48824,US,Mid-Market,Logistics,Active,Paid Search,2019-12-04,167840.01,1,2018-05-13T14:02:13.941602,2024-04-08T13:46:12.922945
465,CUST-00465,Anthony,Kline,Anthony Kline,njames@example.com,+1-479-800-1248x2554,632 Serrano Ridge Suite 232,Kristinebury,VI,26003,US,SMB,Real Estate,Inactive,Partner,2020-07-10,98439.73,0,2021-10-28T00:59:38.479869,2024-11-25T22:55:59.319227
466,CUST-00466,Ashley,Garcia,Ashley Garcia,christopher52@example.net,001-757-325-6292x693,186 Diaz Rue,Stonefurt,PR,73728,US,SMB,Education,Inactive,Partner,2020-10-31,43545.61,0,2020-04-09T02:32:34.628249,2024-08-11T05:13:11.206565
467,CUST-00467,Katelyn,Mejia,Katelyn Mejia,jeffrey34@example.net,+1-718-591-1797x203,15364 Mark Motorway Apt. 553,East Jessicastad,RI,28611,US,Enterprise,Retail,Active,Organic,2020-01-05,60023.9,0,2023-09-21T15:06:04.037261,2024-06-23T03:54:57.124351
468,CUST-00468,Meghan,Warren,Meghan Warren,uwest@example.org,4949214105,819 Hoffman Rapids Apt. 704,Davidhaven,NC,73613,US,Mid-Market,Education,Prospect,Referral,2019-09-01,127950.8,1,2023-12-30T02:16:37.347718,2024-05-07T11:36:35.949327
469,CUST-00469,Francisco,Taylor,Francisco Taylor,ubutler@example.net,767.887.4422x75854,9428 Kevin Ridges Apt. 165,East Sarahtown,FM,05665,US,Mid-Market,Real Estate,Inactive,Social Media,2020-04-25,46845.55,0,2018-04-20T14:07:11.703423,2024-10-20T09:26:35.453220
470,CUST-00470,Nathan,Hall,Nathan Hall,charlesyoung@example.net,255-513-0557,214 Mitchell Pike Suite 699,Thomasbury,NE,59352,US,Mid-Market,Logistics,Active,Referral,2022-07-13,47181.1,1,2024-04-16T12:12:20.249130,2024-10-15T17:03:43.355546
471,CUST-00471,Jennifer,Carter,Jennifer Carter,andersonmeghan@example.net,001-525-343-1832x812,92049 Brian Streets,North Aprilchester,KS,64665,US,Enterprise,Education,Active,Social Media,2020-11-22,34565.41,1,2019-02-14T08:17:25.921599,2024-09-19T14:54:41.794077
472,CUST-00472,Steven,Johnson,Steven Johnson,tpowell@example.org,+1-872-425-7754x5847,2918 Reyes Shoals,Lake Curtis,AR,72508,US,Consumer,Government,Prospect,Social Media,2019-02-26,104199.79,1,2024-01-31T05:47:53.759274,2024-09-19T21:27:04.856603
473,CUST-00473,Susan,Brewer,Susan Brewer,mmcdaniel@example.com,001-539-892-0522x299,65914 Angela Divide,East Mark,MN,92575,US,Consumer,Retail,Active,Partner,2019-03-25,8199.75,0,2024-09-30T08:54:35.385544,2024-10-15T21:39:54.917867
474,CUST-00474,Melissa,Fernandez,Melissa Fernandez,joseph17@example.net,+1-977-332-6430x9544,9970 Ashley Mill,East Brianbury,TN,78606,US,SMB,Healthcare,Active,Referral,2020-03-29,134633.35,0,2021-04-12T12:20:22.578706,2024-07-11T21:10:06.980447
475,CUST-00475,Tyler,Rodriguez,Tyler Rodriguez,devon88@example.org,(520)412-5608,48797 Bailey Fords,Elizabethstad,HI,31538,US,Consumer,Real Estate,Prospect,Social Media,2021-06-07,137656.68,0,2022-06-18T06:19:48.132398,2024-05-24T07:55:59.589719
476,CUST-00476,Bruce,Monroe,Bruce Monroe,harrisjoshua@example.com,761.499.5171,910 Dawn Expressway,Elizabethland,ME,26563,US,Enterprise,Manufacturing,Churned,Paid Search,2023-04-03,135739.82,0,2021-05-06T16:30:51.691843,2024-08-27T06:34:52.711166
477,CUST-00477,Jessica,Lee,Jessica Lee,rhondaray@example.com,239-471-9126,32176 Goodwin Dam,North Catherineland,DE,15274,US,Consumer,Media,Active,Social Media,2022-04-14,26052.9,0,2020-09-04T21:06:49.235546,2024-02-08T05:58:35.749496
478,CUST-00478,Robin,Williams,Robin Williams,griffinjennifer@example.net,001-787-533-9304x936,274 Edward Tunnel,Gregoryland,LA,03477,US,SMB,Healthcare,Inactive,Paid Search,2022-04-28,87469.96,0,2023-07-12T19:45:39.222416,2024-09-06T23:50:18.393975
479,CUST-00479,Colleen,Taylor,Colleen Taylor,raymark@example.org,(794)862-0935,039 Anderson Square,Colonville,IN,59972,US,Consumer,Finance,Active,Referral,2020-05-11,202770.33,0,2018-10-31T06:29:09.732383,2024-04-10T19:39:27.522694
480,CUST-00480,Rodney,Howard,Rodney Howard,paul23@example.org,912-502-7061x592,0299 Scott Stravenue Apt. 669,South Jeremyberg,VI,37384,US,Consumer,Retail,Churned,Referral,2020-04-14,196319.9,0,2021-09-19T08:33:33.981254,2024-12-11T22:13:08.469335
481,CUST-00481,Daniel,Flores,Daniel Flores,mariacohen@example.net,7348030109,756 Dean Land Suite 955,Ronaldburgh,IA,33436,US,Enterprise,Real Estate,Active,Partner,2024-09-01,70630.71,0,2021-05-10T18:50:02.248741,2024-02-08T22:50:14.729177
482,CUST-00482,Mary,King,Mary King,williamsbrian@example.org,410.830.6831x76417,081 West Drive,Port Jennifermouth,VT,08470,US,SMB,Manufacturing,Active,Partner,2021-01-14,67202.1,0,2021-03-30T14:12:14.638477,2024-03-12T13:08:48.648416
483,CUST-00483,Brad,Chavez,Brad Chavez,vmarquez@example.org,4453847436,09625 Griffin Squares,Carlsonfort,AK,27313,US,Mid-Market,Government,Active,Paid Search,2019-09-23,216828.37,0,2018-11-04T23:43:46.457632,2024-01-03T00:01:09.533258
484,CUST-00484,James,Lambert,James Lambert,catherinemoore@example.com,966-262-1591x832,46661 Hanna Road,Port Carlosville,AR,59081,US,Mid-Market,Technology,Active,Event,2024-02-08,80863.13,0,2022-02-13T05:49:13.500078,2024-08-31T22:51:24.714852
485,CUST-00485,David,King,David King,brenda88@example.org,001-294-690-5315x204,9873 James Ramp Suite 166,Curtisfurt,CT,19957,US,Consumer,Logistics,Active,Partner,2018-02-20,158284.29,1,2019-07-07T19:42:01.026414,2024-04-14T21:58:40.045687
486,CUST-00486,Brandon,Castillo,Brandon Castillo,mariahgill@example.com,(938)299-4991,426 Anthony Mountain,New Stevenside,PR,22983,US,Consumer,Logistics,Active,Event,2019-11-12,198752.36,0,2018-09-28T03:31:12.796145,2024-05-30T07:57:25.234030
487,CUST-00487,Mary,Guerrero,Mary Guerrero,cody81@example.org,(299)689-8972x117,86448 Eugene Crest,Arroyostad,NC,67759,US,Consumer,Media,Prospect,Paid Search,2022-08-13,173828.55,0,2023-02-28T21:51:39.762659,2024-03-26T07:52:57.413261
488,CUST-00488,Tonya,Compton,Tonya Compton,ryanbryan@example.org,380-667-5712x369,12879 Moody Rapid Suite 882,Barberfurt,OR,88355,US,Consumer,Logistics,Active,Partner,2020-08-13,1117.03,0,2024-07-05T15:06:32.250097,2024-06-23T15:09:36.445709
489,CUST-00489,Cynthia,Adams,Cynthia Adams,jennifergreen@example.org,001-461-956-0783,883 Sharp Knoll Apt. 796,West Danielle,FM,79766,US,Consumer,Education,Active,Partner,2022-02-14,99730.11,1,2024-06-25T10:28:29.891741,2024-09-13T22:27:53.633267
490,CUST-00490,Justin,Bishop,Justin Bishop,jenniferwalls@example.com,4477842170,2259 Margaret Lodge,Amyberg,AL,66368,US,Mid-Market,Logistics,Active,Paid Search,2020-09-07,207171.73,0,2024-10-09T08:12:44.043425,2024-12-17T09:59:36.530607
491,CUST-00491,Kimberly,Adams,Kimberly Adams,christinabeard@example.org,367-328-7991x609,31935 Yolanda Well Apt. 613,South Jennifer,MH,00556,US,Mid-Market,Real Estate,Inactive,Paid Search,2020-10-19,223591.59,0,2020-05-23T11:01:29.237887,2024-12-25T01:12:53.534272
492,CUST-00492,Bradley,Scott,Bradley Scott,moraleskimberly@example.net,3258447241,034 Johnson Port Suite 617,Mosleyland,WI,68106,US,Enterprise,Finance,Prospect,Social Media,2021-11-22,4562.2,0,2018-11-21T01:01:32.027899,2024-04-04T16:20:57.448514
493,CUST-00493,Amanda,Mullins,Amanda Mullins,clinesteven@example.net,(514)717-4681,6486 Holly Prairie,Hortonside,NV,41345,US,Consumer,Logistics,Active,Social Media,2022-05-31,50978.39,0,2024-07-05T20:55:25.785875,2024-05-19T12:07:50.405561
494,CUST-00494,Larry,Stafford,Larry Stafford,brianna50@example.org,892-292-0753,17160 Marissa Plain Suite 365,South Theresa,SD,16985,US,SMB,Retail,Active,Organic,2018-08-19,163819.7,0,2018-09-13T14:54:35.768238,2024-07-31T00:17:51.355686
495,CUST-00495,Mark,Greene,Mark Greene,williamsbrooke@example.net,001-642-848-9420,489 Reynolds Loop Apt. 564,North Lori,ME,41755,US,Enterprise,Education,Prospect,Event,2020-08-26,41798.51,1,2020-12-18T16:44:48.344662,2024-05-13T07:01:23.430015
496,CUST-00496,Katelyn,Morgan,Katelyn Morgan,tpatton@example.com,638.890.6235,26540 Randy Isle Suite 300,Martinburgh,DE,23426,US,SMB,Technology,Inactive,Event,2024-03-31,23254.2,0,2019-01-24T21:50:49.208004,2024-03-07T06:17:24.281319
497,CUST-00497,Kathleen,Hayes,Kathleen Hayes,ebenson@example.com,(725)691-6011x2411,08017 Olson Park Apt. 312,Scotttown,AS,36309,US,Enterprise,Technology,Inactive,Organic,2024-09-30,33608.6,0,2021-02-14T06:30:04.110966,2024-12-29T21:11:36.758652
498,CUST-00498,Ricky,Baker,Ricky Baker,ujones@example.org,(803)784-3753,078 Beltran Roads Apt. 548,West David,TN,73572,US,Consumer,Healthcare,Active,Event,2019-02-24,86221.75,0,2022-11-11T16:39:57.250279,2024-03-26T02:48:48.357869
499,CUST-00499,Mark,King,Mark King,brandon64@example.com,+1-654-975-2311x2327,7633 Newman Springs,South Geoffrey,ID,73257,US,Consumer,Retail,Inactive,Organic,2023-07-30,57622.24,0,2021-10-09T10:02:01.572746,2024-09-07T17:46:08.522146
500,CUST-00500,Lori,Hurst,Lori Hurst,penabruce@example.org,+1-463-604-5306x935,3400 Xavier Stravenue,Alexanderhaven,LA,67896,US,Enterprise,Finance,Active,Paid Search,2020-06-22,220306.75,0,2024-05-02T04:30:10.523155,2024-11-04T09:02:54.650137
501,CUST-00501,Michael,Jackson,Michael Jackson,jose60@example.net,385.217.9937,91287 Sawyer Street Suite 999,Mcneilhaven,NY,20817,US,Consumer,Retail,Prospect,Event,2019-10-12,36141.84,0,2024-03-11T13:07:23.806330,2024-10-06T17:54:41.083691
502,CUST-00502,Carol,Torres,Carol Torres,iriley@example.com,847-624-6301,2383 Martin Freeway,New Laura,FL,15276,US,Mid-Market,Logistics,Active,Event,2024-11-23,53657.34,0,2024-11-23T12:06:53.735263,2024-08-29T09:19:12.430968
503,CUST-00503,Vincent,Myers,Vincent Myers,tonyaholmes@example.net,2984322101,00186 Hamilton Crescent,North Williamside,PW,89202,US,Consumer,Real Estate,Prospect,Social Media,2023-09-20,215060.65,0,2021-05-14T01:02:40.135515,2024-05-21T08:40:40.661637
504,CUST-00504,Alex,Miller,Alex Miller,patrick14@example.org,001-438-545-3198x074,6951 Adam Street Apt. 762,West Lisaview,MA,97781,US,Enterprise,Retail,Active,Partner,2020-01-26,182637.28,0,2022-02-12T18:17:17.240615,2024-06-09T03:18:22.829039
505,CUST-00505,Charles,Smith,Charles Smith,qreynolds@example.com,(741)310-6541x13407,949 Williams Ridges Apt. 583,Barnesborough,LA,73109,US,Consumer,Education,Active,Referral,2022-10-28,69603.43,0,2018-12-26T22:52:25.840193,2024-07-14T13:15:16.535438
506,CUST-00506,Ashley,Howell,Ashley Howell,hglover@example.org,+1-968-388-9178,59625 Anthony Port Suite 609,East Andrew,CO,17894,US,Mid-Market,Media,Churned,Partner,2019-02-12,180434.32,0,2021-01-08T04:51:53.884353,2024-09-13T18:20:47.967240
507,CUST-00507,Vanessa,Gibson,Vanessa Gibson,omarturner@example.org,+1-709-352-1755,7412 Phillips Rapids Apt. 118,West Christopher,VT,78124,US,Enterprise,Manufacturing,Active,Partner,2024-09-28,151928.25,0,2020-10-26T14:09:24.056895,2024-02-20T10:10:42.562533
508,CUST-00508,Joseph,Martin,Joseph Martin,lcook@example.org,204.754.2185x457,209 David Ways Suite 709,Lake Brandonfurt,IN,92792,US,Consumer,Manufacturing,Prospect,Organic,2022-03-22,196058.5,0,2024-04-15T12:08:15.998333,2024-05-30T01:31:00.552278
509,CUST-00509,Stephanie,Stevens,Stephanie Stevens,joshualin@example.org,628.995.4001x78822,26168 Smith Circles,Port Michaelside,SD,91991,US,Consumer,Government,Active,Referral,2019-06-25,125145.84,0,2023-04-09T19:35:48.732519,2024-01-22T14:16:20.298564
510,CUST-00510,Darren,Watson,Darren Watson,meganblackwell@example.org,+1-215-226-1053x7092,69500 Scott Squares Apt. 894,Hollybury,AS,85155,US,Enterprise,Education,Active,Referral,2018-01-03,97016.14,1,2018-12-27T00:15:22.142351,2024-07-26T16:48:20.134217
511,CUST-00511,Taylor,Watkins,Taylor Watkins,mcooper@example.com,371-561-9827x348,45025 Walker Falls,South Patriciaborough,FM,95970,US,SMB,Media,Prospect,Referral,2022-01-04,190800.12,0,2020-07-09T00:20:47.347663,2024-04-03T16:59:56.309575
512,CUST-00512,Kathryn,Colon,Kathryn Colon,robertbrown@example.com,+1-660-667-3983,425 Patrick Union,Richardberg,ND,06718,US,Enterprise,Real Estate,Active,Organic,2020-05-12,65915.23,0,2020-04-25T15:33:34.472234,2024-01-20T10:11:34.685092
513,CUST-00513,Lisa,Mcintosh,Lisa Mcintosh,nward@example.com,(715)762-3920x908,74091 Cory Corner,South Kimberlyfurt,CT,79278,US,Enterprise,Government,Churned,Paid Search,2022-12-07,157328.39,1,2024-11-25T22:22:24.727731,2024-01-07T23:44:40.530654
514,CUST-00514,Mark,Phillips,Mark Phillips,sbrown@example.org,(406)295-3541,227 Glover Port,Monicaton,AL,21198,US,Consumer,Government,Active,Event,2024-08-05,134372.92,0,2024-01-07T23:38:36.728806,2024-10-04T23:51:24.954946
515,CUST-00515,Holly,Williams,Holly Williams,jason25@example.net,+1-494-979-5074x0717,9503 Brandon Lock,Susanborough,ME,95052,US,SMB,Finance,Active,Organic,2020-03-27,128070.52,0,2018-02-01T04:41:32.908278,2024-09-09T13:13:04.891862
516,CUST-00516,Beth,Smith,Beth Smith,johnsross@example.net,+1-441-718-4913x599,59520 Hughes Bypass Apt. 679,Lake Andrewshire,NE,72262,US,Mid-Market,Media,Active,Social Media,2020-06-09,146816.07,0,2018-05-31T06:24:08.145898,2024-07-19T02:31:22.964108
517,CUST-00517,Jennifer,Woods,Jennifer Woods,wendymason@example.net,+1-923-839-4495x3006,5032 Poole Cliffs,Lewisfurt,MD,33937,US,SMB,Government,Prospect,Referral,2018-04-23,14947.53,0,2018-11-29T07:12:13.231903,2024-05-23T03:58:32.626428
518,CUST-00518,Justin,Stevens,Justin Stevens,burtondoris@example.net,001-823-234-5110x090,08868 Sanchez Drive Apt. 166,Robinsonberg,RI,01352,US,Consumer,Finance,Inactive,Partner,2019-10-14,152403.68,0,2019-12-21T17:51:00.159619,2024-09-05T06:31:24.561530
519,CUST-00519,Susan,Mclean,Susan Mclean,kmorris@example.org,529-596-4260,202 Wood Pike Apt. 147,Wuberg,AL,58817,US,Mid-Market,Finance,Active,Event,2021-03-12,34734.34,0,2018-10-20T18:00:02.106396,2024-10-20T05:19:43.903024
520,CUST-00520,Meagan,Perez,Meagan Perez,whiteryan@example.org,992-215-8189,161 Wesley Forest Suite 588,Lake Briannamouth,OK,98755,US,Mid-Market,Logistics,Active,Partner,2023-04-06,129547.1,0,2021-03-31T08:16:48.543413,2024-12-22T01:10:52.087615
521,CUST-00521,Gary,Vazquez,Gary Vazquez,fletcherkaren@example.com,478.993.1869,454 Diane Passage,East Jennifer,NJ,21801,US,Mid-Market,Education,Active,Event,2020-09-02,195390.43,0,2018-01-04T02:47:15.975954,2024-03-06T00:19:18.424448
522,CUST-00522,Jason,Phillips,Jason Phillips,derekdougherty@example.org,714-547-4328x116,202 Cynthia Causeway,Sharonberg,IN,17697,US,Enterprise,Healthcare,Active,Social Media,2018-11-22,68359.16,0,2018-11-30T18:34:33.385654,2024-06-09T15:21:22.857835
523,CUST-00523,Michael,Arias,Michael Arias,sanchezjennifer@example.org,001-528-916-5064x630,5691 David Cliffs Apt. 291,Flemingland,NJ,39630,US,SMB,Real Estate,Prospect,Organic,2022-11-13,124288.82,0,2020-08-24T11:23:59.754496,2024-08-10T13:42:45.185927
524,CUST-00524,Michelle,Moore,Michelle Moore,davidglover@example.com,384.519.6622,7080 Sullivan Land,Skinnerfurt,NH,99216,US,Enterprise,Logistics,Churned,Referral,2023-03-30,92238.1,0,2024-02-20T15:28:57.176144,2024-01-15T20:26:57.196666
525,CUST-00525,Jesus,Long,Jesus Long,dcox@example.com,001-644-540-7663,650 Holland Lane,South James,PR,22644,US,Enterprise,Real Estate,Prospect,Event,2019-01-26,29275.73,0,2020-09-11T22:19:04.458847,2024-06-07T18:50:58.191313
526,CUST-00526,Mary,Davis,Mary Davis,javier62@example.net,885-442-1880x87991,419 Baker Flats,Lindaberg,VA,37428,US,Enterprise,Healthcare,Active,Organic,2024-10-11,118205.27,1,2024-08-18T03:09:55.809696,2024-12-22T12:34:02.802117
527,CUST-00527,Jacob,Diaz,Jacob Diaz,jeffreygreen@example.org,7316158760,6947 Flynn Locks Suite 535,South Nathan,NJ,36002,US,Mid-Market,Retail,Active,Partner,2018-05-28,200877.31,1,2020-10-01T13:52:36.514743,2024-12-06T19:36:07.168555
528,CUST-00528,Brooke,Shaw,Brooke Shaw,jordanrebecca@example.org,725-645-0809,2692 Buchanan Landing,Sandersmouth,HI,15291,US,Mid-Market,Education,Active,Social Media,2024-09-25,229005.76,0,2023-12-22T09:56:54.858653,2024-03-28T16:01:25.818001
529,CUST-00529,Shawn,Pollard,Shawn Pollard,kimberly91@example.com,(561)440-4893,45430 Knight Forges Suite 310,New Debbieville,NM,70077,US,SMB,Finance,Churned,Paid Search,2018-12-16,30290.53,0,2023-10-02T21:48:04.577149,2024-12-02T15:06:22.939062
530,CUST-00530,Douglas,Martinez,Douglas Martinez,jdavis@example.com,923-554-2687x44701,086 Hutchinson View,East Rebecca,NH,59872,US,Mid-Market,Technology,Churned,Organic,2020-07-30,238542.81,0,2018-12-04T12:53:50.379318,2024-06-06T08:53:51.733890
531,CUST-00531,Evelyn,Russell,Evelyn Russell,rodriguezrhonda@example.net,2522781055,72214 Luis Shore,North Ronald,PA,39969,US,Consumer,Manufacturing,Active,Paid Search,2019-05-14,22053.19,1,2019-08-03T11:14:49.139846,2024-07-28T23:04:00.949948
532,CUST-00532,Latoya,Hammond,Latoya Hammond,orice@example.net,772-703-1369,620 Barbara Roads,Bowersstad,DC,94759,US,Enterprise,Education,Active,Paid Search,2019-07-11,141169.78,0,2020-08-12T17:45:25.725614,2024-08-13T05:24:44.315751
533,CUST-00533,Margaret,Heath,Margaret Heath,eddiehernandez@example.net,001-773-593-8992x045,66185 Terrence Course,New Theresaton,NY,25068,US,Mid-Market,Logistics,Active,Partner,2022-10-12,242978.51,0,2020-09-21T12:20:04.532326,2024-07-01T04:58:32.334064
534,CUST-00534,Susan,Duran,Susan Duran,patrickgarcia@example.com,426-315-8388,648 Chan Neck Apt. 574,East Jason,IL,91052,US,Mid-Market,Retail,Active,Social Media,2023-08-25,6465.61,0,2024-11-16T04:44:19.770172,2024-02-21T20:06:59.551050
535,CUST-00535,Evan,Joseph,Evan Joseph,websterkelly@example.org,(789)522-2560x629,063 Lin Gardens Apt. 180,Randyfort,KY,14203,US,Enterprise,Education,Active,Event,2018-02-13,94380.57,0,2023-10-17T12:46:55.019144,2024-01-03T07:27:09.376563
536,CUST-00536,Elizabeth,Perez,Elizabeth Perez,kelsey85@example.org,8135626084,561 Cross Turnpike Suite 055,Ashleyburgh,SC,86967,US,Enterprise,Technology,Churned,Referral,2021-11-29,105244.05,0,2018-06-22T00:00:32.048327,2024-02-01T15:37:20.433757
537,CUST-00537,Tiffany,Adams,Tiffany Adams,mark40@example.net,+1-919-269-3957x8752,42620 Cindy Run,Davisland,FL,40803,US,Mid-Market,Manufacturing,Active,Organic,2018-07-18,230357.96,1,2018-07-07T08:00:01.170314,2024-03-14T20:28:56.898906
538,CUST-00538,John,Moran,John Moran,kford@example.net,560.398.7312x677,76075 Wong Manor,Johnborough,SC,90277,US,SMB,Logistics,Prospect,Organic,2024-05-04,145402.27,0,2022-01-01T04:16:03.977774,2024-12-01T04:45:57.932006
539,CUST-00539,Heather,Harris,Heather Harris,mmurphy@example.org,795.923.1202x19150,4974 Smith Causeway Apt. 268,Fosterport,ND,87713,US,Consumer,Finance,Churned,Partner,2022-03-21,16039.57,0,2023-05-03T23:44:19.327747,2024-06-30T16:28:52.610937
540,CUST-00540,Kenneth,West,Kenneth West,nicole16@example.org,(956)504-5006x3553,649 Jensen Mountain,Millershire,SD,47437,US,Mid-Market,Manufacturing,Active,Paid Search,2021-02-24,231547.47,1,2018-12-18T01:47:37.848959,2024-09-11T17:11:04.990299
541,CUST-00541,Jeffrey,Harris,Jeffrey Harris,lball@example.com,(712)682-7636x431,654 Sandoval Gateway Suite 544,West Jenna,WY,10068,US,SMB,Education,Inactive,Paid Search,2022-11-11,58786.0,0,2023-07-17T14:28:53.663993,2024-04-21T18:12:59.561082
542,CUST-00542,David,Hudson,David Hudson,karensanchez@example.net,449-474-3946x408,95862 Cummings Forge,Coryburgh,CT,01546,US,Mid-Market,Real Estate,Active,Referral,2022-03-23,26861.61,1,2024-12-25T03:17:56.284400,2024-10-05T06:01:32.105548
543,CUST-00543,Sean,Brown,Sean Brown,egill@example.com,585-234-6557x9220,4964 Hickman Drive,New Brian,AK,19039,US,Consumer,Education,Inactive,Organic,2019-03-20,134213.17,0,2024-04-12T08:13:13.396051,2024-11-16T02:51:06.764968
544,CUST-00544,Daniel,Maxwell,Daniel Maxwell,zcook@example.com,596.335.9570x86199,584 Jordan Islands Suite 631,East Sarahside,MN,06800,US,Consumer,Manufacturing,Inactive,Paid Search,2019-06-06,213194.31,0,2024-03-12T02:32:40.745788,2024-04-18T13:32:24.056402
545,CUST-00545,Isaiah,Poole,Isaiah Poole,arthurwright@example.com,842.846.3104x379,85294 Mullins Causeway,Port Desiree,SD,87357,US,Mid-Market,Manufacturing,Prospect,Event,2019-02-07,151023.97,0,2024-10-21T03:28:37.529708,2024-06-09T08:44:46.585182
546,CUST-00546,Justin,Owens,Justin Owens,turnermckenzie@example.org,(638)850-2289,2752 James Pike Apt. 930,North Dennis,MO,75686,US,SMB,Retail,Active,Event,2019-04-27,62430.59,0,2024-12-09T06:58:31.321163,2024-03-19T21:10:56.959343
547,CUST-00547,Natalie,Hall,Natalie Hall,ricky71@example.net,001-716-775-0762x799,024 Clark Common,East Jessica,OH,34358,US,Consumer,Media,Active,Event,2019-07-15,75060.76,0,2023-09-17T20:40:30.135268,2024-03-03T10:47:25.366291
548,CUST-00548,Anthony,Nelson,Anthony Nelson,brandonfernandez@example.com,290-717-2224,6487 Marie Mountains,Morrisview,MT,14377,US,Enterprise,Government,Inactive,Partner,2024-06-04,187145.57,0,2022-05-10T14:17:04.772095,2024-10-31T15:50:32.969339
549,CUST-00549,Shari,White,Shari White,iward@example.org,+1-472-772-5812,566 Marquez Parkways,East Todd,SC,25093,US,Enterprise,Logistics,Active,Referral,2019-11-06,30802.59,0,2021-02-27T16:48:41.142095,2024-10-08T14:35:37.792824
550,CUST-00550,Charles,Lopez,Charles Lopez,krausedavid@example.com,503.458.6901x70740,99945 Carly Street Apt. 712,East Rebecca,MS,98600,US,Mid-Market,Retail,Active,Social Media,2018-11-29,93373.82,0,2019-10-13T13:42:50.968851,2024-03-21T15:13:15.241112
551,CUST-00551,Shawn,Martin,Shawn Martin,edward16@example.org,(654)996-3308x3344,8878 Smith Mountain,Port Gabrielstad,RI,90038,US,SMB,Finance,Active,Organic,2020-07-10,49838.71,1,2020-08-22T22:46:50.557082,2024-07-04T17:45:51.856203
552,CUST-00552,Michael,Salazar,Michael Salazar,kristinwest@example.com,+1-926-963-2956x342,2259 Andres Common Suite 581,Port Cassandra,AK,86237,US,Mid-Market,Finance,Active,Organic,2024-02-15,11152.73,1,2020-07-31T20:54:30.227229,2024-09-22T09:31:19.717470
553,CUST-00553,Eric,Watkins,Eric Watkins,sandra63@example.org,(995)459-6363,94206 Jones Shore Suite 980,Coltonborough,VA,14521,US,Enterprise,Retail,Churned,Social Media,2018-10-27,205510.51,1,2019-07-25T01:52:37.849270,2024-07-16T00:30:46.981743
554,CUST-00554,Melissa,Williams,Melissa Williams,janetmoore@example.net,322-712-1548,8687 Evans Branch,Port Brandihaven,MD,34860,US,Consumer,Healthcare,Inactive,Event,2022-01-06,106952.67,0,2021-11-22T19:57:02.635926,2024-01-22T09:45:19.601933
555,CUST-00555,Kyle,Torres,Kyle Torres,williamspaul@example.net,377.887.3585x66464,42192 Stokes Fall,East Isaacport,UT,08884,US,Mid-Market,Retail,Active,Paid Search,2018-12-08,111779.85,0,2018-04-27T05:26:32.941228,2024-02-29T16:37:40.102204
556,CUST-00556,Johnny,Robinson,Johnny Robinson,jessica89@example.net,617-397-2699,318 Brian Wells,Hendersontown,WA,90703,US,Enterprise,Real Estate,Churned,Partner,2024-10-21,61823.3,0,2023-03-20T13:00:44.126614,2024-09-15T11:31:39.322058
557,CUST-00557,Bryan,Bailey,Bryan Bailey,amberlee@example.com,510.250.5243,269 Donna Port Apt. 076,Martinmouth,WV,57667,US,Consumer,Government,Churned,Social Media,2019-05-18,15714.28,0,2024-07-14T04:27:03.375784,2024-11-09T22:52:02.998824
558,CUST-00558,Gregory,Peters,Gregory Peters,nnunez@example.org,861.685.1862x6713,13282 Rachel Stravenue,North Emily,PR,67098,US,Consumer,Retail,Inactive,Referral,2024-03-23,160841.81,0,2023-02-12T15:58:25.062723,2024-03-22T21:54:34.965526
559,CUST-00559,Rachael,Murray,Rachael Murray,ricemark@example.net,001-206-377-6106x592,19279 Huber Crescent Suite 815,Rileyside,SD,32869,US,Enterprise,Government,Prospect,Paid Search,2022-03-14,120181.27,1,2021-10-14T20:11:41.653053,2024-04-19T09:36:46.647829
560,CUST-00560,Donna,Thompson,Donna Thompson,jacquelinebennett@example.net,(486)729-5912x5734,94607 Tanner Prairie Apt. 747,Port Christina,NE,77868,US,SMB,Real Estate,Churned,Paid Search,2022-09-23,97401.13,0,2024-12-01T12:15:34.603740,2024-04-21T10:50:25.543162
561,CUST-00561,Kathy,Andrews,Kathy Andrews,hartangela@example.net,547.648.5994x641,7347 Clark Street,South Kellyshire,ND,04165,US,Enterprise,Education,Churned,Referral,2020-10-10,7811.21,0,2019-11-09T21:43:23.091110,2024-04-25T16:04:11.469507
562,CUST-00562,Laura,Jackson,Laura Jackson,uliu@example.org,602-262-7066,248 Howard Cove,North Angela,ND,75622,US,Enterprise,Logistics,Churned,Paid Search,2022-06-24,191827.12,0,2021-11-20T23:19:19.491184,2024-11-16T05:25:13.872449
563,CUST-00563,Linda,Rivera,Linda Rivera,christinedoyle@example.com,001-518-256-3027x500,661 Newman Brook Suite 641,Katrinaborough,GU,57946,US,Mid-Market,Finance,Active,Event,2020-02-19,60667.62,0,2024-11-06T16:18:43.725235,2024-08-31T09:03:55.004736
564,CUST-00564,Phyllis,Phillips,Phyllis Phillips,shawtimothy@example.net,5188726001,103 Ellison Hollow Suite 299,South Timothymouth,NE,73721,US,Mid-Market,Real Estate,Inactive,Paid Search,2021-02-21,233833.91,0,2024-04-25T12:01:18.245945,2024-05-26T17:14:08.444663
565,CUST-00565,Sabrina,Martin,Sabrina Martin,xthomas@example.org,855-499-6725,19053 Sarah Rue,Scotttown,KS,65893,US,Mid-Market,Technology,Churned,Paid Search,2024-07-30,201649.45,0,2020-02-25T11:12:22.345271,2024-11-25T16:20:00.996401
566,CUST-00566,Kevin,Roberts,Kevin Roberts,carla96@example.com,(413)683-5071,531 Jacqueline Wall Apt. 036,Lake Jack,CO,09412,US,Enterprise,Education,Churned,Partner,2023-07-01,35954.52,0,2024-07-03T06:42:59.172484,2024-10-12T03:54:06.049816
567,CUST-00567,Joel,Maxwell,Joel Maxwell,bsimpson@example.com,+1-783-495-8558,425 Jennifer Island,South Darrellhaven,MD,64628,US,Consumer,Media,Active,Referral,2019-01-01,122863.89,0,2020-07-30T05:31:21.811971,2024-01-31T18:08:57.652572
568,CUST-00568,Carl,Rogers,Carl Rogers,coxcarol@example.com,674.347.3535x247,59497 Jordan Vista Apt. 053,Dixontown,IN,26090,US,Enterprise,Technology,Churned,Referral,2018-05-14,5472.03,1,2018-11-16T00:27:10.490162,2024-03-20T16:55:12.487916
569,CUST-00569,Christopher,Cobb,Christopher Cobb,margaretboyd@example.net,(360)787-8828,8730 Wilcox Mews,West Gabrielle,MD,24295,US,Enterprise,Education,Churned,Referral,2022-10-26,201708.13,0,2018-11-09T09:54:05.070698,2024-09-10T02:13:10.089446
570,CUST-00570,Ricky,Decker,Ricky Decker,jessica78@example.org,689-815-6734,77629 Chapman Circles Suite 336,New Cassandra,KS,49793,US,Mid-Market,Education,Active,Organic,2019-06-28,37354.15,0,2022-05-27T23:48:58.374861,2024-06-06T09:13:19.596477
571,CUST-00571,Teresa,Peterson,Teresa Peterson,norrisdaniel@example.net,+1-385-873-9083x521,2464 Harvey Villages Suite 957,New Renee,MN,64762,US,Enterprise,Media,Active,Organic,2022-04-08,93710.9,1,2020-04-19T21:14:04.081740,2024-09-16T20:27:12.216663
572,CUST-00572,Michael,Meyer,Michael Meyer,kirbybrett@example.org,579-978-9124,0598 Moon Greens,Lisaview,WY,27516,US,Enterprise,Education,Active,Paid Search,2024-08-13,34544.69,0,2020-12-23T11:03:12.558990,2024-10-05T08:39:58.377117
573,CUST-00573,Ernest,Cooley,Ernest Cooley,millerjessica@example.net,5389856811,5900 Martha Mills,Raystad,MD,19874,US,Consumer,Logistics,Prospect,Paid Search,2024-11-15,43963.57,0,2021-12-03T01:26:57.874477,2024-06-04T15:10:49.066949
574,CUST-00574,Rodney,Clark,Rodney Clark,christopher58@example.net,001-307-205-3260x119,297 Taylor Way,Michaelbury,VA,56415,US,Mid-Market,Real Estate,Active,Social Media,2023-10-05,77052.4,0,2018-04-19T00:33:10.850798,2024-01-22T14:52:40.730491
575,CUST-00575,Amanda,Mckenzie,Amanda Mckenzie,williamsmark@example.org,937-336-1587x3662,589 Carroll Fords,Johnton,VT,01433,US,Mid-Market,Retail,Prospect,Organic,2023-08-01,237222.63,1,2022-05-21T16:04:20.188021,2024-07-18T07:21:02.393751
576,CUST-00576,Theresa,Bray,Theresa Bray,odavis@example.com,731.356.6397x925,4369 Donna Villages,South Todd,NH,04193,US,Enterprise,Retail,Churned,Paid Search,2023-11-22,230299.03,0,2023-12-27T01:05:19.269277,2024-07-18T08:39:53.175622
577,CUST-00577,Robert,Cannon,Robert Cannon,cooperjohn@example.org,716.644.1610x19753,0510 Elizabeth Plains Apt. 273,West Douglaschester,IL,55842,US,Enterprise,Logistics,Active,Paid Search,2020-08-24,186463.16,0,2018-12-10T07:46:54.144312,2024-11-09T17:46:37.689701
578,CUST-00578,Monica,Baker,Monica Baker,shawn89@example.org,001-953-809-6906,909 Glen Plain Suite 987,Monicastad,DE,93157,US,SMB,Education,Active,Event,2019-10-25,221387.4,0,2019-08-30T02:28:16.245572,2024-10-31T07:18:15.948904
579,CUST-00579,Mark,Goodman,Mark Goodman,rmartinez@example.org,5686811640,881 Harris Mountains,Pearsonstad,NY,29657,US,SMB,Logistics,Active,Paid Search,2021-03-05,52816.23,0,2023-02-15T18:05:39.136489,2024-03-19T11:43:13.907768
580,CUST-00580,Justin,Wells,Justin Wells,clinton09@example.org,+1-715-638-6028x262,41231 Jennifer Knolls,Murraytown,KY,99848,US,SMB,Manufacturing,Active,Event,2018-02-05,819.65,1,2019-12-16T09:33:15.646821,2024-01-08T04:52:17.118132
581,CUST-00581,Jasmine,Simpson,Jasmine Simpson,cory32@example.com,(638)910-9794x122,872 Bird Way,Harrisburgh,MN,10741,US,Consumer,Government,Active,Social Media,2022-02-21,123523.96,1,2024-12-10T04:24:03.816246,2024-11-04T03:58:08.590866
582,CUST-00582,Laura,Lopez,Laura Lopez,geraldgarcia@example.net,+1-900-234-6861x630,672 Sarah Drive,North Brookebury,MO,54778,US,SMB,Media,Inactive,Organic,2018-02-05,207287.34,0,2023-01-19T00:07:11.177187,2024-01-26T15:34:08.595977
583,CUST-00583,Michael,Ortiz,Michael Ortiz,smithsteven@example.net,900-317-3259x00739,72211 Amber Light,Lake Williamland,SD,51599,US,Mid-Market,Logistics,Active,Organic,2021-10-21,74079.7,0,2021-06-20T18:57:40.526195,2024-03-08T22:38:34.975055
584,CUST-00584,Angel,Colon,Angel Colon,julia17@example.org,001-528-817-0744,34422 Thomas Rue,Smithmouth,HI,28638,US,SMB,Finance,Active,Paid Search,2020-03-19,42941.25,1,2024-05-18T11:03:00.426961,2024-04-08T18:36:33.308691
585,CUST-00585,Christopher,Best,Christopher Best,aguilarkevin@example.com,926.890.3265x5132,794 Tara Springs,West Stacy,GU,91208,US,Mid-Market,Finance,Churned,Organic,2024-05-24,84818.67,1,2020-07-06T20:02:06.273415,2024-07-16T15:47:53.902659
586,CUST-00586,Daniel,Johnson,Daniel Johnson,floressarah@example.net,626-986-4986,623 Gray Circle Apt. 884,Stephentown,NY,98700,US,Enterprise,Government,Prospect,Referral,2018-09-28,152025.75,1,2019-08-13T17:21:57.392289,2024-10-27T10:28:21.670597
587,CUST-00587,Angela,Davis,Angela Davis,henrychristine@example.net,(516)840-0698,53484 Nelson Canyon,North Jeffrey,NC,54269,US,Mid-Market,Healthcare,Active,Paid Search,2021-12-14,51784.84,0,2020-03-25T05:48:50.541979,2024-06-06T23:59:43.220930
588,CUST-00588,Earl,Foley,Earl Foley,jamesacosta@example.net,001-820-555-0330x000,673 Cheryl Alley Apt. 141,Yatestown,OR,12604,US,Consumer,Media,Prospect,Event,2019-03-06,135261.3,0,2020-09-09T17:43:51.695349,2024-10-02T14:04:33.312815
589,CUST-00589,Courtney,Hoover,Courtney Hoover,dharris@example.net,001-789-679-0608,674 Sanchez Causeway,New Lisashire,NY,36851,US,SMB,Technology,Active,Organic,2018-12-21,98529.1,1,2022-10-16T01:30:37.496037,2024-04-01T03:34:39.592856
590,CUST-00590,David,Davis,David Davis,gmiller@example.net,451-698-5458,34015 Mario Garden,Roberttown,NV,42660,US,Mid-Market,Healthcare,Active,Organic,2023-11-05,107187.69,0,2020-08-16T15:47:31.577505,2024-07-29T08:38:25.499993
591,CUST-00591,Carla,Campbell,Carla Campbell,michelle67@example.org,001-401-408-2402x818,794 Edward Lock,North Alyssa,NY,09679,US,Consumer,Technology,Active,Organic,2024-03-26,52134.77,0,2021-06-24T00:38:49.928462,2024-09-09T02:39:28.437893
592,CUST-00592,Rebecca,Mcdonald,Rebecca Mcdonald,dana36@example.com,(335)470-0412,81612 Reed Brook Suite 610,South Carolynbury,AR,35169,US,Enterprise,Logistics,Active,Paid Search,2023-07-12,196326.7,1,2020-12-26T01:24:32.475157,2024-01-09T14:42:06.649272
593,CUST-00593,Christopher,Hoffman,Christopher Hoffman,fmiller@example.net,001-723-229-6151x204,665 Stephanie Trail Suite 460,Dianaberg,NV,55415,US,Consumer,Manufacturing,Active,Event,2021-08-28,136259.44,0,2024-11-29T05:50:48.222286,2024-11-07T21:06:43.033050
594,CUST-00594,Kevin,Bryan,Kevin Bryan,cookadam@example.com,001-434-472-4358x617,27267 William Vista Suite 656,Port David,CA,81949,US,SMB,Government,Active,Referral,2018-03-06,111720.93,0,2024-02-26T13:04:15.295812,2024-11-19T11:57:01.390108
595,CUST-00595,Riley,Gardner,Riley Gardner,kristy47@example.com,329-603-5006,2235 Cain Inlet Apt. 466,North Edward,MA,84019,US,Consumer,Logistics,Active,Referral,2021-07-29,209351.15,0,2021-01-11T07:07:58.918886,2024-04-02T12:24:01.315238
596,CUST-00596,Joanna,Kelly,Joanna Kelly,andreross@example.net,441-911-9738x818,63435 Mason Way,Lake Calvin,NC,36837,US,Mid-Market,Finance,Active,Event,2020-07-01,86275.95,1,2022-02-08T13:41:44.215245,2024-06-02T15:18:27.041098
597,CUST-00597,Andrew,Sullivan,Andrew Sullivan,reedcorey@example.org,4215254341,60498 Smith Garden,Thomashaven,MS,07430,US,Mid-Market,Media,Active,Social Media,2019-10-26,204692.1,1,2024-11-28T22:23:45.066710,2024-03-15T03:57:09.020364
598,CUST-00598,Bryan,Hale,Bryan Hale,lpierce@example.net,+1-301-914-0034x713,786 Kimberly Cove,Hensonberg,WV,47002,US,Consumer,Real Estate,Active,Social Media,2018-09-26,75063.6,1,2022-10-14T15:31:29.924992,2024-08-13T18:18:50.030878
599,CUST-00599,Karen,Williams,Karen Williams,perkinsjustin@example.net,485.350.1137x535,2887 Thomas Tunnel,Georgeton,VT,30214,US,Enterprise,Media,Churned,Partner,2021-07-20,200212.36,0,2021-04-11T01:49:04.746732,2024-12-12T01:12:50.828724
600,CUST-00600,Daniel,Johnson,Daniel Johnson,maxwelltheodore@example.org,(539)996-4771,07681 Ian Heights Apt. 855,Camachohaven,AZ,02431,US,Enterprise,Logistics,Active,Referral,2022-10-31,243055.14,0,2019-03-10T19:05:06.520789,2024-04-04T00:32:58.355893
601,CUST-00601,Miranda,Lee,Miranda Lee,nancymaynard@example.org,969-606-9685,706 Fleming Knolls Apt. 691,New Melissa,PW,48299,US,Mid-Market,Healthcare,Inactive,Organic,2023-05-18,247075.84,1,2022-11-17T11:37:50.010571,2024-12-09T21:28:23.319768
602,CUST-00602,Sherry,Davis,Sherry Davis,robersonpatricia@example.org,(510)370-3350x8424,248 Gordon Forges,North Kevinville,WA,56217,US,Mid-Market,Retail,Churned,Paid Search,2018-05-21,80277.5,0,2022-03-16T08:32:39.979443,2024-10-23T06:33:22.777985
603,CUST-00603,Lisa,Stewart,Lisa Stewart,craigbuck@example.com,358.364.6339x5348,0147 Green Drives,Wagnershire,WY,56139,US,Enterprise,Government,Churned,Social Media,2019-08-08,138237.52,0,2023-12-27T17:11:10.669586,2024-02-14T18:06:10.706911
604,CUST-00604,Thomas,Arnold,Thomas Arnold,taylorkaylee@example.com,651.423.9597x8155,097 Jeremy Lights Apt. 244,Changstad,WI,37225,US,Consumer,Healthcare,Prospect,Partner,2020-03-31,147100.23,1,2020-12-16T19:24:08.963776,2024-06-18T07:16:02.765511
605,CUST-00605,Donald,Howard,Donald Howard,murraybruce@example.net,915.764.7837x031,80274 Mary Parkway Suite 726,East Annamouth,KS,99033,US,Enterprise,Government,Active,Referral,2021-02-02,141865.18,0,2020-10-05T03:44:40.056919,2024-07-12T06:37:51.844404
606,CUST-00606,Tina,Barry,Tina Barry,wendy76@example.com,820-976-3271x353,259 Jeffery Pines Suite 879,South Paulatown,AS,35005,US,Enterprise,Real Estate,Active,Paid Search,2019-04-21,216935.08,0,2021-08-14T11:36:48.049228,2024-12-08T14:56:07.239747
607,CUST-00607,Victoria,Garza,Victoria Garza,bensonkimberly@example.org,705-908-9273x961,0535 Cole Street Suite 897,Pagestad,KS,21313,US,Consumer,Manufacturing,Inactive,Event,2019-08-21,121653.41,1,2021-01-20T06:29:04.746908,2024-01-29T04:08:36.563457
608,CUST-00608,Janet,Johnson,Janet Johnson,dylan27@example.org,(927)732-0222x7111,9171 Martin Tunnel Suite 298,Danielview,MP,72916,US,Enterprise,Retail,Active,Social Media,2023-10-26,36391.24,1,2020-10-30T00:04:27.186082,2024-07-21T13:35:00.635610
609,CUST-00609,Antonio,Thompson,Antonio Thompson,amoses@example.org,001-322-602-6980,647 Bruce Plains,Port Charlesmouth,FM,03034,US,Enterprise,Government,Active,Event,2018-09-22,59776.03,1,2024-06-13T14:05:14.885454,2024-10-22T01:51:59.784073
610,CUST-00610,Christopher,Bradshaw,Christopher Bradshaw,beasleygina@example.org,393-932-6724x4693,476 Ruth Avenue,New Antonio,MO,99621,US,SMB,Education,Active,Paid Search,2021-02-13,204437.79,0,2024-07-04T03:06:12.093381,2024-04-05T04:48:08.523423
611,CUST-00611,Eric,Bailey,Eric Bailey,daniel93@example.net,+1-832-572-7281x291,049 Brown Village Suite 676,Madisonmouth,VI,22285,US,SMB,Manufacturing,Inactive,Event,2023-02-06,171370.58,0,2021-11-14T09:04:14.324524,2024-04-21T03:53:51.194710
612,CUST-00612,Tiffany,Chapman,Tiffany Chapman,andrew08@example.net,(440)267-5602x08019,15439 Joshua Plains,New Jeffreyburgh,MI,25722,US,Mid-Market,Manufacturing,Prospect,Social Media,2019-11-08,193620.71,0,2019-09-25T00:17:49.729721,2024-03-04T10:22:57.938576
613,CUST-00613,Susan,Sanchez,Susan Sanchez,lisabullock@example.com,(601)593-5450x369,32436 Brittany Curve,Port Amandastad,OK,98362,US,SMB,Government,Churned,Event,2018-06-21,22777.07,1,2023-03-08T12:15:30.161803,2024-12-31T22:25:46.568655
614,CUST-00614,Jerry,Martinez,Jerry Martinez,karen12@example.net,4752965999,37631 Stevens Radial,Joshualand,PW,02452,US,Mid-Market,Government,Prospect,Social Media,2024-10-04,189993.58,0,2020-09-08T07:50:59.464397,2024-08-05T21:05:37.511332
615,CUST-00615,Michelle,Davidson,Michelle Davidson,ypeterson@example.org,001-722-567-1317,64752 King Cove Apt. 096,South Lindseybury,AK,01092,US,Enterprise,Media,Active,Organic,2021-12-18,78125.21,1,2021-12-30T16:26:52.198125,2024-02-27T22:51:05.278353
616,CUST-00616,Judy,Patel,Judy Patel,josephlee@example.net,615-535-5051,91430 Washington Ramp,Littleview,NH,79860,US,Mid-Market,Media,Churned,Organic,2019-11-18,43847.47,0,2024-10-25T02:18:20.841383,2024-05-17T00:23:36.569055
617,CUST-00617,Joyce,Heath,Joyce Heath,shawjoel@example.com,+1-958-819-2048x7706,32998 Gomez Knolls,East Matthewside,TN,38490,US,Enterprise,Technology,Active,Social Media,2019-01-27,13114.54,0,2024-09-19T20:23:14.878823,2024-04-10T15:02:51.458162
618,CUST-00618,Nicole,Cook,Nicole Cook,jill83@example.net,+1-625-867-2620,92543 Mclaughlin Common Suite 282,East Molly,AL,99457,US,Mid-Market,Manufacturing,Active,Social Media,2021-07-10,126529.03,0,2018-09-29T16:13:33.537001,2024-03-08T02:33:19.771191
619,CUST-00619,Jessica,Alvarado,Jessica Alvarado,katherinezhang@example.com,(486)439-4201,1499 Brooke Turnpike,New Jacquelinechester,MO,22814,US,Enterprise,Technology,Active,Social Media,2022-06-13,148713.88,0,2023-10-27T06:01:10.020399,2024-06-11T06:41:06.891500
620,CUST-00620,Dennis,Ross,Dennis Ross,maria09@example.com,(532)517-4003x91019,89222 Huff Course Apt. 936,Lake Brandontown,NC,19318,US,Consumer,Real Estate,Churned,Paid Search,2019-11-02,86390.13,0,2021-03-25T08:20:30.479377,2024-08-29T05:19:19.657343
621,CUST-00621,Luke,Campbell,Luke Campbell,dguerra@example.com,(526)643-8500x95372,76231 Tonya Flat Suite 109,Justinland,NE,39779,US,Enterprise,Manufacturing,Active,Social Media,2018-10-11,12887.94,0,2018-12-17T17:25:59.624695,2024-03-14T05:14:09.629301
622,CUST-00622,Cory,Bailey,Cory Bailey,darren37@example.org,676.485.7606x349,6175 Garcia Plaza,Smithland,MP,65304,US,Mid-Market,Technology,Prospect,Referral,2024-04-19,67636.35,1,2022-05-04T00:15:37.972274,2024-07-25T15:43:36.834630
623,CUST-00623,Gerald,Terry,Gerald Terry,justinrobinson@example.com,841-672-3456x538,025 Mejia Land Apt. 626,West Haleyburgh,ID,68097,US,Enterprise,Healthcare,Inactive,Referral,2018-04-16,162019.2,0,2021-01-13T23:31:56.913386,2024-09-15T10:21:47.495851
624,CUST-00624,Bryan,Smith,Bryan Smith,jeremy55@example.com,001-542-916-4359x900,6047 Mclaughlin Hill,South William,PW,68992,US,Mid-Market,Manufacturing,Churned,Paid Search,2024-09-12,178328.75,0,2019-11-01T11:28:03.806468,2024-03-18T16:39:20.935698
625,CUST-00625,Brett,Luna,Brett Luna,wbridges@example.com,767-226-3681x541,77291 Kimberly Inlet,Blakemouth,SD,74176,US,Consumer,Government,Active,Social Media,2018-07-30,63373.68,1,2020-09-11T05:02:37.349257,2024-04-16T03:51:04.890283
626,CUST-00626,Joel,Jenkins,Joel Jenkins,rogersbenjamin@example.net,874.969.8330,306 Haynes Crest Apt. 226,Barronfort,PW,75819,US,SMB,Media,Churned,Social Media,2024-03-05,146329.55,0,2022-06-30T21:44:03.116637,2024-10-11T01:16:32.793113
627,CUST-00627,Christina,Wise,Christina Wise,gmurphy@example.com,+1-990-867-3963x4289,550 Duncan Dam,Lake Stanleyview,SD,74036,US,SMB,Media,Prospect,Partner,2021-03-01,152458.0,0,2020-12-16T03:12:15.239834,2024-09-13T06:11:41.493315
628,CUST-00628,Christian,Lin,Christian Lin,zjohnson@example.org,(401)362-9073,1826 Church Trafficway,Port Linda,NH,12354,US,Enterprise,Logistics,Active,Paid Search,2022-10-12,247096.06,0,2021-03-15T11:24:14.048990,2024-11-30T16:15:59.033149
629,CUST-00629,Adam,Henderson,Adam Henderson,george94@example.org,2393831354,9967 Victoria Rapid Apt. 195,Leestad,KS,80095,US,SMB,Manufacturing,Prospect,Event,2023-10-24,238070.86,0,2021-09-17T23:06:39.751567,2024-12-16T20:15:16.678893
630,CUST-00630,Joseph,Hoffman,Joseph Hoffman,donna30@example.net,(817)881-6780,315 Dakota Run Suite 928,West Aaronmouth,WI,06580,US,Mid-Market,Retail,Churned,Referral,2021-08-03,224971.92,1,2018-10-20T12:03:46.037181,2024-01-20T21:50:33.711591
631,CUST-00631,Carol,Moore,Carol Moore,griffinbrandon@example.org,480.681.7262x82968,500 Thomas Parkways Suite 927,Christopherchester,ND,00787,US,SMB,Retail,Prospect,Organic,2022-06-01,164022.44,0,2020-12-17T03:25:45.296868,2024-08-04T19:04:55.952066
632,CUST-00632,Daniel,Greene,Daniel Greene,jacksonthomas@example.com,(308)908-2039,263 Ramirez Forge,Leahfurt,SC,85823,US,SMB,Government,Inactive,Social Media,2024-04-04,184314.66,0,2019-04-15T23:57:38.477700,2024-04-02T15:04:12.767245
633,CUST-00633,Yesenia,Becker,Yesenia Becker,milleralex@example.net,924-725-3690x9123,28497 Morrow Squares,East Chelseamouth,AL,17784,US,SMB,Technology,Prospect,Partner,2024-02-15,159759.24,1,2024-06-05T03:37:52.545000,2024-04-17T11:22:07.253157
634,CUST-00634,Nicholas,Anderson,Nicholas Anderson,bobby53@example.net,001-464-381-8754x036,977 April Harbor Suite 623,East Ronnie,MS,53353,US,SMB,Media,Active,Referral,2023-05-09,210239.35,0,2023-08-25T04:09:58.367535,2024-08-09T04:20:17.524508
635,CUST-00635,Colleen,Rice,Colleen Rice,andersonbonnie@example.net,422.204.2986x2269,6179 Thompson Key Suite 999,New Robin,PA,96709,US,SMB,Finance,Inactive,Referral,2019-12-27,185359.26,0,2021-11-02T02:25:30.223260,2024-03-19T19:30:48.817499
636,CUST-00636,Karen,Navarro,Karen Navarro,dhawkins@example.net,279.625.6041x3482,53983 Eric Crossroad,Smithtown,MH,09217,US,SMB,Finance,Active,Paid Search,2024-01-21,56220.32,0,2020-01-11T04:47:04.813519,2024-01-19T04:18:15.470017
637,CUST-00637,Tiffany,Hale,Tiffany Hale,maryramsey@example.org,930-749-1341x0389,872 Brittany Plains,Newmanfurt,ME,21442,US,Consumer,Education,Active,Paid Search,2024-07-04,146599.89,1,2023-03-13T06:35:52.211877,2024-09-01T04:03:50.285867
638,CUST-00638,Heidi,Phillips,Heidi Phillips,brianwhite@example.com,609.876.6919,805 Ferguson Avenue,South Donnabury,SC,00865,US,Enterprise,Logistics,Active,Event,2018-01-30,146101.87,0,2021-02-20T13:04:20.301537,2024-05-29T12:11:11.566156
639,CUST-00639,Craig,Fox,Craig Fox,whernandez@example.net,001-540-943-4741x253,1007 Simpson Row Apt. 175,East Robertshire,WV,87433,US,Consumer,Technology,Churned,Organic,2022-01-01,216940.69,1,2019-04-04T09:20:58.583295,2024-01-17T11:10:44.552203
640,CUST-00640,Heather,Whitaker,Heather Whitaker,garzazachary@example.org,970.634.2444,7607 Cline Trail,West Valerie,FM,01174,US,SMB,Government,Active,Referral,2023-03-18,34772.63,0,2022-11-04T07:30:37.150453,2024-06-21T04:18:36.385188
641,CUST-00641,Manuel,Waters,Manuel Waters,ssoto@example.net,001-651-273-2895x145,580 Reed Streets,Lake Jillville,MD,59731,US,SMB,Government,Churned,Social Media,2022-04-04,36234.43,0,2019-10-29T00:31:50.888085,2024-09-19T21:39:48.302688
642,CUST-00642,Christine,Caldwell,Christine Caldwell,weeksbrandon@example.com,600.240.9304x5418,822 Linda Burg,New Patrick,WI,21514,US,Enterprise,Logistics,Active,Event,2019-09-29,246666.77,0,2023-05-15T21:54:02.168892,2024-09-27T06:14:34.077214
643,CUST-00643,Bill,Palmer,Bill Palmer,rcohen@example.net,001-307-888-0265x295,693 Jennifer Junctions Suite 230,New Tricia,ME,35057,US,Enterprise,Healthcare,Inactive,Paid Search,2024-05-28,52740.9,0,2023-12-13T14:39:28.354181,2024-07-03T03:33:36.878884
644,CUST-00644,William,Brown,William Brown,gfreeman@example.net,+1-687-509-2019x918,32661 Matthew Harbor,Annmouth,GA,52843,US,Mid-Market,Logistics,Active,Referral,2023-05-19,153812.69,1,2019-09-08T21:59:29.723623,2024-08-28T21:05:53.522228
645,CUST-00645,Daniel,Douglas,Daniel Douglas,rlindsey@example.org,(605)739-7077,7082 Christopher Terrace Apt. 461,Jessicashire,KY,55711,US,Consumer,Government,Inactive,Social Media,2018-03-24,1664.95,0,2024-02-19T01:50:02.597425,2024-06-26T20:18:00.133872
646,CUST-00646,Paul,Russell,Paul Russell,johnwarner@example.net,(905)930-2618x4025,68605 Phillip Canyon,Fosterchester,MP,01597,US,SMB,Healthcare,Active,Partner,2024-02-09,48048.89,0,2020-08-06T04:27:02.572844,2024-02-17T07:28:11.711404
647,CUST-00647,Alyssa,Davidson,Alyssa Davidson,aadams@example.net,+1-491-203-9091,025 Andrew Greens,Ericborough,WI,60803,US,Mid-Market,Technology,Prospect,Paid Search,2022-07-12,78367.02,0,2023-04-19T19:56:37.473272,2024-07-27T01:02:01.590179
648,CUST-00648,Heather,Richardson,Heather Richardson,tanyawilliams@example.net,001-486-202-7574x544,8944 Perez Course Apt. 808,Lake Amyfurt,MI,82978,US,Consumer,Media,Churned,Paid Search,2024-01-01,42171.54,0,2020-06-14T14:23:03.861791,2024-03-18T08:35:53.884470
649,CUST-00649,Olivia,Bruce,Olivia Bruce,kbaird@example.org,+1-552-817-9705x660,2486 Seth Hill,Shieldsberg,WV,55760,US,SMB,Manufacturing,Inactive,Event,2023-05-02,130311.96,0,2024-04-23T23:52:23.934797,2024-05-28T15:13:35.597021
650,CUST-00650,David,Gomez,David Gomez,william01@example.com,701.873.1671,8790 Anderson Glens,Charlesbury,OR,43282,US,Consumer,Retail,Active,Social Media,2024-12-16,90133.1,0,2020-02-26T04:50:47.149053,2024-07-26T14:00:01.561980
651,CUST-00651,Brian,Bennett,Brian Bennett,jason57@example.net,8578191898,693 Rivera Crossing Apt. 359,Bakerside,NH,52403,US,Mid-Market,Government,Active,Referral,2019-11-07,56468.18,0,2021-10-29T23:24:09.776835,2024-01-03T12:44:46.986980
652,CUST-00652,Gloria,Williams,Gloria Williams,victoriabenson@example.com,001-818-943-0192x209,32973 Jason Wall,Robertston,HI,73989,US,Mid-Market,Healthcare,Churned,Partner,2019-04-20,42661.69,0,2024-06-13T12:08:18.873430,2024-04-27T21:51:12.852287
653,CUST-00653,Kathryn,Ochoa,Kathryn Ochoa,lbennett@example.net,(742)477-3923,32091 Barker Alley,South Christinabury,WV,23463,US,Enterprise,Government,Prospect,Paid Search,2024-07-17,192926.79,0,2021-08-12T13:48:09.485537,2024-04-17T08:39:19.271018
654,CUST-00654,Jason,Phillips,Jason Phillips,pamelasmith@example.net,355.515.4526x0756,00643 Emily Ferry,Haneyberg,PW,17315,US,Enterprise,Finance,Prospect,Organic,2022-08-14,12534.65,0,2021-06-13T12:03:42.357702,2024-06-20T01:59:16.205881
655,CUST-00655,Jeffery,Crosby,Jeffery Crosby,friedmanrichard@example.com,001-770-470-3850x360,41074 David Park Suite 067,Williamchester,NH,55583,US,Consumer,Logistics,Inactive,Organic,2020-11-24,137046.95,1,2018-12-19T00:18:07.271135,2024-07-27T07:37:48.585939
656,CUST-00656,Aaron,Howe,Aaron Howe,cameronjohn@example.com,985.664.6149,793 Alexandra Forge Suite 984,West Carolhaven,NE,05007,US,Mid-Market,Technology,Prospect,Event,2023-10-24,157762.68,0,2022-02-15T04:37:38.345968,2024-08-15T00:01:11.935095
657,CUST-00657,Leslie,Edwards,Leslie Edwards,douglasbutler@example.com,332-323-9461x2128,485 John Avenue Apt. 276,East Renee,GU,78040,US,Consumer,Finance,Prospect,Partner,2024-01-25,67859.3,0,2024-10-20T20:44:19.848431,2024-09-14T08:54:00.482525
658,CUST-00658,Kevin,Jimenez,Kevin Jimenez,matthewespinoza@example.net,771.688.8223x78870,8061 Heidi Glens,Richardmouth,WA,75861,US,Consumer,Finance,Churned,Event,2019-03-18,154615.64,0,2022-03-13T05:10:32.372560,2024-12-21T22:08:45.517506
659,CUST-00659,Tanya,Myers,Tanya Myers,zachary79@example.com,001-563-883-0972,80926 Patrick Curve,North Robertstad,MH,42267,US,Enterprise,Finance,Inactive,Referral,2023-04-09,152445.95,0,2023-02-16T03:42:48.038680,2024-09-07T11:37:38.934591
660,CUST-00660,Richard,Ramirez,Richard Ramirez,wmorris@example.com,951.724.7640x0068,240 Jones Light Suite 451,East Patricia,VI,40155,US,Mid-Market,Education,Prospect,Social Media,2021-06-30,74190.12,0,2019-10-27T14:10:57.385585,2024-10-08T18:16:35.669996
661,CUST-00661,Brianna,Kennedy,Brianna Kennedy,lauriewhitaker@example.org,868.560.8357x01703,442 William Loop,East Brandonmouth,VA,06859,US,Consumer,Technology,Prospect,Social Media,2020-01-27,82985.6,0,2021-10-13T15:56:59.033010,2024-09-26T08:00:33.276359
662,CUST-00662,Jeffrey,Bird,Jeffrey Bird,julie34@example.net,001-909-461-9797,2841 Michael Ridge Suite 804,Robinmouth,IL,46892,US,Enterprise,Finance,Active,Partner,2023-06-09,167420.97,0,2023-04-10T23:22:45.805920,2024-05-18T05:11:49.040766
663,CUST-00663,Hayley,Evans,Hayley Evans,berrytyrone@example.net,894.205.9802,944 Debra Valleys,Port Jesusland,MI,70027,US,Enterprise,Media,Active,Event,2021-07-26,181032.27,0,2022-03-15T18:54:04.183725,2024-10-06T03:36:43.800693
664,CUST-00664,Martin,Ramirez,Martin Ramirez,mcdonaldmegan@example.org,8319977748,514 William Manors Suite 823,New Alejandraberg,MP,79979,US,Mid-Market,Logistics,Active,Paid Search,2023-11-21,116337.2,0,2020-03-28T22:04:49.360244,2024-08-22T17:57:02.093788
665,CUST-00665,Morgan,Horton,Morgan Horton,daniel62@example.org,+1-932-660-5869x4276,73066 Megan Forest,West Christopherhaven,MH,12340,US,Mid-Market,Healthcare,Active,Paid Search,2023-08-23,200498.23,0,2021-04-13T02:19:38.898987,2024-07-02T05:44:00.939096
666,CUST-00666,Kenneth,Thomas,Kenneth Thomas,lorraine94@example.com,+1-389-906-2327x237,23790 Jeanette Underpass,Stewartview,VI,94147,US,Consumer,Finance,Active,Organic,2020-09-02,2913.25,0,2021-10-17T17:49:24.448022,2024-08-21T10:06:13.033031
667,CUST-00667,Brian,Oneal,Brian Oneal,ljoyce@example.com,001-241-976-7553x981,8159 Luke Rapids,New Biancastad,NY,80261,US,Mid-Market,Education,Active,Social Media,2019-12-19,238794.74,0,2023-05-02T22:36:20.650779,2024-08-17T13:12:54.497270
668,CUST-00668,Gary,Serrano,Gary Serrano,andrea76@example.org,202.707.6123x96121,812 Boone Tunnel,New Katietown,SD,64523,US,Enterprise,Education,Active,Referral,2019-06-22,28901.08,1,2018-01-19T00:02:09.405073,2024-05-27T01:19:23.025151
669,CUST-00669,Jennifer,Horn,Jennifer Horn,williamsbrenda@example.org,629.982.6893x3486,50675 Dixon Loop,East Matthew,UT,58971,US,Consumer,Manufacturing,Inactive,Event,2022-03-04,212742.56,1,2018-02-03T22:01:00.657665,2024-06-27T04:23:18.264656
670,CUST-00670,Joel,Garcia,Joel Garcia,craigmurphy@example.net,5576052187,0458 Daniel Club Suite 147,Lake Samanthaville,WV,20474,US,Mid-Market,Finance,Active,Event,2019-03-13,181739.57,0,2024-07-20T22:48:18.141704,2024-12-23T20:47:31.921970
671,CUST-00671,Laura,Rosales,Laura Rosales,owilson@example.com,001-689-610-9779x780,8446 Andrews Hill Apt. 366,Lisaland,NE,29065,US,Enterprise,Government,Churned,Social Media,2019-05-23,200665.06,1,2024-07-24T14:04:50.439243,2024-08-12T09:57:43.844330
672,CUST-00672,Timothy,Chang,Timothy Chang,mistykelly@example.com,(272)492-7318x683,8542 Jeremy Hills,South Melissastad,CA,72589,US,Mid-Market,Real Estate,Inactive,Paid Search,2021-07-17,153033.93,0,2020-06-05T19:52:55.627010,2024-09-27T10:12:01.013663
673,CUST-00673,Amanda,Aguilar,Amanda Aguilar,arroyorenee@example.com,967-646-2159x5841,1705 Stacy Expressway,New Elizabethfurt,OK,72828,US,Consumer,Logistics,Active,Social Media,2023-07-31,110451.63,0,2018-07-03T12:49:24.965757,2024-11-01T06:59:26.709964
674,CUST-00674,Justin,Murillo,Justin Murillo,mary76@example.net,4944837740,3302 Nixon Roads Suite 099,Mannburgh,DE,73616,US,SMB,Education,Active,Event,2019-08-06,217148.9,0,2024-03-26T14:35:29.701047,2024-06-01T02:46:19.200283
675,CUST-00675,Shaun,Martinez,Shaun Martinez,egutierrez@example.org,(456)534-2022,980 Rachel Fords Suite 683,Freemantown,CT,62675,US,SMB,Media,Churned,Event,2023-03-23,175294.76,0,2024-01-19T00:12:06.889917,2024-08-12T19:43:54.229497
676,CUST-00676,Mark,Reid,Mark Reid,smartinez@example.org,+1-423-835-1746x564,86372 Robinson Port,Jillfurt,MH,80761,US,Consumer,Technology,Inactive,Paid Search,2019-12-07,166095.81,1,2022-06-08T18:02:28.021818,2024-05-10T07:14:09.477857
677,CUST-00677,Katherine,Fowler,Katherine Fowler,qbennett@example.org,690-603-8502x5513,672 Amanda Plain Apt. 904,Fischerbury,CA,33621,US,Mid-Market,Media,Churned,Organic,2021-05-27,3405.39,0,2024-06-22T16:29:23.814138,2024-04-11T00:19:31.403720
678,CUST-00678,Jessica,Dominguez,Jessica Dominguez,mcarter@example.org,(311)449-7887x953,0954 Scott Run,Colemanhaven,ID,07286,US,Consumer,Logistics,Active,Organic,2020-08-13,187981.79,0,2022-11-21T00:30:23.882236,2024-10-21T09:46:19.125300
679,CUST-00679,Wayne,Brown,Wayne Brown,fhanna@example.com,991.851.1436,107 Ana Court,New Emilyhaven,MD,55976,US,Mid-Market,Education,Active,Organic,2023-01-23,126978.87,1,2020-02-09T20:20:25.512072,2024-05-01T00:35:31.096078
680,CUST-00680,Shawn,Brown,Shawn Brown,thomasronald@example.net,+1-233-415-4230x6002,5052 Keith Court Apt. 420,Ortizton,CT,41793,US,Consumer,Technology,Active,Social Media,2022-06-30,111325.12,1,2018-07-12T16:35:35.974731,2024-04-27T00:45:31.275182
681,CUST-00681,Brianna,Thomas,Brianna Thomas,pcoleman@example.org,001-482-422-2400x539,6201 Melissa Crescent,West Amanda,IL,29812,US,Enterprise,Logistics,Inactive,Paid Search,2018-09-01,30117.36,1,2022-01-11T22:32:32.161222,2024-03-11T10:25:12.350067
682,CUST-00682,Darlene,Cox,Darlene Cox,hoganeric@example.net,+1-645-664-5234x286,0249 Jordan Grove Apt. 095,South Karen,SC,88321,US,Enterprise,Finance,Inactive,Social Media,2021-08-14,9440.07,0,2021-04-25T09:39:43.710755,2024-11-27T04:44:09.219975
683,CUST-00683,Lori,Hill,Lori Hill,gregory73@example.com,(415)726-6559x1476,809 Butler Cove,Thomasstad,IN,33165,US,Enterprise,Real Estate,Churned,Event,2022-01-04,76497.19,0,2020-10-30T10:35:34.277508,2024-07-31T20:49:03.125804
684,CUST-00684,Nathan,Roberts,Nathan Roberts,sandra66@example.net,535-838-9629x85324,241 Wells Estate Suite 638,West Joseph,TN,38068,US,Consumer,Education,Active,Organic,2021-02-02,204238.88,1,2020-11-16T01:36:18.452851,2024-04-30T05:45:05.233791
685,CUST-00685,Kaitlyn,Sanchez,Kaitlyn Sanchez,zglover@example.net,+1-324-897-9399,3811 Prince Passage,Lake Steven,AK,32593,US,SMB,Media,Churned,Partner,2022-01-16,118546.85,0,2018-03-01T02:21:39.104072,2024-10-22T03:26:40.040379
686,CUST-00686,Thomas,Gray,Thomas Gray,kimberlymejia@example.org,589-367-8082x649,46394 Sanders Islands,Maryshire,MP,83447,US,Consumer,Finance,Active,Event,2021-04-20,55825.9,0,2019-02-25T07:53:04.589722,2024-11-04T08:03:46.971827
687,CUST-00687,Kenneth,Christensen,Kenneth Christensen,carlastevens@example.net,001-394-303-6948,664 Davis Lodge,Mayotown,MT,89882,US,SMB,Manufacturing,Churned,Partner,2019-06-09,93785.64,0,2024-03-22T07:13:57.126188,2024-03-23T01:20:27.953022
688,CUST-00688,Mark,Greene,Mark Greene,wrodriguez@example.net,3165399490,44376 Douglas Ford,Amandaville,LA,06476,US,Enterprise,Retail,Inactive,Referral,2018-03-25,205548.75,1,2023-10-12T00:58:49.098655,2024-07-18T15:37:50.338282
689,CUST-00689,Heather,Davis,Heather Davis,hancocktristan@example.org,3142811604,2028 Castaneda Crest,Moonton,WA,09984,US,Enterprise,Manufacturing,Churned,Referral,2018-06-08,47292.08,1,2024-02-18T11:50:06.145328,2024-08-08T09:54:56.596548
690,CUST-00690,John,Thomas,John Thomas,jonathanwoodard@example.com,384-920-3531x6079,86015 Garcia Squares,Port Tylerborough,FM,18226,US,Mid-Market,Logistics,Active,Event,2024-09-06,84814.42,1,2023-06-24T13:23:23.386946,2024-02-05T18:43:59.396259
691,CUST-00691,Evelyn,Howe,Evelyn Howe,kevinmarshall@example.org,(988)614-1128,71936 Sweeney Land Suite 646,New Charles,OH,10946,US,Enterprise,Real Estate,Active,Social Media,2023-09-20,114618.28,0,2018-04-06T20:57:57.167487,2024-08-21T04:44:40.510050
692,CUST-00692,Kevin,Arellano,Kevin Arellano,kmartinez@example.com,(332)715-4013,0696 Paul Lodge,Lisamouth,GA,42860,US,Consumer,Healthcare,Churned,Event,2022-08-08,12618.62,1,2019-03-25T13:53:38.990222,2024-08-28T02:11:56.472431
693,CUST-00693,Jodi,Barry,Jodi Barry,justin17@example.net,+1-699-548-8566,51956 Bailey Shore,Clarkstad,WI,66674,US,Consumer,Media,Active,Event,2018-01-06,144849.32,0,2020-01-28T04:46:23.958245,2024-02-23T07:20:30.278036
694,CUST-00694,Veronica,West,Veronica West,zmoore@example.org,001-356-550-4607x001,8624 Kristin Passage,Stricklandville,FM,01175,US,Enterprise,Government,Prospect,Partner,2023-01-26,151737.11,0,2018-01-09T18:26:01.536985,2024-08-21T13:41:53.069462
695,CUST-00695,Lisa,Ortiz,Lisa Ortiz,vanessa17@example.org,+1-320-776-2381,32822 Angela Haven,New Joshuamouth,VI,20888,US,Consumer,Government,Churned,Event,2022-03-13,190712.48,0,2021-09-06T11:29:10.249291,2024-05-10T23:55:58.598596
696,CUST-00696,Catherine,Larson,Catherine Larson,christopher84@example.com,+1-913-451-1350x535,892 Latasha Mews,Davidstad,NM,73445,US,Consumer,Education,Active,Social Media,2018-03-23,201296.81,0,2024-11-11T06:30:19.354367,2024-08-07T03:48:53.670095
697,CUST-00697,Steven,Allen,Steven Allen,yorkandrew@example.com,494-353-4195,7867 Oconnor Road Apt. 802,Lake Williamside,RI,29765,US,Consumer,Real Estate,Prospect,Event,2018-11-23,128317.51,0,2018-02-27T16:42:25.074795,2024-03-22T06:09:44.670946
698,CUST-00698,Maxwell,Zavala,Maxwell Zavala,nunezjeremy@example.net,001-812-213-9743,8557 Vargas Inlet Apt. 842,Port Robertchester,OK,84076,US,Mid-Market,Technology,Active,Partner,2021-11-30,178738.94,0,2018-05-05T19:58:33.572543,2024-04-19T01:57:35.208885
699,CUST-00699,Patricia,Meyer,Patricia Meyer,esmith@example.net,7659673374,65276 Sara Manor,West Brianaside,AR,18852,US,Mid-Market,Retail,Churned,Partner,2023-08-10,173730.84,0,2020-07-03T07:37:44.529975,2024-08-20T10:00:01.878513
700,CUST-00700,William,Lee,William Lee,daniellesweeney@example.com,647-472-5084x232,8004 Shawn Crossroad,Danielmouth,MA,32823,US,Enterprise,Education,Churned,Social Media,2023-01-22,145910.16,1,2024-08-05T12:15:26.317185,2024-05-25T18:50:43.128602
701,CUST-00701,Daniel,Nichols,Daniel Nichols,meghan90@example.com,(979)260-2425,32959 Howard Forges,West Danielleberg,NC,51209,US,SMB,Government,Active,Partner,2020-03-16,27064.38,1,2019-08-02T13:49:00.958804,2024-04-12T07:25:40.353636
702,CUST-00702,Rhonda,Taylor,Rhonda Taylor,rebeccavaughn@example.net,472-217-4292,67821 Cohen Ramp Apt. 669,South Michele,MP,01150,US,Mid-Market,Healthcare,Prospect,Organic,2021-01-17,50375.65,0,2020-10-09T17:25:04.955476,2024-12-26T22:48:09.282969
703,CUST-00703,Lori,Walton,Lori Walton,combsbrenda@example.net,3482502206,333 Montgomery Overpass,Millerton,AL,08120,US,SMB,Manufacturing,Active,Organic,2024-10-18,172803.42,0,2022-07-10T12:03:16.159651,2024-03-08T06:33:42.429841
704,CUST-00704,Bonnie,Peterson,Bonnie Peterson,jackpeterson@example.net,001-447-518-5594x079,5323 Suzanne Run,Owensside,WI,10392,US,Mid-Market,Media,Active,Paid Search,2018-09-12,203599.54,0,2019-12-30T02:41:11.249612,2024-05-17T22:12:06.501419
705,CUST-00705,Scott,Roberts,Scott Roberts,pattondavid@example.com,001-453-991-1776x665,20928 Lori Rue Suite 780,Bateston,FL,17808,US,Mid-Market,Media,Inactive,Referral,2019-09-19,127975.11,0,2019-09-21T12:53:13.630955,2024-09-04T02:42:52.780259
706,CUST-00706,Peter,Garrett,Peter Garrett,ojohnson@example.com,+1-463-353-2237x1859,8485 Walker Parks,North Justinberg,PA,41338,US,Enterprise,Government,Inactive,Social Media,2022-10-04,239197.14,0,2019-05-08T04:42:54.844571,2024-01-15T15:43:56.572356
707,CUST-00707,Sheila,Sanchez,Sheila Sanchez,ashleymedina@example.net,(831)832-4659,78417 Laurie Parks,Petersonland,FM,45173,US,Enterprise,Healthcare,Prospect,Paid Search,2023-10-23,51170.26,1,2024-04-07T22:34:52.231318,2024-12-02T11:34:10.209144
708,CUST-00708,Donald,Davis,Donald Davis,olsenlinda@example.org,001-466-642-6735x127,3375 Edwards Terrace Suite 976,Allisonhaven,LA,77660,US,Mid-Market,Education,Churned,Partner,2023-06-14,184743.28,0,2020-12-24T11:59:08.818497,2024-03-01T06:36:29.543866
709,CUST-00709,Lisa,Lane,Lisa Lane,smithrichard@example.org,806-492-9656x85120,7293 Park Ridges Suite 934,Michelleland,DC,75936,US,Mid-Market,Manufacturing,Inactive,Referral,2022-12-16,245871.6,0,2018-10-09T18:59:40.039496,2024-06-08T23:21:55.632063
710,CUST-00710,Kimberly,Watson,Kimberly Watson,kristincarter@example.com,680.245.7972x518,33982 Kelly Point Apt. 337,Lake Brian,OK,92083,US,Mid-Market,Retail,Prospect,Partner,2018-01-12,30278.78,0,2022-12-03T06:39:33.191985,2024-04-25T21:30:27.214831
711,CUST-00711,Jennifer,Foster,Jennifer Foster,msmith@example.com,+1-632-686-3011x2200,4833 Rodney Mission,Johnsonhaven,GA,91116,US,Consumer,Manufacturing,Churned,Paid Search,2020-10-19,32951.6,0,2021-10-12T21:32:48.026677,2024-05-28T09:39:47.616129
712,CUST-00712,Jennifer,Little,Jennifer Little,vsmith@example.net,+1-349-546-9208x5649,9519 Neil Views,North Danielmouth,LA,51816,US,Enterprise,Education,Inactive,Event,2022-11-18,234404.87,0,2018-10-08T10:56:10.481826,2024-05-06T06:18:35.102910
713,CUST-00713,Rachel,Baldwin,Rachel Baldwin,fernandezbrandon@example.net,001-789-804-4104x043,513 Lee Roads Apt. 483,Collinsmouth,MI,66782,US,Mid-Market,Education,Churned,Organic,2024-04-05,193528.41,0,2018-05-08T15:26:18.235656,2024-01-16T09:28:46.256775
714,CUST-00714,Danielle,Garcia,Danielle Garcia,patrick71@example.com,584.901.9027x169,1158 Coleman Union,Rodriguezshire,OK,62107,US,Consumer,Real Estate,Churned,Paid Search,2020-10-27,18683.76,0,2023-10-14T19:03:26.238429,2024-05-21T01:10:43.909875
715,CUST-00715,Michael,Fitzgerald,Michael Fitzgerald,ernestjones@example.org,001-750-858-3534x581,2853 Crane Gateway Apt. 426,Hopkinsville,NH,92303,US,Mid-Market,Retail,Churned,Organic,2021-08-25,196671.43,0,2021-05-16T22:26:52.888657,2024-07-23T19:09:28.925191
716,CUST-00716,Carl,Rivera,Carl Rivera,fpatterson@example.net,903.402.8532,6983 Stewart Route Suite 025,Port April,ME,56399,US,Consumer,Media,Churned,Social Media,2023-09-13,23440.42,0,2018-09-30T04:51:01.136222,2024-03-28T07:27:03.649875
717,CUST-00717,Linda,Mcdonald,Linda Mcdonald,nicholsanne@example.com,(907)338-2777,425 Heather Orchard,Gonzalezton,AL,58511,US,Mid-Market,Education,Active,Paid Search,2019-05-02,73746.8,1,2024-05-08T07:32:48.595508,2024-02-23T14:12:48.644791
718,CUST-00718,Brandon,Thomas,Brandon Thomas,jamesleonard@example.com,305.977.7196,5965 Powell Motorway,Phillipsfurt,NC,31241,US,Enterprise,Finance,Prospect,Paid Search,2024-01-01,111693.98,0,2019-05-13T20:03:16.937893,2024-10-12T02:32:55.569695
719,CUST-00719,Allen,Gilbert,Allen Gilbert,sharonfranco@example.org,+1-265-937-9322x1914,4736 Kathryn Isle,Kramershire,DE,11329,US,Enterprise,Education,Inactive,Organic,2020-07-26,96776.05,0,2024-05-09T12:33:18.629344,2024-04-30T07:45:58.938814
720,CUST-00720,Julie,Davis,Julie Davis,robertjohnson@example.org,(965)589-3475,4883 Vasquez Corners,North Justin,MO,62366,US,Enterprise,Media,Active,Partner,2018-06-26,200802.78,1,2021-12-28T06:19:24.186861,2024-10-26T11:05:14.168399
721,CUST-00721,Patrick,Waller,Patrick Waller,ymercer@example.com,+1-632-803-1726x6528,9272 Smith Valleys Apt. 208,Beckland,ME,87865,US,Consumer,Healthcare,Active,Event,2022-12-23,48531.84,0,2023-03-23T11:58:56.545965,2024-10-16T02:34:33.425069
722,CUST-00722,Luis,Lawrence,Luis Lawrence,joshua27@example.org,(230)233-5636x9301,089 Cameron Mills,Lake Adamport,PR,70191,US,Enterprise,Retail,Churned,Partner,2021-12-01,2328.98,0,2024-10-08T02:28:36.766537,2024-03-04T11:56:15.570419
723,CUST-00723,Dawn,Vaughan,Dawn Vaughan,caleb89@example.org,+1-809-830-4376x613,081 Traci Spring,Meyerstad,PR,75484,US,Mid-Market,Technology,Prospect,Social Media,2020-05-08,208998.44,0,2020-02-14T17:21:21.892401,2024-06-16T22:39:38.916354
724,CUST-00724,Heidi,Scott,Heidi Scott,wigginsrhonda@example.org,810-958-3309,798 Irwin Court,Lake Kylechester,PA,31012,US,Consumer,Finance,Prospect,Event,2021-03-16,38861.77,1,2021-04-27T11:48:13.403582,2024-05-29T09:33:26.908892
725,CUST-00725,Michelle,Holland,Michelle Holland,sullivantodd@example.com,001-818-777-6288x363,62762 Jack Meadows,Wallacehaven,AL,75195,US,SMB,Healthcare,Active,Organic,2023-04-21,14039.88,0,2022-11-23T05:59:37.362574,2024-03-12T06:23:14.618098
726,CUST-00726,Dawn,Miller,Dawn Miller,gary89@example.net,001-389-407-4993x598,9777 Ryan Rapids Suite 640,New Mike,WA,70257,US,Enterprise,Real Estate,Active,Paid Search,2020-10-07,102204.38,1,2018-03-04T23:18:58.323375,2024-01-11T17:36:06.473620
727,CUST-00727,Charles,Page,Charles Page,mejiadaniel@example.com,978-393-9129x56518,8600 Ayala Avenue,West Joseph,VT,84203,US,Consumer,Government,Active,Organic,2024-07-18,97680.72,0,2019-04-08T12:00:54.676131,2024-12-12T22:18:08.027794
728,CUST-00728,Ann,Small,Ann Small,oriddle@example.org,+1-802-293-0112x5018,2906 Hernandez Falls Apt. 336,Port David,OH,02555,US,Enterprise,Real Estate,Active,Event,2020-06-12,146609.2,0,2020-09-09T15:11:47.437426,2024-11-20T10:26:58.241061
729,CUST-00729,Alexander,Farley,Alexander Farley,shepardlisa@example.org,(362)649-7537x4057,9567 Williams Light Suite 354,Shelbybury,KS,43794,US,SMB,Media,Active,Paid Search,2022-06-22,196829.53,0,2023-01-26T23:00:56.190540,2024-04-12T17:33:29.302455
730,CUST-00730,Diana,Kemp,Diana Kemp,ggomez@example.org,+1-848-834-8358x6267,532 Michelle Valleys Suite 758,Smithhaven,MH,80317,US,Enterprise,Manufacturing,Inactive,Social Media,2024-10-28,99080.76,0,2020-01-14T02:23:58.265859,2024-02-28T05:15:15.272478
731,CUST-00731,Nicole,Ortiz,Nicole Ortiz,dianebanks@example.com,769.258.0504,092 Morales Expressway Apt. 073,Geraldborough,OK,06488,US,Consumer,Retail,Churned,Referral,2023-08-18,34527.17,1,2022-11-17T09:16:12.835136,2024-06-12T13:00:45.225810
732,CUST-00732,Robin,Burns,Robin Burns,joseph50@example.org,+1-701-262-5851,045 Diane Points,West Jasonbury,FM,08985,US,SMB,Retail,Active,Event,2018-12-29,221801.04,0,2018-12-22T23:19:41.216763,2024-06-18T19:44:02.295405
733,CUST-00733,Joseph,Sutton,Joseph Sutton,madisonchristensen@example.net,001-753-411-1235x904,2866 Linda Key Apt. 085,Walkerborough,OH,94205,US,Enterprise,Media,Churned,Referral,2022-09-15,31247.17,0,2022-09-27T03:34:26.767047,2024-05-07T13:45:54.168440
734,CUST-00734,Matthew,Miller,Matthew Miller,zdavila@example.net,+1-919-235-1174x5553,72816 Gonzalez Mills Suite 612,Lake Loganfort,MN,55967,US,Consumer,Media,Churned,Organic,2022-06-04,76520.44,0,2023-01-13T03:02:03.195284,2024-10-06T01:46:08.857820
735,CUST-00735,Julie,Juarez,Julie Juarez,thompsonroger@example.net,581-387-6209x906,03995 Ryan Park Apt. 450,Jennifershire,ND,19223,US,Mid-Market,Government,Prospect,Partner,2019-10-20,36042.55,0,2024-06-03T14:29:13.085499,2024-02-15T18:22:30.233457
736,CUST-00736,Erica,Cummings,Erica Cummings,mezastephanie@example.org,238-488-0485x142,364 Williams Springs Apt. 823,East Jonathanfort,MN,49139,US,Mid-Market,Real Estate,Active,Referral,2021-01-31,29098.32,0,2021-02-02T15:15:58.148377,2024-06-19T18:14:52.050129
737,CUST-00737,Catherine,Brown,Catherine Brown,brittany44@example.org,383-243-6953,977 Erika Coves,Alfredberg,TX,77118,US,Consumer,Media,Active,Paid Search,2023-01-11,168085.47,0,2018-10-21T03:41:02.417825,2024-09-03T08:55:11.202450
738,CUST-00738,Taylor,Martinez,Taylor Martinez,lisa73@example.org,516.829.1087x39221,7376 Wilson Burg,Derrickhaven,TX,59643,US,Enterprise,Technology,Prospect,Partner,2024-04-27,122054.01,0,2021-05-30T14:23:49.276551,2024-06-10T19:09:03.495053
739,CUST-00739,Kelly,Jefferson,Kelly Jefferson,brooksjames@example.com,250-502-0268x387,502 Shaw Mission Suite 030,Alanborough,KY,53989,US,SMB,Retail,Prospect,Event,2023-03-08,59015.95,0,2022-10-17T11:04:34.558894,2024-06-17T01:56:54.966202
740,CUST-00740,Michael,Garrett,Michael Garrett,johncoleman@example.net,201-738-2721,34601 Moore Alley,East Amandaside,GA,47904,US,Enterprise,Technology,Active,Social Media,2021-10-03,112936.17,0,2023-07-28T19:36:16.679564,2024-03-04T14:46:12.212924
741,CUST-00741,Kelli,Singh,Kelli Singh,keithemily@example.net,963-560-3891,078 Wong Meadow Suite 200,West Davidview,UT,94515,US,Mid-Market,Real Estate,Churned,Paid Search,2022-10-18,202021.09,1,2018-09-12T21:25:01.149818,2024-01-19T10:18:37.743711
742,CUST-00742,Thomas,Smith,Thomas Smith,josephdiaz@example.org,+1-389-651-2370x8511,4569 Thomas Locks Suite 561,South Ronald,CO,31476,US,Mid-Market,Healthcare,Active,Referral,2018-10-19,196522.2,1,2021-01-27T13:43:13.750417,2024-09-25T18:37:54.658175
743,CUST-00743,Lisa,Watts,Lisa Watts,bbrady@example.org,001-556-212-6678,7371 Amy Walk Suite 402,East Grace,VT,38340,US,SMB,Education,Active,Event,2022-09-24,183376.71,1,2022-09-02T09:45:06.033860,2024-12-17T21:04:02.887887
744,CUST-00744,Kevin,Cobb,Kevin Cobb,troyharris@example.org,3417176142,8319 Mooney Street,Clarkchester,KS,63310,US,Consumer,Logistics,Active,Paid Search,2024-03-13,121999.36,0,2018-03-11T13:21:49.618871,2024-04-01T14:12:46.611461
745,CUST-00745,Lawrence,Ryan,Lawrence Ryan,nmcintosh@example.com,+1-583-800-4837,159 Julie Drive,Lake Dawnfort,AR,50741,US,Mid-Market,Real Estate,Active,Paid Search,2021-12-16,214749.06,0,2020-04-23T01:07:31.841893,2024-03-22T15:18:29.213079
746,CUST-00746,Caleb,Velez,Caleb Velez,bethmiller@example.com,(228)324-7183,9607 Byrd Pine,Marissafort,MH,37838,US,Mid-Market,Manufacturing,Prospect,Event,2018-05-08,19577.36,0,2022-01-26T15:50:07.593682,2024-06-13T06:13:17.010354
747,CUST-00747,Caroline,Stewart,Caroline Stewart,danielmartinez@example.com,+1-365-265-8189,73563 Victoria Flats Apt. 297,Marissamouth,GU,23832,US,Enterprise,Media,Prospect,Organic,2024-07-04,203254.28,1,2023-03-19T19:51:31.087986,2024-10-02T16:56:19.080183
748,CUST-00748,Dale,Carlson,Dale Carlson,tonycastro@example.org,493-289-9906,07167 Lopez Springs,North Paul,AS,91078,US,Mid-Market,Healthcare,Churned,Paid Search,2022-04-06,136095.6,1,2019-05-13T01:33:53.541176,2024-12-03T01:23:21.930216
749,CUST-00749,Leah,Allen,Leah Allen,joseph00@example.com,001-590-737-2954x585,99812 Jefferson Street Apt. 922,Kimberlymouth,CT,57903,US,Mid-Market,Education,Inactive,Referral,2021-04-16,222913.67,0,2023-08-30T02:14:27.339753,2024-01-26T12:35:41.342065
750,CUST-00750,Caroline,Singh,Caroline Singh,sotomegan@example.com,662.712.3601x8639,38453 Lee Forge Apt. 930,Harperhaven,TN,97085,US,Mid-Market,Logistics,Churned,Partner,2020-04-04,23093.23,0,2020-05-13T02:19:46.108018,2024-12-16T14:29:05.631987
