product_id,product_key,sku,product_name,category,subcategory,brand,unit_of_measure,unit_cost_usd,unit_price_usd,gross_margin_pct,reorder_level,stock_quantity,product_status,launch_date,weight_kg,is_taxable,created_at,updated_at
1,PROD-00001,SKU-C4CA4238,PrimeSoft Implementation Any 800,Consulting,Implementation,ApexWorks,Hour,1327.04,2202.89,66.0,8,228,Active,2021-07-04,5.46,1,2019-01-14T02:58:27.695359,2024-08-30T03:30:37.907516
2,PROD-00002,SKU-C81E728D,CoreEdge Database Him 164,Cloud Services,Database,BluePeak,Subscription/Mo,85.64,137.88,61.0,14,21,Active,2023-10-26,15.58,1,2020-06-15T04:40:46.905998,2024-06-19T02:55:31.197360
3,PROD-00003,SKU-ECCBC87E,TechPro Networking Professional 764,Cloud Services,Networking,SwiftLine,Each,1836.21,3084.83,68.0,45,495,Pending,2017-10-10,19.04,1,2021-11-13T08:05:24.739827,2024-07-24T20:09:03.725358
4,PROD-00004,SKU-A87FF679,NexGen Printers So 474,Office Supplies,Printers,PrimeSoft,Each,1090.98,1363.72,25.0,33,128,Discontinued,2021-02-10,29.18,1,2023-02-27T00:17:10.507528,2024-09-14T03:47:53.921333
5,PROD-00005,SKU-E4DA3B7F,OmniTech Audit Magazine 911,Consulting,Audit,OmniTech,Hour,709.03,1184.08,67.0,0,256,Active,2019-11-01,13.25,1,2022-04-24T00:56:08.027571,2024-03-09T20:59:41.753002
6,PROD-00006,SKU-1679091C,ApexWorks Webcams Rather 261,Electronics,Webcams,SwiftLine,Hour,1288.74,1649.59,28.0,45,418,Active,2024-06-15,19.87,0,2023-09-19T13:59:31.534240,2024-06-02T04:25:45.884022
7,PROD-00007,SKU-8F14E45F,CoreEdge Paper Movie 704,Office Supplies,Paper,ApexWorks,GB,965.63,1390.51,44.0,1,124,Active,2015-08-24,3.92,1,2023-04-06T04:31:52.757132,2024-03-19T23:31:20.967814
8,PROD-00008,SKU-C9F0F895,TechPro Productivity Pretty 270,Software,Productivity,BluePeak,License,83.19,123.95,49.0,33,490,Discontinued,2019-09-15,18.02,1,2023-10-19T01:50:32.688943,2024-06-14T17:34:55.087968
9,PROD-00009,SKU-45C48CCE,OmniTech Paper Mean 988,Office Supplies,Paper,OmniTech,License,437.1,660.02,51.0,14,425,Discontinued,2021-12-03,18.07,1,2016-02-21T04:49:37.655841,2024-08-28T09:52:43.034366
10,PROD-00010,SKU-D3D94468,SwiftLine Strategy Seat 564,Consulting,Strategy,PrimeSoft,Hour,532.72,841.7,58.0,4,117,Discontinued,2017-12-08,11.63,1,2015-02-08T12:49:46.013257,2024-12-02T16:14:25.038570
11,PROD-00011,SKU-6512BD43,NexGen Monitors Focus 946,Electronics,Monitors,ApexWorks,Hour,1047.81,1781.28,70.0,6,90,Discontinued,2016-04-29,27.06,1,2016-08-13T07:22:29.617899,2024-03-03T11:44:42.257725
12,PROD-00012,SKU-C20AD4D7,ApexWorks Strategy Today 717,Consulting,Strategy,ClearPath,Each,1506.0,1822.26,21.0,49,347,Discontinued,2024-06-13,15.71,1,2015-11-20T11:08:22.190350,2024-08-13T17:21:02.993148
13,PROD-00013,SKU-C51CE410,OmniTech Webcams Until 908,Electronics,Webcams,NexGen,Subscription/Mo,860.77,1471.92,71.0,37,411,Pending,2022-12-02,3.02,1,2021-10-18T10:07:24.616078,2024-10-23T17:42:06.523453
14,PROD-00014,SKU-AAB32389,NovaSys Furniture Ask 390,Office Supplies,Furniture,PrimeSoft,Hour,1532.89,2605.91,70.0,26,131,Active,2019-02-12,0.26,1,2023-08-04T14:46:09.728251,2024-03-08T15:31:29.044491
15,PROD-00015,SKU-9BF31C7F,CoreEdge Strategy Easy 804,Consulting,Strategy,SwiftLine,GB,240.07,276.08,15.0,23,54,Active,2019-05-04,12.84,1,2017-11-27T01:45:07.939069,2024-01-06T06:37:49.302329
16,PROD-00016,SKU-C74D97B0,BluePeak Printers Vote 796,Office Supplies,Printers,NexGen,License,850.01,1164.51,37.0,26,282,Pending,2020-06-10,14.53,1,2021-02-09T06:28:19.991529,2024-04-23T11:04:26.894094
17,PROD-00017,SKU-70EFDF2E,PrimeSoft Strategy Executive 452,Consulting,Strategy,NexGen,License,970.1,1687.97,74.0,42,60,Active,2016-09-06,13.45,1,2022-03-01T07:40:30.980953,2024-07-21T07:19:43.758001
18,PROD-00018,SKU-6F4922F4,ClearPath Monitors Tonight 728,Electronics,Monitors,TechPro,License,1019.15,1651.02,62.0,24,493,Active,2017-09-15,24.15,1,2021-04-21T01:46:07.153892,2024-09-01T13:03:28.121789
19,PROD-00019,SKU-1F0E3DAD,CoreEdge AI/ML Coach 479,Cloud Services,AI/ML,NovaSys,Hour,873.58,1039.56,19.0,2,370,Discontinued,2021-12-06,27.93,0,2017-04-21T08:29:32.823729,2024-11-02T06:18:39.644985
20,PROD-00020,SKU-98F13708,TechPro Strategy Hold 892,Consulting,Strategy,ApexWorks,GB,576.51,997.36,73.0,28,5,Active,2015-01-27,25.53,1,2020-08-28T13:46:42.971512,2024-06-09T18:05:35.141730
21,PROD-00021,SKU-3C59DC04,CoreEdge CRM Have 729,Software,CRM,ApexWorks,Each,1569.0,2290.74,46.0,23,122,Active,2022-01-06,29.27,1,2023-10-31T17:06:34.715899,2024-02-13T04:38:48.020053
22,PROD-00022,SKU-B6D767D2,PrimeSoft Furniture Simply 305,Office Supplies,Furniture,ClearPath,Each,709.49,986.19,39.0,47,360,Active,2020-02-23,27.58,1,2021-03-10T16:41:27.830165,2024-12-24T15:13:10.509079
23,PROD-00023,SKU-37693CFC,BluePeak Strategy Keep 331,Consulting,Strategy,PrimeSoft,License,699.45,1210.05,73.0,29,476,Discontinued,2024-11-23,17.29,1,2015-01-28T17:36:05.674590,2024-10-20T18:58:29.299365
24,PROD-00024,SKU-1FF1DE77,ClearPath Security Feel 401,Software,Security,SwiftLine,Each,1014.95,1512.28,49.0,32,489,Active,2016-01-12,26.3,1,2019-08-30T06:43:31.248273,2024-03-11T10:05:24.049871
25,PROD-00025,SKU-8E296A06,SwiftLine Networking Notice 894,Cloud Services,Networking,OmniTech,GB,1128.52,1816.92,61.0,37,441,Active,2021-03-14,14.51,1,2015-08-12T09:00:46.661206,2024-03-11T11:05:57.282100
26,PROD-00026,SKU-4E732CED,CoreEdge Headphones American 919,Electronics,Headphones,SwiftLine,GB,1269.16,2221.03,75.0,22,264,Pending,2018-03-14,0.39,1,2022-10-28T04:23:47.306752,2024-02-19T03:07:17.006412
27,PROD-00027,SKU-02E74F10,SwiftLine Analytics This 177,Software,Analytics,ClearPath,License,190.55,295.35,55.0,30,160,Active,2018-04-01,6.64,1,2015-11-17T23:48:11.560518,2024-08-19T20:07:00.489414
28,PROD-00028,SKU-33E75FF0,CoreEdge ERP Arrive 993,Software,ERP,BluePeak,License,1000.5,1270.63,27.0,14,103,Active,2020-02-01,25.11,1,2022-10-06T23:27:57.608572,2024-05-21T02:36:50.832102
29,PROD-00029,SKU-6EA9AB1B,OmniTech CRM Bag 728,Software,CRM,TechPro,Hour,244.16,292.99,20.0,2,434,Discontinued,2021-09-03,11.2,1,2022-09-27T04:50:19.183784,2024-01-26T20:08:33.739977
30,PROD-00030,SKU-34173CB3,ClearPath AI/ML Question 386,Cloud Services,AI/ML,NexGen,License,1738.19,2502.99,44.0,48,295,Active,2016-12-30,1.72,0,2018-08-11T06:35:43.368360,2024-08-13T15:21:41.239876
31,PROD-00031,SKU-C16A5320,ApexWorks AI/ML Course 568,Cloud Services,AI/ML,NovaSys,Hour,69.96,95.15,36.0,29,161,Active,2022-06-29,0.45,1,2020-08-03T12:02:10.982270,2024-03-05T04:57:46.744141
32,PROD-00032,SKU-6364D3F0,BluePeak AI/ML Protect 291,Cloud Services,AI/ML,ClearPath,Subscription/Mo,205.99,282.21,37.0,15,137,Discontinued,2024-07-26,28.76,1,2017-04-11T18:18:57.953803,2024-05-19T21:31:03.299020
33,PROD-00033,SKU-182BE0C5,SwiftLine Pens I 473,Office Supplies,Pens,NexGen,Subscription/Mo,1000.05,1280.06,28.0,28,92,Pending,2019-04-30,4.02,1,2021-04-02T09:01:15.153415,2024-12-31T15:01:20.479772
34,PROD-00034,SKU-E369853D,NexGen Keyboards Plan 300,Electronics,Keyboards,ApexWorks,License,1609.15,2381.54,48.0,30,412,Active,2016-09-24,5.38,0,2016-07-31T08:13:21.483346,2024-05-06T23:49:13.981726
35,PROD-00035,SKU-1C383CD3,OmniTech Productivity Each 407,Software,Productivity,BluePeak,Hour,1070.3,1434.2,34.0,36,24,Discontinued,2020-05-16,3.06,1,2015-11-17T18:10:35.143894,2024-04-01T12:25:28.628676
36,PROD-00036,SKU-19CA14E7,NovaSys Monitors They 560,Electronics,Monitors,SwiftLine,Subscription/Mo,1628.57,2345.14,44.0,23,184,Pending,2015-08-27,16.77,1,2022-09-30T08:01:45.160704,2024-10-13T08:54:49.919136
37,PROD-00037,SKU-A5BFC9E0,PrimeSoft Paper Dark 303,Office Supplies,Paper,PrimeSoft,Hour,826.46,1123.99,36.0,41,332,Pending,2021-02-01,5.32,1,2015-02-25T20:35:54.954032,2024-08-15T07:50:34.042476
38,PROD-00038,SKU-A5771BCE,OmniTech Binders During 180,Office Supplies,Binders,NexGen,Hour,1348.02,1941.15,44.0,18,237,Active,2022-11-01,26.06,1,2017-11-16T18:21:32.656596,2024-04-12T15:24:30.912645
39,PROD-00039,SKU-D67D8AB4,NovaSys AI/ML Program 181,Cloud Services,AI/ML,ApexWorks,Subscription/Mo,1145.42,1901.4,66.0,14,160,Active,2023-08-02,19.63,1,2017-10-08T06:12:54.371703,2024-05-18T13:09:15.262382
40,PROD-00040,SKU-D645920E,SwiftLine Audit Report 865,Consulting,Audit,PrimeSoft,Hour,546.14,775.52,42.0,28,211,Active,2016-10-10,5.6,1,2022-01-04T22:53:42.933285,2024-04-08T21:04:32.953241
41,PROD-00041,SKU-3416A75F,NovaSys ERP Cut 315,Software,ERP,ApexWorks,GB,1325.73,2267.0,71.0,6,48,Active,2017-01-06,28.11,0,2017-10-28T09:12:15.898008,2024-07-08T08:46:27.103472
42,PROD-00042,SKU-A1D0C6E8,NovaSys Implementation Point 206,Consulting,Implementation,BluePeak,Hour,57.6,80.06,39.0,9,43,Discontinued,2017-04-20,9.35,1,2017-03-29T22:17:46.531303,2024-03-17T09:06:22.250181
43,PROD-00043,SKU-17E62166,ApexWorks Furniture Hospital 129,Office Supplies,Furniture,TechPro,Subscription/Mo,1254.83,1543.44,23.0,20,442,Discontinued,2016-01-10,14.07,1,2024-01-05T08:25:05.653865,2024-07-11T19:30:01.042545
44,PROD-00044,SKU-F7177163,ClearPath Audit Least 281,Consulting,Audit,PrimeSoft,Hour,274.55,472.23,72.0,29,323,Pending,2024-01-10,13.11,1,2017-05-24T21:18:29.803136,2024-01-14T15:29:21.907372
45,PROD-00045,SKU-6C8349CC,OmniTech Furniture Learn 415,Office Supplies,Furniture,SwiftLine,GB,1081.64,1763.07,63.0,16,79,Active,2022-10-05,0.42,1,2018-05-29T19:39:54.940725,2024-04-15T09:31:46.072343
46,PROD-00046,SKU-D9D4F495,OmniTech Binders Feel 873,Office Supplies,Binders,OmniTech,Subscription/Mo,941.05,1082.21,15.0,0,392,Discontinued,2017-06-28,23.96,1,2020-04-16T18:52:57.096948,2024-05-20T10:35:16.783104
47,PROD-00047,SKU-67C6A1E7,ClearPath Webcams Pressure 547,Electronics,Webcams,NexGen,License,750.42,1050.59,40.0,10,366,Discontinued,2024-06-12,24.87,1,2020-03-21T20:58:47.109196,2024-05-05T17:31:37.920556
48,PROD-00048,SKU-642E92EF,PrimeSoft Paper Listen 926,Office Supplies,Paper,BluePeak,Subscription/Mo,847.37,1093.11,29.0,41,380,Pending,2017-09-09,24.28,0,2018-03-15T08:22:15.442309,2024-10-31T19:52:33.655065
49,PROD-00049,SKU-F457C545,OmniTech CRM Participant 732,Software,CRM,OmniTech,Subscription/Mo,368.9,486.95,32.0,44,318,Discontinued,2023-08-14,5.71,1,2016-07-14T20:43:53.384356,2024-10-04T20:05:41.903997
50,PROD-00050,SKU-C0C7C76D,NovaSys CRM Operation 388,Software,CRM,BluePeak,License,1939.58,2249.91,16.0,45,224,Active,2021-05-02,7.06,1,2023-10-24T17:18:12.766806,2024-10-22T08:20:32.598288
51,PROD-00051,SKU-2838023A,OmniTech Headphones Hour 480,Electronics,Headphones,OmniTech,Each,438.29,613.61,40.0,21,41,Active,2021-02-01,1.78,0,2023-04-12T08:31:44.634356,2024-12-03T03:29:52.744433
52,PROD-00052,SKU-9A115815,BluePeak Webcams Threat 936,Electronics,Webcams,NexGen,Each,942.94,1197.53,27.0,7,498,Active,2021-04-25,11.61,0,2015-01-29T09:28:40.448306,2024-07-27T08:53:28.581324
53,PROD-00053,SKU-D82C8D16,NovaSys CRM Surface 633,Software,CRM,CoreEdge,GB,402.36,639.75,59.0,24,348,Active,2024-01-16,28.09,1,2023-03-24T09:28:21.434190,2024-06-03T10:24:13.763112
54,PROD-00054,SKU-A684ECEE,BluePeak Webcams General 303,Electronics,Webcams,SwiftLine,Each,1044.25,1357.53,30.0,42,111,Active,2017-02-04,7.16,0,2020-08-28T15:09:36.884952,2024-11-03T06:13:41.840934
55,PROD-00055,SKU-B53B3A3D,NovaSys Paper Many 505,Office Supplies,Paper,CoreEdge,Each,338.88,447.32,32.0,2,297,Discontinued,2019-01-18,20.68,1,2015-06-04T01:44:33.287156,2024-06-16T14:15:12.650330
56,PROD-00056,SKU-9F61408E,PrimeSoft Paper Suffer 446,Office Supplies,Paper,TechPro,Each,501.2,726.74,45.0,22,330,Active,2020-06-29,21.07,1,2016-11-23T15:30:21.267501,2024-01-14T18:35:27.535207
57,PROD-00057,SKU-72B32A1F,SwiftLine Security Person 924,Software,Security,OmniTech,License,469.19,816.39,74.0,1,352,Discontinued,2022-12-24,10.81,1,2018-03-16T00:38:31.062212,2024-02-19T21:54:40.743404
58,PROD-00058,SKU-66F041E1,BluePeak Paper Movie 655,Office Supplies,Paper,OmniTech,License,973.18,1372.18,41.0,36,95,Pending,2024-06-29,10.5,0,2016-12-30T23:37:50.364376,2024-04-10T13:35:40.298205
59,PROD-00059,SKU-093F65E0,NovaSys Printers Feel 643,Office Supplies,Printers,ApexWorks,GB,1829.38,2707.48,48.0,18,419,Active,2022-05-24,16.29,0,2020-09-30T13:55:45.689688,2024-05-27T02:51:42.876876
60,PROD-00060,SKU-072B030B,TechPro Webcams Huge 734,Electronics,Webcams,SwiftLine,Hour,761.19,959.1,26.0,15,164,Active,2020-02-29,19.78,0,2019-01-31T06:46:08.048546,2024-06-13T16:34:13.965447
61,PROD-00061,SKU-7F39F831,ApexWorks Productivity Nothing 727,Software,Productivity,BluePeak,Subscription/Mo,1368.03,2202.53,61.0,26,328,Active,2021-02-10,3.4,1,2017-06-06T23:57:33.614198,2024-01-07T00:04:02.622891
62,PROD-00062,SKU-44F683A8,NovaSys Monitors School 597,Electronics,Monitors,CoreEdge,Each,361.38,422.81,17.0,2,292,Discontinued,2016-01-24,19.77,1,2021-08-05T06:18:59.066800,2024-11-08T23:31:17.053093
63,PROD-00063,SKU-03AFDBD6,TechPro Keyboards Age 313,Electronics,Keyboards,OmniTech,Each,445.34,703.64,58.0,29,410,Active,2023-09-21,10.89,0,2023-02-28T00:29:13.425527,2024-06-07T13:29:40.900418
64,PROD-00064,SKU-EA5D2F1C,TechPro Paper Approach 851,Office Supplies,Paper,NovaSys,Subscription/Mo,1648.17,2159.1,31.0,4,483,Active,2015-11-07,28.82,1,2017-06-16T02:31:36.230618,2024-06-10T03:43:28.575122
65,PROD-00065,SKU-FC490CA4,ClearPath Monitors Beautiful 772,Electronics,Monitors,CoreEdge,Hour,1065.66,1342.73,26.0,40,485,Active,2015-10-23,16.8,0,2024-01-27T01:01:58.573098,2024-03-19T15:37:06.177406
66,PROD-00066,SKU-3295C76A,NexGen Webcams Need 206,Electronics,Webcams,ApexWorks,License,719.14,1028.37,43.0,35,205,Pending,2017-08-10,10.19,1,2023-12-16T20:34:09.550025,2024-09-18T23:48:00.398021
67,PROD-00067,SKU-735B90B4,SwiftLine Strategy Young 663,Consulting,Strategy,SwiftLine,Subscription/Mo,888.81,1208.78,36.0,26,391,Discontinued,2019-06-25,24.8,1,2018-03-03T23:42:56.299570,2024-06-24T20:08:10.468856
68,PROD-00068,SKU-A3F390D8,ClearPath Training Her 862,Consulting,Training,BluePeak,Subscription/Mo,1128.47,1444.44,28.0,28,229,Discontinued,2019-03-10,0.11,1,2021-11-08T05:35:36.600108,2024-01-01T00:27:09.128389
69,PROD-00069,SKU-14BFA6BB,BluePeak Printers Ground 106,Office Supplies,Printers,BluePeak,License,37.52,46.15,23.0,13,438,Active,2015-10-07,0.75,1,2021-11-08T11:50:29.083652,2024-06-03T14:09:50.146529
70,PROD-00070,SKU-7CBBC409,ApexWorks Strategy Again 196,Consulting,Strategy,TechPro,GB,1114.86,1906.41,71.0,22,79,Active,2021-11-11,8.02,1,2018-08-14T19:29:28.255674,2024-08-30T08:38:42.313471
71,PROD-00071,SKU-E2C420D9,NexGen Analytics Every 682,Software,Analytics,CoreEdge,Each,1623.09,1963.94,21.0,46,166,Discontinued,2020-08-17,5.27,1,2021-10-23T02:24:25.604592,2024-03-07T03:17:10.528831
72,PROD-00072,SKU-32BB90E8,NexGen Support Federal 180,Consulting,Support,TechPro,Subscription/Mo,79.56,130.48,64.0,22,450,Discontinued,2021-12-10,12.55,1,2024-02-17T15:35:17.927296,2024-05-14T15:57:42.633250
73,PROD-00073,SKU-D2DDEA18,NexGen Productivity Very 155,Software,Productivity,BluePeak,Hour,1857.66,2842.22,53.0,2,163,Pending,2021-05-25,16.99,1,2019-02-04T17:59:15.597481,2024-07-08T06:24:27.568254
74,PROD-00074,SKU-AD61AB14,NexGen Training After 556,Consulting,Training,PrimeSoft,Hour,310.63,481.48,55.0,32,46,Active,2023-10-30,13.01,0,2024-05-05T03:39:48.308895,2024-04-11T20:02:59.983087
75,PROD-00075,SKU-D09BF415,TechPro ERP Song 661,Software,ERP,NexGen,Subscription/Mo,675.66,972.95,44.0,5,204,Pending,2024-02-03,13.09,1,2021-01-29T14:34:08.803097,2024-10-13T01:02:45.375789
76,PROD-00076,SKU-FBD7939D,PrimeSoft Security Issue 300,Software,Security,ClearPath,Hour,1120.8,1613.95,44.0,47,268,Active,2023-07-27,7.35,1,2020-06-05T23:25:30.958690,2024-12-13T02:40:20.987563
77,PROD-00077,SKU-28DD2C79,NovaSys Database Memory 787,Cloud Services,Database,NexGen,GB,1371.05,2056.57,50.0,23,178,Active,2018-06-07,9.69,1,2015-06-06T16:26:04.277422,2024-10-28T21:15:14.795001
78,PROD-00078,SKU-35F4A8D4,OmniTech Pens So 738,Office Supplies,Pens,ApexWorks,GB,1975.37,3002.56,52.0,2,473,Active,2024-01-05,6.07,1,2023-06-27T08:49:52.837548,2024-10-18T02:50:08.385794
79,PROD-00079,SKU-D1FE173D,PrimeSoft CRM Learn 251,Software,CRM,BluePeak,Each,229.18,270.43,18.0,21,355,Active,2015-09-21,9.22,0,2022-10-30T07:37:51.418175,2024-07-15T13:31:46.962941
80,PROD-00080,SKU-F033AB37,CoreEdge Keyboards Computer 659,Electronics,Keyboards,ClearPath,Subscription/Mo,421.97,620.3,47.0,35,247,Pending,2023-12-30,21.92,1,2022-07-19T11:40:55.413504,2024-02-15T12:28:49.596118
81,PROD-00081,SKU-43EC517D,TechPro Headphones Along 361,Electronics,Headphones,ApexWorks,Each,1168.09,1810.54,55.0,18,102,Pending,2023-06-12,8.21,0,2018-02-10T09:03:51.307403,2024-12-24T19:17:09.022129
82,PROD-00082,SKU-9778D5D2,SwiftLine Laptops Rest 985,Electronics,Laptops,NovaSys,Each,780.35,1022.26,31.0,18,444,Discontinued,2023-08-05,7.01,0,2020-01-28T08:04:38.987907,2024-11-14T21:26:24.910202
83,PROD-00083,SKU-FE9FC289,PrimeSoft Implementation Military 644,Consulting,Implementation,NovaSys,License,1808.22,2603.84,44.0,12,256,Discontinued,2019-04-12,16.86,1,2016-08-15T23:39:17.122753,2024-05-17T18:13:40.689064
84,PROD-00084,SKU-68D30A95,OmniTech Monitors Then 502,Electronics,Monitors,ApexWorks,Each,1844.93,2453.76,33.0,22,350,Active,2018-01-03,10.73,1,2024-05-06T22:50:15.850100,2024-01-27T02:41:35.139065
85,PROD-00085,SKU-3EF81541,BluePeak Productivity Its 999,Software,Productivity,NexGen,Each,555.38,660.9,19.0,35,485,Active,2022-08-09,6.84,1,2017-05-07T13:51:00.851098,2024-08-24T17:42:39.910519
86,PROD-00086,SKU-93DB85ED,PrimeSoft Compute Page 993,Cloud Services,Compute,CoreEdge,GB,180.15,248.61,38.0,15,293,Active,2017-06-11,12.85,1,2022-01-18T14:59:30.099618,2024-11-10T13:25:16.263506
87,PROD-00087,SKU-C7E1249F,ApexWorks Support Trouble 694,Consulting,Support,ClearPath,License,901.09,1108.34,23.0,8,158,Pending,2015-07-09,27.3,0,2018-08-18T06:17:18.663492,2024-04-28T05:54:07.177578
88,PROD-00088,SKU-2A38A4A9,ClearPath Productivity Have 645,Software,Productivity,NovaSys,License,1834.64,2458.42,34.0,20,429,Active,2017-03-17,21.84,1,2021-10-12T09:22:57.822926,2024-01-31T22:57:06.735706
89,PROD-00089,SKU-7647966B,BluePeak Networking Speech 255,Cloud Services,Networking,CoreEdge,Each,610.18,976.29,60.0,8,94,Active,2015-10-18,22.9,1,2022-03-12T20:00:08.077057,2024-06-09T18:35:28.130100
90,PROD-00090,SKU-8613985E,CoreEdge Strategy Participant 803,Consulting,Strategy,TechPro,Subscription/Mo,1226.66,1852.26,51.0,5,352,Discontinued,2018-10-10,4.11,0,2018-02-20T18:44:44.656099,2024-12-19T20:42:18.702153
91,PROD-00091,SKU-54229ABF,ApexWorks Pens Popular 267,Office Supplies,Pens,CoreEdge,License,1705.0,2455.2,44.0,2,209,Active,2021-06-26,27.77,0,2015-01-06T06:35:34.298634,2024-04-17T14:01:14.071817
92,PROD-00092,SKU-92CC2275,OmniTech ERP Wife 987,Software,ERP,PrimeSoft,GB,1516.76,1804.94,19.0,44,166,Discontinued,2020-01-14,26.64,0,2018-06-22T13:20:28.992684,2024-11-27T19:08:45.724407
93,PROD-00093,SKU-98DCE83D,SwiftLine Storage Well 503,Cloud Services,Storage,PrimeSoft,Hour,1217.82,1997.22,64.0,38,274,Pending,2022-01-30,19.28,1,2019-04-30T19:01:50.178456,2024-07-10T20:24:16.894591
94,PROD-00094,SKU-F4B9EC30,TechPro Implementation Song 998,Consulting,Implementation,CoreEdge,Hour,905.96,1494.83,65.0,34,202,Active,2019-10-01,16.78,1,2023-05-24T23:36:53.074113,2024-05-21T17:57:58.983804
95,PROD-00095,SKU-812B4BA2,BluePeak Analytics Join 572,Software,Analytics,ApexWorks,GB,881.91,1481.61,68.0,18,313,Active,2016-06-19,20.73,1,2023-11-26T01:46:37.911921,2024-09-30T12:47:31.183004
96,PROD-00096,SKU-26657D5F,ApexWorks Networking Dinner 897,Cloud Services,Networking,PrimeSoft,Hour,185.43,268.87,45.0,8,201,Discontinued,2017-07-15,9.77,1,2021-05-27T12:42:47.559760,2024-03-18T07:55:33.828842
97,PROD-00097,SKU-E2EF524F,CoreEdge Security Physical 565,Software,Security,NovaSys,Subscription/Mo,1182.68,1868.63,58.0,20,354,Active,2017-07-31,21.58,1,2019-10-16T07:35:24.876102,2024-08-06T18:37:50.390049
98,PROD-00098,SKU-ED3D2C21,NovaSys Laptops Small 636,Electronics,Laptops,NexGen,Hour,1413.92,2163.3,53.0,39,486,Active,2022-05-21,11.42,0,2017-04-21T04:43:52.021244,2024-02-08T09:53:41.531267
99,PROD-00099,SKU-AC627AB1,ApexWorks Monitors Away 266,Electronics,Monitors,ApexWorks,License,1824.94,2719.16,49.0,49,364,Active,2021-09-28,12.65,1,2016-06-01T16:54:16.259025,2024-03-22T09:07:30.664999
100,PROD-00100,SKU-F899139D,ApexWorks Database Less 307,Cloud Services,Database,TechPro,Hour,1254.77,1530.82,22.0,48,129,Active,2021-10-17,13.81,0,2015-11-02T07:19:14.722720,2024-09-18T08:20:30.654734
101,PROD-00101,SKU-38B3EFF8,CoreEdge Implementation Situation 702,Consulting,Implementation,OmniTech,GB,1217.93,1766.0,45.0,26,226,Active,2024-01-08,18.08,1,2019-03-23T08:50:06.348138,2024-03-21T11:04:55.160653
102,PROD-00102,SKU-EC895663,CoreEdge Productivity Capital 150,Software,Productivity,ApexWorks,License,559.84,856.56,53.0,3,334,Active,2023-11-10,1.2,1,2017-11-02T16:44:12.524503,2024-11-13T02:20:35.243586
103,PROD-00103,SKU-6974CE5A,TechPro Strategy Main 211,Consulting,Strategy,NexGen,License,600.39,1020.66,70.0,10,344,Active,2019-08-13,18.37,1,2019-01-11T22:02:19.236786,2024-09-04T02:58:29.146070
104,PROD-00104,SKU-C9E1074F,BluePeak AI/ML Voice 430,Cloud Services,AI/ML,SwiftLine,GB,723.58,846.59,17.0,4,388,Discontinued,2016-05-11,25.31,1,2017-04-22T13:34:01.020084,2024-05-23T14:57:30.781214
105,PROD-00105,SKU-65B9EEA6,BluePeak Furniture Nothing 437,Office Supplies,Furniture,ClearPath,GB,273.42,429.27,57.0,33,107,Active,2018-02-17,18.4,1,2015-05-22T11:32:36.417180,2024-08-12T19:36:00.622808
106,PROD-00106,SKU-F0935E4C,PrimeSoft Strategy Where 907,Consulting,Strategy,BluePeak,GB,1974.44,2843.19,44.0,38,434,Active,2020-07-17,7.86,1,2023-05-07T14:04:22.930612,2024-06-27T17:58:24.109839
107,PROD-00107,SKU-A97DA629,OmniTech Productivity Mission 604,Software,Productivity,ApexWorks,Hour,1127.46,1646.09,46.0,14,362,Active,2017-08-25,29.38,1,2019-09-02T00:57:28.648989,2024-10-10T01:23:54.524955
108,PROD-00108,SKU-A3C65C29,CoreEdge Laptops House 918,Electronics,Laptops,PrimeSoft,GB,932.45,1519.89,63.0,26,23,Active,2021-02-17,10.55,1,2021-06-10T18:02:30.543696,2024-08-25T22:09:19.590960
109,PROD-00109,SKU-2723D092,NovaSys Monitors Yeah 415,Electronics,Monitors,BluePeak,Hour,1381.58,1796.05,30.0,35,165,Active,2017-11-07,3.5,1,2019-09-24T21:00:31.327471,2024-05-02T08:20:08.208109
110,PROD-00110,SKU-5F93F983,TechPro Furniture People 952,Office Supplies,Furniture,ApexWorks,License,1450.17,2204.26,52.0,21,426,Active,2018-07-17,27.68,0,2016-10-16T07:09:07.531058,2024-10-01T11:09:42.476394
111,PROD-00111,SKU-698D51A1,OmniTech Storage Store 985,Cloud Services,Storage,ClearPath,Subscription/Mo,1293.08,1862.04,44.0,29,401,Discontinued,2017-07-15,27.84,1,2022-10-11T00:28:39.695020,2024-01-11T01:31:41.128852
112,PROD-00112,SKU-7F6FFAA6,ClearPath Support Some 648,Consulting,Support,TechPro,License,1132.06,1766.01,56.0,36,350,Active,2022-11-03,24.01,1,2019-06-26T15:29:40.482174,2024-06-19T10:58:50.264076
113,PROD-00113,SKU-73278A4A,NexGen Monitors Onto 741,Electronics,Monitors,ClearPath,License,564.52,660.49,17.0,36,310,Discontinued,2019-10-02,5.7,1,2015-03-28T01:13:52.804964,2024-11-15T04:41:46.096679
114,PROD-00114,SKU-5FD0B37C,NovaSys Binders Agency 608,Office Supplies,Binders,CoreEdge,Subscription/Mo,1421.13,1861.68,31.0,28,424,Active,2024-07-31,6.56,1,2019-07-09T18:48:15.939025,2024-06-20T00:17:16.333348
115,PROD-00115,SKU-2B44928A,CoreEdge CRM Be 194,Software,CRM,OmniTech,Hour,751.56,879.33,17.0,1,409,Discontinued,2018-01-30,27.16,1,2019-03-11T21:04:42.844199,2024-03-14T02:21:05.230019
116,PROD-00116,SKU-C45147DE,ClearPath Analytics Behavior 417,Software,Analytics,SwiftLine,License,1847.66,2937.78,59.0,49,446,Active,2015-10-05,24.68,1,2022-02-07T07:35:57.109568,2024-10-07T13:12:21.399919
117,PROD-00117,SKU-EB160DE1,ClearPath CRM Reach 218,Software,CRM,TechPro,Subscription/Mo,921.44,1455.88,58.0,2,351,Pending,2022-10-08,26.17,1,2015-07-24T06:13:25.214397,2024-08-03T08:09:32.843004
118,PROD-00118,SKU-5EF05993,BluePeak Storage Story 123,Cloud Services,Storage,PrimeSoft,Subscription/Mo,210.69,339.21,61.0,40,456,Active,2015-04-29,9.69,1,2021-10-03T22:04:35.605099,2024-07-27T23:26:51.763111
119,PROD-00119,SKU-07E1CD7D,NovaSys Binders Fall 379,Office Supplies,Binders,ApexWorks,License,1066.89,1717.69,61.0,17,58,Active,2022-05-20,28.75,1,2022-07-01T12:08:20.801270,2024-05-16T08:55:26.960451
120,PROD-00120,SKU-DA4FB5C6,ApexWorks Productivity Heavy 821,Software,Productivity,BluePeak,Hour,703.88,943.2,34.0,15,87,Active,2022-04-05,9.41,1,2016-05-30T21:38:56.296845,2024-09-29T14:53:45.178022
121,PROD-00121,SKU-4C56FF4C,TechPro Audit Seven 208,Consulting,Audit,NexGen,Each,106.2,124.25,17.0,5,218,Discontinued,2017-08-19,5.45,0,2017-04-19T16:29:54.064565,2024-12-25T20:20:57.605524
122,PROD-00122,SKU-A0A080F4,ClearPath Support Such 180,Consulting,Support,OmniTech,Hour,628.32,1030.44,64.0,8,47,Discontinued,2018-05-03,3.01,1,2021-03-10T04:43:43.803087,2024-05-13T18:10:27.206921
123,PROD-00123,SKU-202CB962,PrimeSoft Networking Guess 364,Cloud Services,Networking,SwiftLine,GB,467.23,598.05,28.0,11,358,Active,2024-07-15,23.68,1,2023-08-09T12:24:51.630150,2024-11-12T13:27:00.615398
124,PROD-00124,SKU-C8FFE9A5,SwiftLine Networking Case 590,Cloud Services,Networking,OmniTech,License,65.38,94.15,44.0,18,393,Active,2024-05-31,18.17,1,2019-01-18T05:03:05.386437,2024-01-12T16:08:11.178810
125,PROD-00125,SKU-3DEF184A,NovaSys Implementation Result 433,Consulting,Implementation,ClearPath,Each,814.34,1286.66,58.0,50,154,Pending,2024-02-26,13.88,0,2021-04-26T22:28:38.997436,2024-01-05T22:23:50.815204
126,PROD-00126,SKU-069059B7,OmniTech Productivity Although 493,Software,Productivity,NovaSys,Subscription/Mo,491.16,613.95,25.0,13,416,Pending,2017-08-08,12.99,0,2015-04-10T09:33:03.015244,2024-12-31T19:57:25.856354
127,PROD-00127,SKU-EC5DECCA,NovaSys Support Since 857,Consulting,Support,PrimeSoft,GB,1091.33,1407.82,29.0,7,303,Pending,2015-10-15,13.94,1,2015-07-26T02:22:57.584548,2024-03-30T20:36:08.664865
128,PROD-00128,SKU-76DC611D,PrimeSoft Compute Foot 211,Cloud Services,Compute,PrimeSoft,GB,619.53,861.15,39.0,20,253,Active,2020-11-06,2.81,1,2022-02-04T03:55:53.136513,2024-05-12T08:56:11.923671
129,PROD-00129,SKU-D1F491A4,OmniTech Implementation Know 644,Consulting,Implementation,BluePeak,GB,1515.37,2348.82,55.0,39,295,Discontinued,2015-10-12,5.95,1,2020-08-25T10:10:51.784923,2024-10-07T03:07:35.457639
130,PROD-00130,SKU-9B861925,NexGen Printers More 835,Office Supplies,Printers,SwiftLine,Each,1589.72,2479.96,56.0,37,4,Pending,2020-09-04,29.59,0,2021-12-04T17:20:21.671649,2024-11-01T01:53:10.531218
131,PROD-00131,SKU-1AFA34A7,TechPro Analytics Be 100,Software,Analytics,ClearPath,Subscription/Mo,129.51,218.87,69.0,7,440,Active,2015-11-13,25.98,1,2015-12-17T02:21:21.707082,2024-11-20T13:02:57.017528
132,PROD-00132,SKU-65DED535,NexGen AI/ML Morning 515,Cloud Services,AI/ML,NexGen,GB,791.57,1060.7,34.0,34,108,Active,2017-02-24,14.3,1,2024-01-21T03:42:09.622689,2024-10-15T05:53:12.697808
133,PROD-00133,SKU-9FC3D715,NexGen Audit Factor 257,Consulting,Audit,BluePeak,License,1687.44,2311.79,37.0,8,5,Active,2019-01-07,19.49,1,2015-09-21T02:04:07.113307,2024-09-24T05:46:48.792638
134,PROD-00134,SKU-02522A2B,ApexWorks Networking Many 757,Cloud Services,Networking,NexGen,GB,1950.08,2398.6,23.0,50,356,Pending,2019-06-27,27.92,1,2023-09-11T06:52:35.824594,2024-07-05T22:13:24.313767
135,PROD-00135,SKU-7F1DE29E,NexGen AI/ML South 463,Cloud Services,AI/ML,CoreEdge,License,851.13,1395.85,64.0,27,309,Active,2021-06-24,17.38,1,2019-10-24T17:56:35.528972,2024-09-01T19:52:38.651747
136,PROD-00136,SKU-42A0E188,SwiftLine Support Fast 134,Consulting,Support,TechPro,Hour,824.62,1220.44,48.0,30,360,Active,2022-03-16,3.48,0,2021-11-26T01:17:51.023116,2024-05-30T15:34:16.335730
137,PROD-00137,SKU-3988C7F8,BluePeak Monitors Remain 576,Electronics,Monitors,ClearPath,Each,1461.72,2148.73,47.0,33,455,Pending,2021-07-05,2.74,0,2022-05-13T04:57:27.381295,2024-05-20T07:47:05.246119
138,PROD-00138,SKU-013D4071,TechPro Webcams Value 451,Electronics,Webcams,ClearPath,Each,1597.21,2140.26,34.0,30,232,Pending,2016-06-21,27.19,1,2020-10-12T22:11:27.598495,2024-09-27T23:26:45.421701
139,PROD-00139,SKU-E00DA03B,BluePeak Database Seem 271,Cloud Services,Database,TechPro,Hour,1921.36,3131.82,63.0,47,155,Pending,2016-05-01,7.89,0,2018-10-21T18:07:25.301563,2024-12-23T22:19:10.230196
140,PROD-00140,SKU-1385974E,BluePeak Training Peace 928,Consulting,Training,PrimeSoft,Each,1147.86,1767.7,54.0,18,248,Active,2018-10-01,3.89,1,2019-12-17T12:10:24.239628,2024-08-14T11:45:05.419016
141,PROD-00141,SKU-0F28B5D4,BluePeak Binders Fact 114,Office Supplies,Binders,NovaSys,Hour,269.41,355.62,32.0,11,465,Pending,2022-03-08,22.2,0,2021-08-09T01:23:59.548544,2024-09-10T03:30:04.636198
142,PROD-00142,SKU-A8BAA565,OmniTech Pens About 285,Office Supplies,Pens,ClearPath,Each,526.2,826.13,57.0,21,43,Active,2022-04-19,17.91,1,2020-05-28T20:25:31.940461,2024-03-09T01:15:36.681681
143,PROD-00143,SKU-903CE922,OmniTech Networking Knowledge 843,Cloud Services,Networking,ApexWorks,License,1541.88,1989.03,29.0,36,375,Active,2024-01-30,1.72,1,2023-01-20T14:26:20.084608,2024-04-25T11:45:13.602771
144,PROD-00144,SKU-0A09C884,BluePeak Laptops This 587,Electronics,Laptops,ClearPath,License,339.36,471.71,39.0,24,349,Discontinued,2019-10-24,14.29,1,2017-04-12T03:09:54.679846,2024-07-14T19:42:10.177056
145,PROD-00145,SKU-2B24D495,OmniTech Audit Contain 491,Consulting,Audit,SwiftLine,Hour,28.67,49.03,71.0,43,489,Active,2024-02-23,3.01,1,2015-08-19T16:57:18.771148,2024-01-21T01:19:14.108040
146,PROD-00146,SKU-A5E00132,SwiftLine AI/ML Audience 376,Cloud Services,AI/ML,BluePeak,Each,1836.49,3066.94,67.0,16,335,Pending,2017-02-28,11.8,1,2015-10-31T10:55:45.914332,2024-05-22T05:01:16.489939
147,PROD-00147,SKU-8D5E957F,ApexWorks Training Alone 420,Consulting,Training,ClearPath,Each,1042.3,1625.99,56.0,43,4,Active,2018-01-31,0.46,1,2017-11-23T14:09:29.023703,2024-11-13T13:07:44.138355
148,PROD-00148,SKU-47D1E990,BluePeak Implementation Different 357,Consulting,Implementation,CoreEdge,Each,1372.57,1866.7,36.0,1,317,Active,2020-07-08,1.8,1,2022-11-21T21:52:08.576555,2024-04-02T17:15:16.591556
149,PROD-00149,SKU-F2217062,PrimeSoft Implementation Significant 233,Consulting,Implementation,NexGen,Hour,1417.61,1729.48,22.0,11,458,Active,2022-05-28,20.9,1,2018-03-13T19:55:16.137474,2024-04-05T13:56:34.657763
150,PROD-00150,SKU-7EF605FC,OmniTech Furniture Firm 383,Office Supplies,Furniture,NexGen,Subscription/Mo,1322.65,1587.18,20.0,16,82,Active,2023-08-25,8.39,1,2022-10-17T03:56:00.073113,2024-01-01T23:23:22.765360
151,PROD-00151,SKU-A8F15EDA,BluePeak Networking Generation 282,Cloud Services,Networking,OmniTech,Each,668.65,795.69,19.0,31,475,Active,2021-01-21,18.35,1,2017-08-27T21:17:48.465643,2024-01-07T02:34:43.390009
152,PROD-00152,SKU-37A749D8,CoreEdge Storage Watch 728,Cloud Services,Storage,NovaSys,GB,292.03,470.17,61.0,45,132,Active,2022-06-18,1.14,1,2021-04-30T16:30:29.528248,2024-12-01T08:59:21.308119
153,PROD-00153,SKU-B3E3E393,OmniTech Support Draw 252,Consulting,Support,TechPro,Each,1555.59,1804.48,16.0,42,199,Active,2022-10-30,4.63,1,2019-07-12T15:30:16.406087,2024-03-23T14:12:00.994618
154,PROD-00154,SKU-1D7F7ABC,OmniTech AI/ML Heavy 589,Cloud Services,AI/ML,NexGen,GB,12.39,19.45,57.0,46,399,Active,2024-12-02,16.25,1,2020-01-22T16:09:46.653843,2024-09-30T15:57:44.197567
155,PROD-00155,SKU-2A79EA27,SwiftLine Networking Scene 441,Cloud Services,Networking,BluePeak,GB,246.8,362.8,47.0,3,323,Active,2022-07-19,11.02,1,2018-10-29T05:19:29.855829,2024-04-23T11:51:50.092246
156,PROD-00156,SKU-1C9AC015,CoreEdge Headphones Trial 280,Electronics,Headphones,ClearPath,Each,1522.1,2009.17,32.0,24,338,Active,2023-08-24,9.04,0,2019-07-06T12:11:25.013939,2024-02-04T22:58:39.744821
157,PROD-00157,SKU-6C4B761A,OmniTech Keyboards Believe 852,Electronics,Keyboards,CoreEdge,License,975.57,1638.96,68.0,2,98,Active,2024-09-10,21.62,1,2023-08-26T07:36:55.252489,2024-01-28T22:42:04.083786
158,PROD-00158,SKU-06409663,BluePeak Networking Represent 611,Cloud Services,Networking,ClearPath,GB,130.67,192.08,47.0,1,18,Active,2016-11-17,1.78,1,2016-05-01T02:48:49.717911,2024-07-07T04:00:04.870147
159,PROD-00159,SKU-140F6969,ClearPath Storage Deal 569,Cloud Services,Storage,ClearPath,License,427.3,658.04,54.0,47,296,Active,2017-09-04,27.75,1,2023-11-23T17:48:38.353828,2024-06-02T03:17:48.587382
160,PROD-00160,SKU-B73CE398,PrimeSoft Security Friend 146,Software,Security,CoreEdge,License,1309.39,1872.43,43.0,0,88,Active,2020-05-06,27.15,1,2015-09-28T01:56:53.542557,2024-03-17T20:58:06.283790
161,PROD-00161,SKU-BD4C9AB7,NovaSys AI/ML Pretty 216,Cloud Services,AI/ML,OmniTech,Hour,345.53,518.29,50.0,39,112,Active,2024-05-10,24.15,0,2022-04-22T01:05:45.603743,2024-05-13T11:20:53.908293
162,PROD-00162,SKU-82AA4B0A,PrimeSoft Furniture Computer 658,Office Supplies,Furniture,ApexWorks,Subscription/Mo,651.85,1134.22,74.0,50,109,Active,2021-12-08,17.83,1,2019-08-09T12:44:57.208624,2024-08-08T10:45:22.306967
163,PROD-00163,SKU-0777D5C1,ApexWorks Laptops Gun 813,Electronics,Laptops,SwiftLine,Hour,551.42,882.27,60.0,10,224,Active,2023-10-08,27.78,1,2022-08-06T08:21:47.360659,2024-01-22T04:28:09.394308
164,PROD-00164,SKU-FA7CDFAD,NexGen CRM Participant 896,Software,CRM,ApexWorks,Each,1583.15,2422.22,53.0,31,41,Active,2020-03-23,0.32,1,2021-08-24T12:39:42.313124,2024-09-04T22:25:40.065929
165,PROD-00165,SKU-9766527F,OmniTech Support Bag 808,Consulting,Support,ApexWorks,License,835.36,1361.64,63.0,9,327,Active,2024-03-01,15.74,0,2024-02-22T16:49:21.882079,2024-07-21T18:20:27.427590
166,PROD-00166,SKU-7E7757B1,ApexWorks ERP How 834,Software,ERP,OmniTech,Hour,1223.02,1430.93,17.0,5,321,Active,2018-04-21,10.5,1,2022-08-09T12:17:19.117762,2024-11-03T06:11:46.400306
167,PROD-00167,SKU-5878A7AB,NovaSys Training Tree 733,Consulting,Training,SwiftLine,Hour,387.85,674.86,74.0,32,112,Discontinued,2016-02-08,23.13,1,2019-05-04T09:37:04.804838,2024-10-04T09:22:46.203477
168,PROD-00168,SKU-006F52E9,OmniTech Paper Could 609,Office Supplies,Paper,ApexWorks,License,391.47,638.1,63.0,42,472,Active,2017-02-24,1.72,1,2016-12-07T19:57:20.598550,2024-11-08T11:54:26.183127
169,PROD-00169,SKU-36366388,OmniTech Pens People 144,Office Supplies,Pens,NovaSys,Each,872.17,1177.43,35.0,34,90,Active,2017-03-15,23.59,0,2020-01-06T05:52:54.054837,2024-12-15T09:09:10.414608
170,PROD-00170,SKU-149E9677,OmniTech Implementation Benefit 706,Consulting,Implementation,PrimeSoft,Subscription/Mo,146.36,188.8,29.0,26,101,Active,2020-06-23,6.98,1,2021-09-29T23:07:39.469257,2024-01-16T00:36:13.028349
171,PROD-00171,SKU-A4A042CF,CoreEdge Pens Around 484,Office Supplies,Pens,CoreEdge,Each,200.64,319.02,59.0,30,299,Discontinued,2024-12-04,1.72,0,2024-01-17T05:15:31.817353,2024-01-24T19:13:45.397553
172,PROD-00172,SKU-1FF8A7B5,NexGen ERP Evening 482,Software,ERP,ApexWorks,GB,1856.13,2635.7,42.0,46,99,Active,2023-08-30,29.27,1,2016-10-12T05:47:26.913020,2024-02-16T12:45:22.507066
173,PROD-00173,SKU-F7E6C855,BluePeak Pens Policy 239,Office Supplies,Pens,NovaSys,GB,69.03,102.85,49.0,29,214,Active,2024-10-26,22.83,1,2016-08-18T02:48:16.815003,2024-11-30T18:58:11.469749
174,PROD-00174,SKU-BF822969,PrimeSoft Printers Board 274,Office Supplies,Printers,PrimeSoft,Hour,317.79,518.0,63.0,14,44,Discontinued,2021-11-21,25.72,0,2023-04-02T14:25:31.878026,2024-07-29T04:03:54.539376
175,PROD-00175,SKU-82161242,TechPro Productivity Size 847,Software,Productivity,NexGen,License,949.61,1357.94,43.0,15,167,Discontinued,2023-05-31,17.43,1,2024-03-17T14:23:27.949705,2024-11-05T23:58:29.496071
176,PROD-00176,SKU-38AF8613,OmniTech Implementation Though 851,Consulting,Implementation,ClearPath,Each,838.45,989.37,18.0,27,271,Discontinued,2020-11-16,14.43,1,2023-09-12T17:52:57.941163,2024-03-04T11:02:52.408001
177,PROD-00177,SKU-96DA2F59,TechPro Networking Myself 809,Cloud Services,Networking,NexGen,License,484.82,722.38,49.0,8,183,Active,2018-02-22,7.25,1,2019-06-12T20:00:19.259932,2024-03-11T16:59:53.284204
178,PROD-00178,SKU-8F855179,OmniTech Headphones Believe 978,Electronics,Headphones,PrimeSoft,Hour,1339.73,1674.66,25.0,1,499,Discontinued,2024-11-25,13.97,1,2017-10-13T23:47:17.986289,2024-05-26T23:27:21.372605
179,PROD-00179,SKU-8F53295A,OmniTech Compute Debate 820,Cloud Services,Compute,TechPro,Each,1580.77,2165.65,37.0,24,457,Active,2017-06-30,15.97,1,2018-02-16T22:01:35.892049,2024-08-22T15:32:21.886986
180,PROD-00180,SKU-045117B0,PrimeSoft Database Him 913,Cloud Services,Database,CoreEdge,Each,1397.62,2124.38,52.0,39,450,Active,2016-12-15,22.1,1,2015-07-05T14:47:04.993852,2024-01-23T23:23:14.954715
181,PROD-00181,SKU-FC221309,SwiftLine Support Dog 576,Consulting,Support,PrimeSoft,Each,1776.52,2167.35,22.0,23,187,Active,2015-05-23,19.48,1,2015-07-22T12:13:10.621868,2024-04-22T11:25:37.774785
182,PROD-00182,SKU-4C5BDE74,ClearPath Training Action 216,Consulting,Training,OmniTech,Hour,281.12,379.51,35.0,44,107,Active,2019-07-01,9.68,1,2020-01-07T09:09:18.489001,2024-09-02T20:22:35.520631
183,PROD-00183,SKU-CEDEBB6E,SwiftLine Audit Black 563,Consulting,Audit,OmniTech,Hour,557.9,663.9,19.0,33,424,Active,2023-12-08,14.16,1,2020-10-21T14:54:31.572970,2024-11-21T00:11:11.474282
184,PROD-00184,SKU-6CDD60EA,NovaSys AI/ML Involve 292,Cloud Services,AI/ML,OmniTech,Each,739.45,1146.15,55.0,5,200,Active,2018-08-09,8.72,1,2020-03-03T02:42:18.321777,2024-08-30T21:26:49.402082
185,PROD-00185,SKU-EECCA5B6,OmniTech Monitors Form 254,Electronics,Monitors,CoreEdge,Hour,555.51,872.15,57.0,40,11,Active,2018-03-13,12.55,1,2018-10-30T21:45:55.923898,2024-11-03T05:22:45.297882
186,PROD-00186,SKU-9872ED9F,TechPro Database Lay 398,Cloud Services,Database,CoreEdge,Each,843.16,1340.62,59.0,1,446,Active,2017-05-16,25.06,1,2022-07-14T22:57:52.875328,2024-04-29T03:30:39.898990
187,PROD-00187,SKU-31FEFC0E,SwiftLine AI/ML Various 597,Cloud Services,AI/ML,PrimeSoft,Hour,688.87,1060.86,54.0,35,227,Discontinued,2018-01-13,9.19,1,2022-05-17T00:44:27.917909,2024-09-28T13:34:26.608825
188,PROD-00188,SKU-9DCB88E0,SwiftLine Pens Create 395,Office Supplies,Pens,TechPro,License,1579.59,2037.67,29.0,22,145,Discontinued,2020-12-22,28.69,1,2015-12-04T23:40:51.684609,2024-05-28T19:39:33.121710
189,PROD-00189,SKU-A2557A7B,ApexWorks Support Positive 265,Consulting,Support,CoreEdge,Each,368.65,464.5,26.0,2,162,Pending,2023-07-30,3.88,1,2020-08-18T08:29:38.179825,2024-05-04T21:28:49.003787
190,PROD-00190,SKU-CFECDB27,SwiftLine Pens Around 452,Office Supplies,Pens,ApexWorks,Subscription/Mo,414.28,650.42,57.0,28,276,Active,2019-03-03,16.06,1,2021-06-11T18:36:10.998075,2024-12-08T04:28:27.884939
191,PROD-00191,SKU-0AA1883C,OmniTech Headphones Whose 427,Electronics,Headphones,ApexWorks,Each,1862.48,2998.59,61.0,47,279,Pending,2022-05-03,10.01,1,2015-12-21T03:27:26.231605,2024-06-02T11:34:45.419853
192,PROD-00192,SKU-58A2FC6E,PrimeSoft Database Book 782,Cloud Services,Database,ApexWorks,Hour,1939.36,3102.98,60.0,46,464,Discontinued,2024-03-05,10.23,1,2022-01-17T02:30:43.711142,2024-12-25T11:39:55.778169
193,PROD-00193,SKU-BD686FD6,BluePeak Storage Husband 125,Cloud Services,Storage,NexGen,Hour,283.15,419.06,48.0,14,228,Active,2021-11-24,2.87,1,2015-11-17T19:14:32.631634,2024-01-22T13:08:39.124796
194,PROD-00194,SKU-A597E505,BluePeak Training Some 300,Consulting,Training,TechPro,Each,1168.95,1496.26,28.0,34,434,Discontinued,2023-11-18,20.34,1,2023-01-01T12:56:43.001154,2024-09-22T23:25:19.819885
195,PROD-00195,SKU-0336DCBA,PrimeSoft Audit Provide 623,Consulting,Audit,TechPro,Subscription/Mo,392.93,526.53,34.0,25,75,Discontinued,2016-04-28,11.15,1,2021-04-03T00:35:53.312128,2024-02-19T01:02:06.264768
196,PROD-00196,SKU-084B6FBB,OmniTech Keyboards Sister 995,Electronics,Keyboards,ClearPath,Each,693.12,921.85,33.0,13,372,Discontinued,2016-03-27,22.27,0,2020-01-16T17:55:33.553814,2024-06-01T18:28:12.285276
197,PROD-00197,SKU-85D8CE59,NexGen Database Most 846,Cloud Services,Database,NexGen,License,331.76,527.5,59.0,37,306,Active,2024-04-01,4.39,1,2016-06-06T12:55:46.016462,2024-01-31T15:23:05.495031
198,PROD-00198,SKU-0E65972D,PrimeSoft AI/ML Talk 874,Cloud Services,AI/ML,NexGen,Each,1973.34,2348.27,19.0,0,209,Active,2019-12-29,12.49,0,2023-09-26T22:43:59.773169,2024-05-27T04:07:13.919880
199,PROD-00199,SKU-84D9EE44,BluePeak Training Rate 667,Consulting,Training,OmniTech,Each,402.52,664.16,65.0,19,427,Pending,2022-10-27,9.19,0,2022-11-13T19:52:43.745104,2024-07-27T01:32:05.692917
200,PROD-00200,SKU-3644A684,BluePeak CRM I 755,Software,CRM,OmniTech,Each,1583.48,1963.52,24.0,41,340,Active,2024-07-18,12.57,0,2015-04-15T19:26:56.235316,2024-03-11T20:10:02.311558
201,PROD-00201,SKU-757B505C,NovaSys CRM Experience 713,Software,CRM,SwiftLine,Hour,243.11,320.91,32.0,30,289,Discontinued,2019-12-19,26.06,0,2022-07-12T22:20:25.616003,2024-09-16T06:43:47.332909
202,PROD-00202,SKU-854D6FAE,BluePeak Keyboards Skill 266,Electronics,Keyboards,PrimeSoft,Each,1027.49,1541.24,50.0,9,163,Discontinued,2015-01-15,26.36,1,2018-04-02T08:36:02.215657,2024-03-25T07:47:08.640201
203,PROD-00203,SKU-E2C0BE24,SwiftLine Pens Recently 149,Office Supplies,Pens,BluePeak,Subscription/Mo,110.51,151.4,37.0,33,327,Active,2022-12-30,15.46,1,2020-12-18T02:22:26.978173,2024-12-08T22:27:17.203647
204,PROD-00204,SKU-274AD478,SwiftLine Webcams Property 946,Electronics,Webcams,BluePeak,Subscription/Mo,1506.49,2229.61,48.0,43,357,Active,2018-07-08,2.97,1,2016-03-21T08:55:40.532879,2024-02-18T13:21:59.205514
205,PROD-00205,SKU-EAE27D77,OmniTech CRM Product 521,Software,CRM,SwiftLine,License,278.21,367.24,32.0,6,111,Active,2019-07-23,15.15,1,2021-08-16T04:42:27.693907,2024-02-27T18:59:57.432815
206,PROD-00206,SKU-7EABE3A1,ClearPath Strategy Allow 829,Consulting,Strategy,ClearPath,Each,1380.86,2375.08,72.0,26,235,Active,2015-06-20,3.59,1,2021-01-28T11:46:50.276475,2024-06-18T13:38:59.564394
207,PROD-00207,SKU-69ADC1E1,ApexWorks Headphones Through 936,Electronics,Headphones,OmniTech,Hour,699.68,1091.5,56.0,33,390,Active,2017-09-03,5.25,1,2018-03-13T21:15:05.552820,2024-06-29T13:32:57.363764
208,PROD-00208,SKU-091D584F,ApexWorks Laptops Career 804,Electronics,Laptops,CoreEdge,Subscription/Mo,448.6,744.68,66.0,8,107,Active,2017-07-16,29.44,0,2016-10-20T03:17:37.346625,2024-06-18T11:42:01.126125
209,PROD-00209,SKU-B1D10E7B,NexGen Laptops Can 143,Electronics,Laptops,CoreEdge,Each,42.52,61.23,44.0,2,406,Pending,2016-06-12,17.84,0,2018-04-17T10:33:36.712347,2024-04-18T01:24:07.399694
210,PROD-00210,SKU-6F3EF77A,TechPro Keyboards Cultural 872,Electronics,Keyboards,NovaSys,Each,91.35,121.5,33.0,38,105,Pending,2024-01-04,27.05,1,2022-08-22T09:52:45.225533,2024-05-01T05:06:30.900684
211,PROD-00211,SKU-EB163727,BluePeak Paper Music 693,Office Supplies,Paper,SwiftLine,Subscription/Mo,186.1,308.93,66.0,10,437,Pending,2023-11-05,23.45,1,2022-07-23T23:20:48.071738,2024-01-09T10:37:46.502609
212,PROD-00212,SKU-1534B76D,TechPro Strategy Wonder 641,Consulting,Strategy,CoreEdge,License,141.33,231.78,64.0,18,87,Pending,2016-06-22,0.23,1,2020-12-12T14:18:02.923153,2024-07-07T20:37:05.282173
213,PROD-00213,SKU-979D472A,PrimeSoft Productivity Admit 289,Software,Productivity,OmniTech,Each,1703.34,2435.78,43.0,11,427,Active,2023-01-22,29.44,0,2015-06-01T00:48:04.884811,2024-07-21T04:26:25.357509
214,PROD-00214,SKU-CA46C1B9,SwiftLine Productivity Consumer 226,Software,Productivity,OmniTech,Each,458.97,559.94,22.0,33,69,Discontinued,2022-11-29,22.89,1,2022-10-31T09:36:33.953839,2024-04-05T22:42:10.079280
215,PROD-00215,SKU-3B8A6142,NexGen Implementation Kid 390,Consulting,Implementation,OmniTech,Hour,169.08,245.17,45.0,47,159,Discontinued,2022-10-31,6.85,0,2022-12-23T12:21:54.821562,2024-11-20T10:12:56.290483
216,PROD-00216,SKU-45FBC6D3,OmniTech Furniture Everyone 795,Office Supplies,Furniture,SwiftLine,License,381.63,454.14,19.0,0,345,Discontinued,2019-07-06,20.2,0,2022-07-30T04:03:58.885886,2024-09-10T11:42:39.604971
217,PROD-00217,SKU-63DC7ED1,ApexWorks AI/ML Policy 504,Cloud Services,AI/ML,NexGen,Hour,1318.8,1582.56,20.0,6,379,Active,2024-08-28,2.03,1,2015-05-24T06:17:19.498855,2024-07-31T02:57:31.715808
218,PROD-00218,SKU-E96ED478,NovaSys Pens Even 338,Office Supplies,Pens,NexGen,GB,1191.95,2073.99,74.0,17,391,Pending,2023-09-15,17.85,0,2020-12-22T06:24:03.023968,2024-12-21T18:30:28.424568
219,PROD-00219,SKU-C0E190D8,OmniTech Furniture Pattern 623,Office Supplies,Furniture,BluePeak,License,1335.02,2296.23,72.0,49,232,Active,2020-01-19,3.75,0,2019-02-07T04:56:22.195130,2024-12-18T10:26:12.000908
220,PROD-00220,SKU-EC8CE6AB,NovaSys Compute Event 855,Cloud Services,Compute,TechPro,Each,1258.6,1548.08,23.0,31,347,Active,2017-01-15,29.16,0,2015-11-19T11:15:54.553617,2024-05-22T08:21:00.775028
221,PROD-00221,SKU-060AD924,NovaSys Support Product 878,Consulting,Support,NovaSys,Hour,309.71,470.76,52.0,49,252,Discontinued,2023-05-30,6.14,0,2019-01-23T15:16:58.806809,2024-02-19T05:46:29.837731
222,PROD-00222,SKU-BCBE3365,ClearPath AI/ML Myself 659,Cloud Services,AI/ML,TechPro,Each,527.02,716.75,36.0,27,450,Active,2020-08-02,11.57,1,2019-12-31T13:40:06.161607,2024-12-05T04:32:14.820801
223,PROD-00223,SKU-115F8950,ClearPath Networking Level 775,Cloud Services,Networking,BluePeak,License,922.01,1078.75,17.0,31,220,Active,2022-04-12,9.44,0,2018-08-02T23:21:44.887204,2024-06-04T18:11:20.257470
224,PROD-00224,SKU-13FE9D84,ClearPath Storage Which 801,Cloud Services,Storage,ClearPath,Hour,1139.87,1641.41,44.0,30,243,Pending,2024-10-06,25.65,1,2020-11-14T00:16:14.091166,2024-03-27T23:33:41.219014
225,PROD-00225,SKU-D1C38A09,PrimeSoft Database Describe 792,Cloud Services,Database,SwiftLine,Subscription/Mo,991.91,1716.0,73.0,20,31,Active,2018-11-22,17.75,1,2024-01-11T22:30:15.909426,2024-06-01T12:12:32.597074
226,PROD-00226,SKU-9CFDF10E,SwiftLine Binders Career 489,Office Supplies,Binders,NovaSys,GB,1620.06,2430.09,50.0,22,182,Discontinued,2023-11-07,10.6,1,2016-04-19T18:16:00.018139,2024-08-04T12:25:22.020425
227,PROD-00227,SKU-705F2172,NovaSys ERP Usually 989,Software,ERP,BluePeak,Each,1297.93,1959.87,51.0,21,86,Active,2015-11-19,16.2,1,2015-12-02T22:41:14.007377,2024-09-23T01:13:48.495143
228,PROD-00228,SKU-74DB120F,BluePeak Networking Daughter 120,Cloud Services,Networking,OmniTech,Hour,1138.26,1923.66,69.0,1,162,Discontinued,2020-07-23,17.15,1,2015-02-01T08:51:11.888356,2024-04-12T06:37:13.093764
229,PROD-00229,SKU-57AEEE35,CoreEdge Implementation Then 444,Consulting,Implementation,OmniTech,Hour,1617.61,1957.31,21.0,48,341,Active,2020-11-21,5.08,1,2021-04-07T08:12:33.357869,2024-06-12T16:20:59.602905
230,PROD-00230,SKU-6DA9003B,NovaSys Furniture Us 960,Office Supplies,Furniture,ClearPath,License,407.51,623.49,53.0,18,135,Active,2015-10-18,8.99,0,2020-06-08T17:45:42.953983,2024-01-06T15:28:57.295387
231,PROD-00231,SKU-9B04D152,PrimeSoft Productivity Mr 197,Software,Productivity,PrimeSoft,Subscription/Mo,1487.06,1799.34,21.0,17,34,Pending,2015-03-02,24.06,0,2018-02-06T08:42:33.005713,2024-10-05T03:12:26.743661
232,PROD-00232,SKU-BE83AB3E,BluePeak Compute Show 616,Cloud Services,Compute,BluePeak,GB,697.9,837.48,20.0,42,276,Active,2017-07-25,6.08,0,2024-05-14T01:00:01.397265,2024-08-02T19:00:30.029113
233,PROD-00233,SKU-E1654211,ClearPath Printers Southern 284,Office Supplies,Printers,TechPro,Hour,1033.16,1601.4,55.0,11,295,Discontinued,2018-03-24,6.47,0,2017-04-25T14:55:56.153244,2024-03-02T16:00:08.925085
234,PROD-00234,SKU-289DFF07,NexGen Printers Serious 679,Office Supplies,Printers,TechPro,Hour,1618.82,2687.24,66.0,12,186,Discontinued,2020-09-10,4.52,1,2017-11-25T08:21:55.956856,2024-08-03T14:50:30.412318
235,PROD-00235,SKU-577EF115,NovaSys Furniture Some 749,Office Supplies,Furniture,CoreEdge,GB,823.47,1375.19,67.0,17,421,Active,2016-03-21,19.42,1,2019-04-30T13:39:53.679329,2024-07-25T04:32:04.932301
236,PROD-00236,SKU-01161AAA,CoreEdge Training Anyone 128,Consulting,Training,CoreEdge,Subscription/Mo,814.7,993.93,22.0,29,248,Pending,2024-07-27,29.74,0,2017-03-13T12:28:19.228071,2024-06-10T05:20:59.647473
237,PROD-00237,SKU-539FD53B,BluePeak Monitors Option 908,Electronics,Monitors,BluePeak,Hour,322.92,397.19,23.0,11,329,Active,2017-05-24,28.92,0,2018-05-17T13:29:01.040511,2024-02-04T00:41:56.129021
238,PROD-00238,SKU-AC1DD209,PrimeSoft Laptops Simply 405,Electronics,Laptops,NovaSys,GB,1719.87,2063.84,20.0,23,343,Active,2019-02-02,11.97,1,2017-01-09T13:36:11.090870,2024-01-21T14:29:57.338056
239,PROD-00239,SKU-555D6702,NovaSys CRM Organization 634,Software,CRM,PrimeSoft,Hour,1144.09,1658.93,45.0,16,254,Active,2018-04-25,7.22,1,2017-01-30T05:37:44.512021,2024-08-28T15:33:00.467543
240,PROD-00240,SKU-335F5352,CoreEdge Binders Indeed 533,Office Supplies,Binders,CoreEdge,License,1665.51,2648.16,59.0,6,89,Active,2019-12-07,29.1,0,2022-08-10T02:55:27.356538,2024-04-03T15:21:52.148936
241,PROD-00241,SKU-F340F1B1,ClearPath Database Mrs 483,Cloud Services,Database,NovaSys,Subscription/Mo,1726.49,2037.26,18.0,34,216,Discontinued,2022-08-04,20.51,1,2018-10-21T09:32:35.147377,2024-08-17T09:43:08.026686
242,PROD-00242,SKU-E4A6222C,BluePeak Analytics Smile 121,Software,Analytics,PrimeSoft,Each,953.07,1305.71,37.0,47,339,Active,2022-09-13,20.75,1,2022-11-10T13:53:04.982925,2024-05-01T09:54:16.689528
243,PROD-00243,SKU-CB70AB37,SwiftLine Printers Risk 931,Office Supplies,Printers,NovaSys,Hour,772.46,1181.86,53.0,15,439,Discontinued,2021-08-10,11.72,0,2020-08-01T07:56:45.206096,2024-03-02T01:09:45.063940
244,PROD-00244,SKU-9188905E,CoreEdge Binders Staff 404,Office Supplies,Binders,CoreEdge,License,185.05,303.48,64.0,28,323,Active,2021-08-20,26.4,0,2021-03-28T02:08:18.951707,2024-08-30T20:37:14.041877
245,PROD-00245,SKU-0266E33D,OmniTech Keyboards Turn 582,Electronics,Keyboards,NexGen,Subscription/Mo,1733.56,2843.04,64.0,45,216,Active,2023-11-10,24.75,1,2019-12-13T07:44:00.184080,2024-03-01T07:09:38.626548
246,PROD-00246,SKU-38DB3AED,ClearPath Implementation Not 855,Consulting,Implementation,SwiftLine,GB,706.95,1067.49,51.0,44,14,Active,2024-01-04,19.28,1,2022-02-27T02:37:51.378405,2024-02-10T13:07:06.216012
247,PROD-00247,SKU-3CEC07E9,BluePeak Compute Discover 421,Cloud Services,Compute,PrimeSoft,Each,11.14,14.15,27.0,7,80,Active,2016-07-17,15.54,1,2018-07-08T12:34:01.908249,2024-01-16T06:35:42.382821
248,PROD-00248,SKU-621BF66D,OmniTech Audit Water 994,Consulting,Audit,ApexWorks,Subscription/Mo,1586.32,2125.67,34.0,11,351,Pending,2020-02-06,24.82,1,2018-03-25T01:18:24.193853,2024-07-14T21:00:07.484176
249,PROD-00249,SKU-077E29B1,NexGen CRM Fire 954,Software,CRM,PrimeSoft,License,831.92,1048.22,26.0,1,485,Active,2021-10-24,27.7,1,2022-10-31T13:42:13.886924,2024-06-26T11:52:30.695550
250,PROD-00250,SKU-6C9882BB,ApexWorks Headphones It 150,Electronics,Headphones,NexGen,Hour,400.54,628.85,57.0,27,307,Active,2021-05-23,4.56,1,2019-09-24T16:35:10.440497,2024-08-11T13:22:16.458514
251,PROD-00251,SKU-19F3CD30,NexGen Productivity Inside 891,Software,Productivity,OmniTech,GB,239.11,377.79,58.0,7,114,Active,2017-10-14,5.8,1,2022-07-20T01:56:59.958011,2024-03-21T02:02:05.243418
252,PROD-00252,SKU-03C6B069,CoreEdge Furniture Exist 714,Office Supplies,Furniture,CoreEdge,Subscription/Mo,767.24,1081.81,41.0,46,346,Active,2022-05-04,12.61,0,2020-05-29T19:34:57.931346,2024-10-31T03:04:21.668839
253,PROD-00253,SKU-C24CD76E,PrimeSoft CRM May 561,Software,CRM,CoreEdge,Subscription/Mo,583.93,764.95,31.0,37,350,Discontinued,2018-05-07,2.66,0,2015-09-30T21:11:00.009188,2024-05-10T19:31:35.212095
254,PROD-00254,SKU-C52F1BD6,CoreEdge Analytics Deep 830,Software,Analytics,NexGen,GB,1948.93,2709.01,39.0,47,305,Active,2015-10-24,2.28,1,2019-07-01T09:12:18.520496,2024-11-24T09:12:28.076331
255,PROD-00255,SKU-FE131D7F,SwiftLine Keyboards Return 720,Electronics,Keyboards,PrimeSoft,Each,1862.47,2663.33,43.0,0,129,Pending,2022-11-15,18.63,1,2018-02-08T00:29:46.150598,2024-08-18T00:48:58.769858
256,PROD-00256,SKU-F718499C,TechPro Database Wind 694,Cloud Services,Database,ApexWorks,Subscription/Mo,268.82,454.31,69.0,10,257,Discontinued,2020-01-11,27.92,0,2020-11-11T07:14:42.962032,2024-04-10T11:32:29.962975
257,PROD-00257,SKU-D96409BF,ApexWorks CRM Section 366,Software,CRM,NovaSys,Subscription/Mo,638.05,937.93,47.0,2,65,Discontinued,2019-07-29,26.16,1,2017-08-08T15:45:54.097888,2024-12-19T21:50:48.335919
258,PROD-00258,SKU-502E4A16,PrimeSoft Furniture Attack 949,Office Supplies,Furniture,BluePeak,Hour,569.44,956.66,68.0,20,223,Active,2022-01-21,9.53,0,2017-09-28T04:55:12.657319,2024-07-11T17:19:56.855645
259,PROD-00259,SKU-CFA0860E,OmniTech Productivity Return 154,Software,Productivity,CoreEdge,License,1706.8,2628.47,54.0,3,117,Active,2023-11-15,1.17,1,2023-09-29T06:21:42.400126,2024-06-05T20:18:57.814790
260,PROD-00260,SKU-A4F23670,OmniTech Security Future 141,Software,Security,OmniTech,Subscription/Mo,875.68,1532.44,75.0,45,287,Discontinued,2022-08-09,13.79,1,2022-11-25T10:13:06.482283,2024-08-26T14:24:36.364523
261,PROD-00261,SKU-B1A59B31,BluePeak CRM Strategy 284,Software,CRM,ApexWorks,Hour,702.46,892.12,27.0,17,288,Pending,2021-03-03,6.45,1,2019-08-23T11:52:47.131707,2024-04-04T02:59:52.269110
262,PROD-00262,SKU-36660E59,CoreEdge Strategy Door 886,Consulting,Strategy,OmniTech,Each,365.23,620.89,70.0,21,13,Active,2017-09-06,20.47,1,2018-10-29T03:00:21.532699,2024-10-15T02:09:11.274952
263,PROD-00263,SKU-8C19F571,SwiftLine Database Away 257,Cloud Services,Database,TechPro,Each,1182.73,2034.3,72.0,29,425,Discontinued,2022-09-03,13.68,1,2022-05-01T18:38:02.755042,2024-06-08T12:19:59.760917
264,PROD-00264,SKU-D6BAF65E,PrimeSoft Implementation Very 563,Consulting,Implementation,SwiftLine,Hour,662.21,781.41,18.0,8,108,Active,2016-02-12,24.07,1,2018-10-18T22:58:46.429725,2024-07-12T18:08:52.287070
265,PROD-00265,SKU-E56954B4,PrimeSoft Paper Late 490,Office Supplies,Paper,NovaSys,GB,1488.88,2203.54,48.0,16,91,Active,2017-05-17,28.95,0,2021-10-21T02:38:05.986636,2024-11-30T08:18:55.325908
266,PROD-00266,SKU-F7664060,NexGen Laptops Apply 391,Electronics,Laptops,ApexWorks,Each,1705.43,2131.79,25.0,19,251,Discontinued,2020-08-28,22.1,1,2016-12-11T07:23:23.835557,2024-09-26T12:31:11.182338
267,PROD-00267,SKU-EDA80A3D,SwiftLine Training Television 624,Consulting,Training,CoreEdge,GB,721.29,872.76,21.0,28,453,Discontinued,2016-11-01,14.35,0,2022-11-11T19:21:25.889524,2024-05-24T22:29:12.036340
268,PROD-00268,SKU-8F121CE0,NexGen Headphones Dark 745,Electronics,Headphones,NexGen,Each,1622.93,2466.85,52.0,2,262,Active,2023-05-16,29.2,1,2015-10-23T06:39:49.400086,2024-09-26T12:36:32.977385
269,PROD-00269,SKU-06138BC5,NovaSys Security Parent 397,Software,Security,OmniTech,GB,1056.92,1627.66,54.0,5,464,Discontinued,2019-10-03,9.08,1,2021-01-07T13:22:50.899675,2024-03-04T03:41:46.838104
270,PROD-00270,SKU-39059724,TechPro Pens Fast 664,Office Supplies,Pens,NovaSys,Each,1048.57,1394.6,33.0,32,55,Pending,2016-06-12,12.8,1,2019-12-09T03:43:52.589574,2024-10-04T21:54:24.561763
271,PROD-00271,SKU-7F100B7B,PrimeSoft AI/ML Strong 183,Cloud Services,AI/ML,ClearPath,Each,1626.59,2212.16,36.0,7,379,Discontinued,2022-06-14,5.47,1,2017-11-15T23:02:14.651774,2024-08-30T14:11:52.076931
272,PROD-00272,SKU-7A614FD0,BluePeak Storage Computer 421,Cloud Services,Storage,PrimeSoft,GB,171.16,287.55,68.0,48,343,Discontinued,2019-10-18,18.75,1,2018-11-11T17:04:38.647049,2024-01-18T20:50:01.583153
273,PROD-00273,SKU-4734BA6F,PrimeSoft Pens Production 365,Office Supplies,Pens,NovaSys,GB,426.08,511.3,20.0,34,9,Active,2020-03-13,11.91,1,2017-05-23T15:25:34.546520,2024-08-27T16:42:05.722114
274,PROD-00274,SKU-D947BF06,PrimeSoft Security Appear 843,Software,Security,OmniTech,Subscription/Mo,923.03,1283.01,39.0,39,416,Pending,2024-07-19,10.89,0,2022-07-29T13:16:20.092818,2024-11-15T23:21:55.402455
275,PROD-00275,SKU-63923F49,NovaSys Paper Along 935,Office Supplies,Paper,TechPro,License,254.55,295.28,16.0,1,107,Discontinued,2017-09-29,19.49,1,2022-06-22T07:21:57.236811,2024-03-12T22:21:50.678208
276,PROD-00276,SKU-DB8E1AF0,OmniTech AI/ML First 251,Cloud Services,AI/ML,OmniTech,GB,385.87,513.21,33.0,1,59,Active,2020-07-14,27.08,0,2015-09-05T13:43:21.839059,2024-11-08T16:27:16.090924
277,PROD-00277,SKU-20F07591,CoreEdge Networking Truth 306,Cloud Services,Networking,BluePeak,Hour,44.16,62.71,42.0,25,26,Active,2017-03-11,0.34,0,2022-01-15T12:22:39.762989,2024-05-17T03:36:37.297474
278,PROD-00278,SKU-07CDFD23,ClearPath Networking Upon 397,Cloud Services,Networking,TechPro,GB,1475.47,2227.96,51.0,25,248,Pending,2020-04-08,17.77,0,2018-10-08T10:37:55.368000,2024-09-30T08:30:47.798594
279,PROD-00279,SKU-D3957710,SwiftLine CRM Body 666,Software,CRM,NovaSys,Subscription/Mo,1058.98,1482.57,40.0,41,213,Discontinued,2024-04-14,3.6,1,2018-01-27T03:10:01.036896,2024-04-09T18:12:59.337432
280,PROD-00280,SKU-92C8C96E,CoreEdge Networking Up 580,Cloud Services,Networking,SwiftLine,GB,46.51,61.39,32.0,14,259,Active,2015-02-27,17.67,1,2017-04-22T17:18:53.266867,2024-02-26T10:51:12.555820
281,PROD-00281,SKU-E3796AE8,NexGen Audit Increase 526,Consulting,Audit,SwiftLine,GB,266.66,354.66,33.0,10,318,Active,2015-05-30,8.55,1,2023-05-21T12:51:41.894441,2024-06-26T08:20:15.277933
282,PROD-00282,SKU-6A9AEDDF,OmniTech Compute Example 203,Cloud Services,Compute,NexGen,GB,350.72,434.89,24.0,19,120,Active,2024-04-24,16.75,1,2022-10-07T03:03:36.782278,2024-05-27T11:04:43.577948
283,PROD-00283,SKU-0F49C89D,ClearPath Binders School 132,Office Supplies,Binders,NovaSys,Subscription/Mo,717.3,896.62,25.0,27,58,Pending,2016-05-18,6.88,1,2016-04-12T19:37:17.197284,2024-08-18T06:14:46.742027
284,PROD-00284,SKU-46BA9F2A,TechPro Database So 888,Cloud Services,Database,ClearPath,Subscription/Mo,1987.36,3219.52,62.0,9,436,Pending,2017-01-23,18.17,1,2023-09-17T16:33:31.569753,2024-11-08T00:56:23.856665
285,PROD-00285,SKU-0E01938F,NovaSys Headphones Firm 208,Electronics,Headphones,PrimeSoft,Hour,1598.98,2766.24,73.0,50,439,Active,2021-03-29,24.73,1,2015-08-05T13:00:14.360934,2024-08-07T08:15:29.600554
286,PROD-00286,SKU-16A5CDAE,CoreEdge Implementation Claim 470,Consulting,Implementation,ApexWorks,Subscription/Mo,338.26,412.68,22.0,45,226,Pending,2022-02-08,15.0,1,2022-09-24T11:01:04.614160,2024-05-07T17:49:41.747137
287,PROD-00287,SKU-918317B5,CoreEdge Analytics Light 549,Software,Analytics,NexGen,Each,672.54,827.22,23.0,15,427,Discontinued,2022-05-22,10.31,1,2023-09-18T17:58:29.612013,2024-02-26T04:54:18.374487
288,PROD-00288,SKU-48AEDB88,SwiftLine Keyboards More 744,Electronics,Keyboards,CoreEdge,License,748.01,1196.82,60.0,48,385,Pending,2018-08-23,12.71,1,2015-05-27T09:51:59.477801,2024-12-25T02:06:56.601964
289,PROD-00289,SKU-839AB468,OmniTech Security Until 972,Software,Security,ClearPath,Subscription/Mo,829.75,1161.65,40.0,1,226,Active,2023-10-24,23.13,1,2018-05-14T03:45:13.307392,2024-04-27T11:30:31.552536
290,PROD-00290,SKU-F90F2ACA,ApexWorks Keyboards Various 544,Electronics,Keyboards,TechPro,GB,633.04,1101.49,74.0,48,18,Active,2023-07-01,27.09,1,2021-02-09T22:31:17.750607,2024-08-28T05:27:35.908904
291,PROD-00291,SKU-9C838D2E,ClearPath Support Onto 994,Consulting,Support,BluePeak,Subscription/Mo,841.51,1413.74,68.0,22,4,Active,2017-06-17,27.02,1,2015-03-09T10:32:46.861575,2024-06-30T22:46:02.271126
292,PROD-00292,SKU-17000029,PrimeSoft Networking Grow 907,Cloud Services,Networking,PrimeSoft,GB,1289.54,2166.43,68.0,44,176,Discontinued,2023-09-30,23.28,1,2020-03-03T02:07:28.142106,2024-02-02T16:46:10.919275
293,PROD-00293,SKU-53C3BCE6,ApexWorks Laptops Cold 632,Electronics,Laptops,ClearPath,Subscription/Mo,1077.18,1486.51,38.0,13,47,Pending,2018-11-11,16.6,1,2018-12-04T07:45:57.005005,2024-03-20T14:54:27.278355
294,PROD-00294,SKU-6883966F,PrimeSoft CRM Policy 364,Software,CRM,CoreEdge,Subscription/Mo,60.64,98.84,63.0,46,216,Pending,2018-09-16,3.4,1,2019-07-01T18:49:45.009338,2024-07-06T09:23:41.332847
295,PROD-00295,SKU-49182F81,TechPro Binders Fight 874,Office Supplies,Binders,NovaSys,GB,1255.84,1707.94,36.0,19,293,Active,2022-06-26,13.65,1,2015-01-09T16:37:30.714848,2024-07-24T09:23:36.261129
296,PROD-00296,SKU-D296C101,ClearPath Strategy Standard 964,Consulting,Strategy,PrimeSoft,License,1430.72,2446.53,71.0,22,153,Active,2023-04-28,20.04,1,2022-10-29T11:03:28.646957,2024-10-30T19:54:52.762409
297,PROD-00297,SKU-9FD81843,ClearPath AI/ML Beautiful 696,Cloud Services,AI/ML,CoreEdge,Subscription/Mo,1476.34,1786.37,21.0,29,50,Active,2021-08-30,21.38,0,2023-06-01T11:17:56.062582,2024-09-12T02:09:40.414009
298,PROD-00298,SKU-26E359E8,OmniTech Laptops Writer 319,Electronics,Laptops,OmniTech,Each,129.08,216.85,68.0,23,346,Pending,2016-01-01,12.14,0,2019-10-03T06:09:04.461445,2024-06-15T22:14:56.887057
299,PROD-00299,SKU-EF0D3930,OmniTech Printers House 805,Office Supplies,Printers,OmniTech,GB,1000.16,1400.22,40.0,10,73,Pending,2018-09-14,3.9,0,2016-06-10T18:35:42.483410,2024-09-04T23:55:01.238268
300,PROD-00300,SKU-94F6D7E0,CoreEdge Productivity Factor 566,Software,Productivity,OmniTech,Each,1727.23,2107.22,22.0,47,80,Pending,2017-12-27,11.14,1,2022-06-21T17:27:50.358421,2024-08-09T01:40:14.020572
301,PROD-00301,SKU-34ED066D,BluePeak Audit Company 141,Consulting,Audit,ClearPath,License,225.12,308.41,37.0,7,190,Active,2018-05-23,29.73,1,2021-04-30T15:24:20.059812,2024-06-06T04:14:11.108176
302,PROD-00302,SKU-577BCC91,PrimeSoft Furniture Fact 531,Office Supplies,Furniture,TechPro,Subscription/Mo,60.82,75.42,24.0,18,110,Active,2021-03-13,24.59,0,2016-09-03T14:27:04.144502,2024-10-04T22:00:09.754425
303,PROD-00303,SKU-11B9842E,TechPro Laptops Soon 527,Electronics,Laptops,OmniTech,Hour,1097.34,1305.83,19.0,19,289,Discontinued,2017-06-12,27.02,0,2022-05-08T13:32:37.272958,2024-05-03T02:26:47.840953
304,PROD-00304,SKU-37BC2F75,OmniTech AI/ML Own 879,Cloud Services,AI/ML,OmniTech,GB,269.96,332.05,23.0,9,443,Active,2019-10-04,2.77,0,2019-02-22T01:45:35.031679,2024-06-07T23:31:58.919461
305,PROD-00305,SKU-496E05E1,TechPro Compute Hundred 786,Cloud Services,Compute,OmniTech,Subscription/Mo,1800.99,2431.34,35.0,41,45,Active,2022-10-20,21.25,1,2020-06-25T16:45:01.554294,2024-01-14T10:22:35.006201
306,PROD-00306,SKU-B2EB7349,PrimeSoft Implementation After 654,Consulting,Implementation,PrimeSoft,Each,1289.61,1547.53,20.0,36,267,Active,2018-08-13,22.54,1,2017-11-07T23:46:44.407616,2024-08-12T06:27:28.819784
307,PROD-00307,SKU-8E98D81F,CoreEdge Webcams Range 351,Electronics,Webcams,PrimeSoft,GB,363.59,421.76,16.0,5,413,Pending,2022-12-08,18.24,0,2016-12-24T00:56:00.477001,2024-11-01T17:39:54.010140
308,PROD-00308,SKU-A8C88A00,SwiftLine Implementation Doctor 547,Consulting,Implementation,ApexWorks,GB,985.49,1685.19,71.0,1,440,Pending,2024-11-02,9.59,1,2019-01-25T08:04:20.987022,2024-06-21T07:04:24.402649
309,PROD-00309,SKU-EDDEA82A,BluePeak Laptops Mind 247,Electronics,Laptops,ApexWorks,Subscription/Mo,1959.67,2900.31,48.0,49,45,Active,2016-01-07,9.27,0,2023-02-04T22:23:05.527770,2024-10-20T01:22:33.398234
310,PROD-00310,SKU-06EB61B8,TechPro CRM Contain 830,Software,CRM,TechPro,Subscription/Mo,1230.88,1661.69,35.0,24,50,Active,2024-07-04,4.36,1,2021-11-01T10:51:43.371529,2024-10-30T19:19:15.879162
311,PROD-00311,SKU-9DFCD5E5,TechPro Furniture Exactly 307,Office Supplies,Furniture,CoreEdge,Hour,1883.45,3183.03,69.0,37,121,Discontinued,2022-09-04,15.31,0,2023-01-31T17:03:34.110550,2024-01-20T16:17:58.784163
312,PROD-00312,SKU-950A4152,NexGen Keyboards Interview 167,Electronics,Keyboards,OmniTech,Each,125.96,180.12,43.0,26,324,Active,2024-06-19,27.42,1,2021-07-14T10:30:10.927170,2024-04-19T05:39:23.490038
313,PROD-00313,SKU-158F3069,CoreEdge Printers Budget 881,Office Supplies,Printers,ClearPath,License,1927.13,3006.32,56.0,19,290,Discontinued,2018-06-16,13.43,1,2018-05-22T20:10:25.011271,2024-06-18T18:07:56.062135
314,PROD-00314,SKU-75887499,CoreEdge Analytics Capital 650,Software,Analytics,NexGen,Hour,1083.18,1353.98,25.0,28,21,Active,2024-12-09,24.4,1,2021-04-02T11:05:31.437675,2024-02-10T04:23:38.057541
315,PROD-00315,SKU-AD13A2A0,BluePeak CRM Goal 712,Software,CRM,BluePeak,GB,125.05,212.58,70.0,22,431,Active,2021-06-07,17.6,1,2019-05-09T23:59:46.436118,2024-11-10T07:46:18.034500
316,PROD-00316,SKU-3FE94A00,BluePeak Monitors Space 191,Electronics,Monitors,NexGen,Each,1479.67,2204.71,49.0,8,371,Pending,2017-11-16,29.96,0,2024-01-18T16:14:51.331020,2024-03-28T23:36:10.000264
317,PROD-00317,SKU-5B8ADD2A,SwiftLine Productivity Away 750,Software,Productivity,BluePeak,GB,1012.12,1649.76,63.0,17,125,Active,2023-03-09,10.31,0,2021-03-17T04:56:51.805988,2024-09-11T02:09:17.576997
318,PROD-00318,SKU-432ACA3A,TechPro Support Member 723,Consulting,Support,OmniTech,Each,36.67,57.57,57.0,0,344,Active,2016-05-02,12.45,0,2018-04-26T21:29:21.732096,2024-05-13T16:38:26.557315
319,PROD-00319,SKU-8D3BBA74,NovaSys AI/ML Month 651,Cloud Services,AI/ML,TechPro,GB,166.89,280.38,68.0,43,63,Active,2018-05-14,29.16,0,2017-05-25T10:33:35.545438,2024-03-22T17:02:05.436441
320,PROD-00320,SKU-32072254,TechPro Support Expect 227,Consulting,Support,OmniTech,Subscription/Mo,776.57,1281.34,65.0,12,227,Active,2021-06-25,6.72,1,2021-11-19T16:42:17.344567,2024-06-27T12:49:03.245739
321,PROD-00321,SKU-CAF1A3DF,BluePeak Binders Beyond 927,Office Supplies,Binders,CoreEdge,License,387.07,634.79,64.0,31,495,Active,2018-12-08,1.2,0,2018-02-04T17:45:17.845038,2024-08-25T10:11:31.927261
322,PROD-00322,SKU-5737C6EC,NexGen Training Manage 213,Consulting,Training,BluePeak,Hour,19.24,33.48,74.0,32,252,Active,2017-02-20,16.6,1,2021-04-06T14:13:54.506314,2024-02-25T12:04:54.265170
323,PROD-00323,SKU-BC6DC48B,BluePeak Webcams Traditional 683,Electronics,Webcams,CoreEdge,Hour,260.85,310.41,19.0,46,400,Active,2016-06-11,5.84,1,2018-06-15T03:28:56.893810,2024-05-16T11:22:18.113688
324,PROD-00324,SKU-F2FC9902,OmniTech Strategy Old 102,Consulting,Strategy,NexGen,Each,509.58,759.27,49.0,20,221,Discontinued,2015-03-06,8.29,0,2022-04-20T01:47:08.122948,2024-10-01T10:55:00.870420
325,PROD-00325,SKU-89F0FD5C,CoreEdge Database Stock 148,Cloud Services,Database,BluePeak,GB,1036.93,1223.58,18.0,34,229,Active,2024-09-05,0.25,1,2018-03-29T01:14:44.036544,2024-09-30T08:13:09.721811
326,PROD-00326,SKU-A666587A,CoreEdge Paper Fish 806,Office Supplies,Paper,NexGen,Each,1760.8,2870.1,63.0,15,100,Active,2023-04-30,9.94,1,2018-05-30T08:22:47.478953,2024-07-02T13:55:25.037806
327,PROD-00327,SKU-B83AAC23,PrimeSoft Laptops Ready 916,Electronics,Laptops,SwiftLine,Subscription/Mo,962.53,1568.92,63.0,15,55,Discontinued,2019-02-01,7.23,1,2015-06-02T09:16:41.378509,2024-10-15T04:39:06.819575
328,PROD-00328,SKU-CD00692C,NovaSys Keyboards Where 894,Electronics,Keyboards,PrimeSoft,Hour,1041.75,1343.86,29.0,28,391,Active,2020-04-22,18.8,1,2023-07-24T08:06:06.535476,2024-08-17T20:57:55.635414
329,PROD-00329,SKU-6FAA8040,NovaSys Laptops Buy 901,Electronics,Laptops,ApexWorks,Each,1833.85,2530.71,38.0,28,28,Active,2022-10-07,18.36,0,2018-11-12T20:42:38.786113,2024-03-28T05:32:41.460897
330,PROD-00330,SKU-FE73F687,BluePeak Laptops Site 970,Electronics,Laptops,NexGen,GB,1356.74,2021.54,49.0,6,316,Discontinued,2022-05-12,7.07,1,2022-05-30T19:58:39.094568,2024-08-21T12:55:36.066243
331,PROD-00331,SKU-6DA37DD3,PrimeSoft Networking Life 734,Cloud Services,Networking,NovaSys,Subscription/Mo,931.1,1312.85,41.0,41,480,Active,2015-01-07,13.68,1,2015-03-04T17:41:43.089069,2024-02-07T05:52:38.389581
332,PROD-00332,SKU-C042F4DB,NovaSys Training Institution 707,Consulting,Training,CoreEdge,Hour,220.47,255.75,16.0,8,326,Pending,2023-01-25,7.76,0,2024-05-21T23:55:39.312321,2024-06-11T17:15:50.026780
333,PROD-00333,SKU-310DCBBF,TechPro AI/ML Sense 161,Cloud Services,AI/ML,ApexWorks,Subscription/Mo,892.03,1159.64,30.0,37,223,Pending,2015-12-17,28.8,1,2021-11-13T20:45:41.938611,2024-06-29T07:52:37.913385
334,PROD-00334,SKU-2F2B2656,ApexWorks Printers Performance 580,Office Supplies,Printers,BluePeak,Hour,1771.02,2869.05,62.0,21,149,Active,2019-11-22,29.11,1,2022-08-15T09:07:48.055574,2024-10-27T07:24:15.798662
335,PROD-00335,SKU-F9B902FC,TechPro Monitors Else 532,Electronics,Monitors,SwiftLine,License,1016.68,1677.52,65.0,12,327,Active,2024-09-27,23.58,1,2016-03-04T02:32:23.594732,2024-05-07T20:14:47.668186
336,PROD-00336,SKU-6855456E,PrimeSoft Security Front 809,Software,Security,SwiftLine,Hour,1391.09,2420.5,74.0,36,493,Active,2020-09-19,18.52,0,2024-05-13T18:03:48.807156,2024-07-08T15:52:56.465191
337,PROD-00337,SKU-357A6FDF,TechPro Pens Direction 607,Office Supplies,Pens,CoreEdge,Each,214.17,359.81,68.0,40,114,Active,2019-12-29,14.05,1,2017-09-01T14:47:45.706193,2024-09-18T06:45:46.424899
338,PROD-00338,SKU-819F46E5,SwiftLine Security Interesting 926,Software,Security,NexGen,License,1470.5,2529.26,72.0,25,94,Active,2015-05-16,10.95,1,2019-05-07T00:40:14.852865,2024-03-10T21:25:24.301983
339,PROD-00339,SKU-04025959,OmniTech Paper Thank 299,Office Supplies,Paper,PrimeSoft,Subscription/Mo,1111.61,1378.4,24.0,2,499,Active,2018-11-19,6.05,1,2015-03-08T08:31:51.240006,2024-06-17T09:40:14.421565
340,PROD-00340,SKU-40008B9A,SwiftLine ERP Power 967,Software,ERP,ClearPath,License,1771.34,2798.72,58.0,11,100,Active,2021-10-11,5.36,1,2021-03-16T11:38:19.393231,2024-01-15T09:19:52.666825
341,PROD-00341,SKU-3DD48AB3,NovaSys Laptops Book 446,Electronics,Laptops,CoreEdge,Subscription/Mo,1663.73,2046.39,23.0,29,122,Active,2019-05-20,24.3,1,2015-05-02T06:42:20.472119,2024-05-20T06:11:00.672089
342,PROD-00342,SKU-58238E9A,NovaSys Strategy Page 221,Consulting,Strategy,ApexWorks,License,1763.92,2963.39,68.0,50,97,Active,2022-11-27,16.02,1,2017-07-16T12:48:39.953670,2024-01-13T05:46:05.831879
343,PROD-00343,SKU-3AD7C2EB,TechPro Printers Of 881,Office Supplies,Printers,PrimeSoft,Hour,861.93,1318.75,53.0,12,437,Pending,2019-04-29,8.9,1,2020-08-16T09:33:26.184076,2024-12-11T13:29:41.260767
344,PROD-00344,SKU-B3967A0E,ApexWorks Pens Form 971,Office Supplies,Pens,ClearPath,Hour,111.25,181.34,63.0,31,107,Active,2018-02-20,23.56,1,2015-12-03T13:32:00.603020,2024-11-26T19:33:13.059524
345,PROD-00345,SKU-D81F9C1B,ClearPath Productivity Clearly 483,Software,Productivity,OmniTech,Hour,779.29,1309.21,68.0,29,91,Active,2016-02-06,21.4,0,2022-07-07T18:10:16.280739,2024-07-30T15:47:41.181416
346,PROD-00346,SKU-13F9896D,PrimeSoft Networking Statement 765,Cloud Services,Networking,TechPro,License,540.33,751.06,39.0,14,458,Active,2017-05-13,13.62,1,2020-03-05T08:09:41.736760,2024-10-16T16:11:41.204074
347,PROD-00347,SKU-C5FF2543,PrimeSoft Compute Pay 260,Cloud Services,Compute,SwiftLine,Subscription/Mo,615.47,1033.99,68.0,35,43,Active,2019-03-30,22.57,1,2018-10-13T19:18:54.179404,2024-04-01T11:52:58.585381
348,PROD-00348,SKU-01386BD6,OmniTech AI/ML Decade 624,Cloud Services,AI/ML,PrimeSoft,Subscription/Mo,706.39,1059.59,50.0,27,230,Discontinued,2022-11-27,13.03,1,2019-08-02T03:06:21.330627,2024-03-28T21:30:06.531303
349,PROD-00349,SKU-0BB4AEC1,OmniTech Database Until 339,Cloud Services,Database,BluePeak,Each,549.67,637.62,16.0,22,461,Active,2021-09-26,8.91,1,2018-05-09T10:35:58.008864,2024-07-11T22:49:14.995807
350,PROD-00350,SKU-9DE6D14F,TechPro Pens Involve 659,Office Supplies,Pens,CoreEdge,Subscription/Mo,201.33,239.58,19.0,12,345,Active,2015-06-16,7.58,1,2015-07-18T17:59:47.285601,2024-02-16T21:07:02.355621
351,PROD-00351,SKU-EFE93778,ClearPath Productivity None 367,Software,Productivity,TechPro,Subscription/Mo,1996.0,3493.0,75.0,18,421,Active,2020-05-19,23.52,0,2017-07-17T20:12:01.002647,2024-02-01T05:55:54.492862
352,PROD-00352,SKU-371BCE7D,ClearPath AI/ML Different 879,Cloud Services,AI/ML,ApexWorks,GB,1516.82,1759.51,16.0,14,116,Active,2017-04-21,14.29,0,2018-04-02T20:25:33.916445,2024-02-08T23:14:12.066372
353,PROD-00353,SKU-138BB069,CoreEdge Database Daughter 539,Cloud Services,Database,NexGen,License,1584.87,2123.73,34.0,28,230,Pending,2021-02-13,1.0,1,2015-09-13T21:33:28.640737,2024-03-10T09:06:30.331738
354,PROD-00354,SKU-8DD48D6A,OmniTech Training Pm 929,Consulting,Training,SwiftLine,Subscription/Mo,614.62,977.25,59.0,14,214,Discontinued,2019-09-06,20.6,0,2023-01-27T03:39:55.415020,2024-03-01T09:04:59.713203
355,PROD-00355,SKU-82CEC960,TechPro Support Prove 242,Consulting,Support,ApexWorks,Subscription/Mo,655.53,760.41,16.0,36,322,Pending,2018-02-05,27.42,0,2020-10-14T05:15:28.636760,2024-06-07T04:33:40.742990
356,PROD-00356,SKU-6C524F9D,NexGen Compute Today 292,Cloud Services,Compute,OmniTech,Each,1897.64,2258.19,19.0,21,291,Discontinued,2021-09-21,19.21,1,2017-02-12T19:54:58.643498,2024-06-24T14:25:23.753086
357,PROD-00357,SKU-FB7B9FFA,TechPro Monitors Sport 946,Electronics,Monitors,PrimeSoft,GB,213.1,315.39,48.0,1,95,Active,2022-04-09,2.18,0,2018-11-24T21:43:53.126584,2024-10-08T07:36:23.606650
358,PROD-00358,SKU-AA942AB2,NovaSys Pens Usually 565,Office Supplies,Pens,TechPro,Subscription/Mo,469.91,728.36,55.0,33,5,Active,2015-08-17,9.87,0,2021-07-16T09:35:20.736680,2024-07-09T09:05:09.366774
359,PROD-00359,SKU-C058F544,NexGen Compute Age 589,Cloud Services,Compute,NovaSys,GB,1979.24,2434.47,23.0,13,66,Active,2016-12-16,9.36,0,2022-03-24T22:15:30.889244,2024-12-22T06:16:36.175143
360,PROD-00360,SKU-E7B24B11,CoreEdge Productivity Region 614,Software,Productivity,OmniTech,Subscription/Mo,1152.31,1544.1,34.0,12,3,Active,2015-02-10,13.43,0,2015-06-27T06:41:49.200852,2024-06-15T23:56:12.012996
361,PROD-00361,SKU-52720E00,OmniTech Training Set 571,Consulting,Training,OmniTech,Hour,1054.08,1791.94,70.0,2,377,Active,2017-04-13,8.71,0,2018-06-06T12:02:50.419452,2024-08-18T04:10:21.378946
362,PROD-00362,SKU-C3E878E2,ApexWorks Binders Threat 525,Office Supplies,Binders,CoreEdge,License,785.23,1287.78,64.0,39,375,Discontinued,2018-08-25,13.79,1,2022-08-30T12:25:37.158385,2024-05-22T16:17:00.487651
363,PROD-00363,SKU-00411460,CoreEdge Implementation Ago 991,Consulting,Implementation,ApexWorks,Subscription/Mo,790.13,1359.02,72.0,40,275,Active,2020-02-19,20.03,1,2024-03-04T15:36:10.738877,2024-05-05T10:19:18.763917
364,PROD-00364,SKU-BAC9162B,NovaSys Security Relationship 477,Software,Security,NovaSys,Each,825.5,1329.05,61.0,32,392,Active,2019-02-24,12.36,1,2023-06-12T12:44:49.029301,2024-06-21T08:10:15.067249
365,PROD-00365,SKU-9BE40CEE,NovaSys Pens Perhaps 754,Office Supplies,Pens,OmniTech,GB,1014.6,1450.88,43.0,21,381,Discontinued,2024-06-16,25.69,0,2021-08-30T05:41:09.392851,2024-10-19T18:29:28.081499
366,PROD-00366,SKU-5EF698CD,ApexWorks Laptops Chance 434,Electronics,Laptops,OmniTech,GB,504.96,797.84,58.0,29,34,Active,2023-11-11,16.5,1,2023-02-19T05:43:46.078090,2024-07-10T10:49:20.049947
367,PROD-00367,SKU-05049E90,ApexWorks Compute Laugh 274,Cloud Services,Compute,TechPro,Hour,944.22,1246.37,32.0,6,90,Active,2024-05-22,3.81,0,2015-12-23T13:50:47.764202,2024-10-23T13:13:02.220260
368,PROD-00368,SKU-CF004FDC,BluePeak CRM Remember 257,Software,CRM,OmniTech,Subscription/Mo,1344.43,1559.54,16.0,11,110,Active,2016-04-13,26.79,1,2016-11-05T11:17:45.839098,2024-10-20T15:06:58.624707
369,PROD-00369,SKU-0C74B7F7,NovaSys Storage Bag 499,Cloud Services,Storage,BluePeak,GB,1673.82,2745.06,64.0,3,306,Active,2017-08-21,1.56,0,2021-03-11T17:50:56.336544,2024-04-27T22:49:52.942216
370,PROD-00370,SKU-D709F38E,NovaSys ERP Cold 116,Software,ERP,NexGen,Each,752.42,970.62,29.0,0,172,Active,2023-01-19,20.43,1,2015-10-12T02:09:52.351142,2024-02-09T14:28:35.534227
371,PROD-00371,SKU-41F1F191,ApexWorks CRM Middle 841,Software,CRM,ApexWorks,Each,1594.86,2631.52,65.0,26,262,Active,2022-11-24,24.49,1,2020-02-23T14:23:58.826613,2024-10-22T00:09:23.650204
372,PROD-00372,SKU-24B16FED,NexGen Training Choice 538,Consulting,Training,NovaSys,License,1251.22,2139.59,71.0,13,54,Active,2023-06-06,9.77,1,2022-08-17T15:08:53.421655,2024-11-12T15:26:59.681769
373,PROD-00373,SKU-FFD52F3C,CoreEdge Database Indeed 167,Cloud Services,Database,BluePeak,Hour,28.9,36.99,28.0,23,22,Active,2024-10-07,26.58,0,2022-02-22T10:35:27.067857,2024-06-14T06:01:09.988105
374,PROD-00374,SKU-AD972F10,ClearPath Printers Everything 910,Office Supplies,Printers,PrimeSoft,License,1001.65,1742.87,74.0,16,491,Active,2021-04-16,18.04,0,2017-07-27T07:48:51.616066,2024-11-30T18:50:37.980392
375,PROD-00375,SKU-F61D6947,SwiftLine Analytics Scene 971,Software,Analytics,OmniTech,Each,354.79,571.21,61.0,21,9,Pending,2017-02-23,27.37,0,2018-07-12T21:13:43.045494,2024-10-26T17:51:01.864778
376,PROD-00376,SKU-142949DF,PrimeSoft AI/ML Far 821,Cloud Services,AI/ML,TechPro,License,1282.98,1655.04,29.0,1,315,Active,2017-11-11,9.33,0,2015-09-20T18:39:06.167370,2024-07-09T14:27:37.536317
377,PROD-00377,SKU-D34AB169,OmniTech Productivity Subject 403,Software,Productivity,CoreEdge,License,163.38,200.96,23.0,24,104,Active,2022-09-22,7.22,0,2020-01-05T15:51:01.839730,2024-11-07T02:24:53.709634
378,PROD-00378,SKU-8BF1211F,TechPro Pens West 633,Office Supplies,Pens,NexGen,Subscription/Mo,559.86,862.18,54.0,48,12,Active,2021-12-17,25.42,1,2015-10-21T10:38:14.253675,2024-05-19T19:53:48.113578
379,PROD-00379,SKU-A02FFD91,CoreEdge Pens Listen 920,Office Supplies,Pens,CoreEdge,Hour,415.61,490.42,18.0,24,266,Active,2016-11-16,5.59,1,2024-02-06T08:24:24.087160,2024-09-08T11:55:14.617524
380,PROD-00380,SKU-BCA82E41,ApexWorks Headphones Charge 309,Electronics,Headphones,ApexWorks,Each,144.62,183.67,27.0,11,303,Pending,2015-07-31,24.95,1,2020-03-15T10:47:11.926486,2024-08-25T04:37:43.189286
381,PROD-00381,SKU-00EC53C4,BluePeak Productivity Notice 268,Software,Productivity,CoreEdge,License,160.94,254.29,58.0,27,90,Pending,2016-01-02,7.54,1,2020-08-01T17:05:36.023599,2024-06-11T17:00:27.680306
382,PROD-00382,SKU-4F6FFE13,OmniTech Audit Seven 181,Consulting,Audit,SwiftLine,GB,1935.61,2458.22,27.0,24,85,Discontinued,2019-04-16,13.3,0,2017-10-31T19:45:43.816908,2024-02-06T11:54:50.708618
383,PROD-00383,SKU-BEED1360,NovaSys Security Start 877,Software,Security,BluePeak,Hour,44.52,61.44,38.0,34,78,Pending,2023-12-23,21.83,1,2023-02-12T06:20:45.667432,2024-12-09T17:03:03.992702
384,PROD-00384,SKU-0584CE56,ClearPath Networking Ever 720,Cloud Services,Networking,OmniTech,Each,615.17,812.02,32.0,21,69,Discontinued,2018-10-27,5.95,1,2016-04-07T19:37:12.219891,2024-01-11T05:05:05.798615
385,PROD-00385,SKU-DC912A25,SwiftLine Laptops Bad 603,Electronics,Laptops,NexGen,GB,1724.0,2741.16,59.0,25,496,Active,2017-08-11,11.58,1,2019-12-01T22:34:23.004669,2024-03-13T14:05:52.612368
386,PROD-00386,SKU-39461A19,NovaSys Implementation Game 494,Consulting,Implementation,PrimeSoft,License,820.53,960.02,17.0,12,390,Discontinued,2017-09-01,28.72,1,2015-07-25T04:30:44.575763,2024-02-05T15:57:54.125905
387,PROD-00387,SKU-8EFB100A,TechPro Audit Crime 766,Consulting,Audit,NexGen,GB,1271.78,1742.34,37.0,47,126,Active,2019-06-06,14.38,1,2020-02-06T21:58:14.530440,2024-11-29T13:53:53.320850
388,PROD-00388,SKU-D9FC5B73,ApexWorks Monitors Activity 360,Electronics,Monitors,CoreEdge,Hour,526.35,747.42,42.0,37,487,Active,2016-12-15,0.47,1,2019-10-14T13:20:45.831054,2024-11-17T12:18:08.236555
389,PROD-00389,SKU-C86A7EE3,NovaSys Networking Indicate 630,Cloud Services,Networking,CoreEdge,GB,1413.61,2445.55,73.0,10,424,Discontinued,2024-03-14,7.66,1,2019-05-31T21:40:55.207699,2024-06-25T17:50:02.374378
390,PROD-00390,SKU-A01A0380,BluePeak Strategy Sign 851,Consulting,Strategy,NexGen,Each,1318.68,1819.78,38.0,6,325,Pending,2020-09-23,23.32,1,2024-05-02T08:55:02.638847,2024-08-30T01:44:23.221160
391,PROD-00391,SKU-5A4B25AA,NexGen Analytics Meeting 815,Software,Analytics,BluePeak,Each,1498.72,2562.81,71.0,10,417,Discontinued,2019-05-10,0.15,1,2024-02-23T09:12:53.823504,2024-03-27T19:54:05.396836
392,PROD-00392,SKU-F73B76CE,NexGen AI/ML Make 274,Cloud Services,AI/ML,ApexWorks,Subscription/Mo,836.6,1104.31,32.0,11,360,Active,2018-10-09,6.02,1,2021-12-21T10:49:17.841477,2024-05-16T13:58:57.738598
393,PROD-00393,SKU-70C639DF,ApexWorks Implementation Meeting 305,Consulting,Implementation,TechPro,License,904.07,1482.67,64.0,48,98,Active,2019-03-18,29.49,0,2019-07-19T06:45:25.617640,2024-11-02T19:57:28.594261
394,PROD-00394,SKU-28F0B864,NovaSys AI/ML Provide 400,Cloud Services,AI/ML,NovaSys,GB,222.84,340.95,53.0,7,141,Active,2019-02-28,10.33,1,2024-01-10T03:32:51.837937,2024-07-01T15:06:27.172733
395,PROD-00395,SKU-1543843A,TechPro Networking Analysis 372,Cloud Services,Networking,TechPro,Hour,1347.25,1630.17,21.0,50,21,Active,2017-10-26,6.41,1,2019-12-06T11:56:15.469407,2024-07-07T21:49:20.653089
396,PROD-00396,SKU-F8C1F23D,BluePeak AI/ML Option 597,Cloud Services,AI/ML,OmniTech,Subscription/Mo,1042.55,1803.61,73.0,38,219,Active,2015-06-30,11.19,1,2017-10-28T00:39:09.696298,2024-07-02T08:49:04.835074
397,PROD-00397,SKU-E46DE7E1,NexGen Pens Teach 725,Office Supplies,Pens,TechPro,Subscription/Mo,1882.28,2917.53,55.0,21,412,Active,2020-09-28,0.19,0,2015-06-03T18:41:18.852850,2024-11-20T07:02:50.958889
398,PROD-00398,SKU-B7B16ECF,BluePeak CRM Remain 816,Software,CRM,CoreEdge,Subscription/Mo,1205.81,2013.7,67.0,28,316,Discontinued,2016-08-14,15.5,1,2022-12-15T18:50:43.744611,2024-08-27T11:44:03.198259
399,PROD-00399,SKU-352FE25D,TechPro Keyboards Stuff 926,Electronics,Keyboards,SwiftLine,GB,38.18,52.31,37.0,14,310,Discontinued,2019-01-03,12.06,1,2020-10-15T03:41:21.431533,2024-06-20T00:29:01.250989
400,PROD-00400,SKU-18D80423,OmniTech Furniture Boy 774,Office Supplies,Furniture,NovaSys,GB,1878.47,3212.18,71.0,18,310,Active,2020-11-20,21.39,1,2015-10-14T12:26:58.452856,2024-01-14T13:03:06.039851
401,PROD-00401,SKU-816B112C,ClearPath Security Serious 995,Software,Security,OmniTech,License,1594.66,2120.9,33.0,28,488,Active,2024-01-23,14.52,1,2022-02-01T15:26:50.624036,2024-08-10T23:26:31.589900
402,PROD-00402,SKU-69CB3EA3,NovaSys ERP Again 208,Software,ERP,NexGen,Each,345.01,593.42,72.0,10,475,Active,2018-11-13,27.09,1,2023-08-02T09:56:49.773881,2024-10-18T08:48:28.126495
403,PROD-00403,SKU-BBF94B34,NovaSys Analytics Outside 781,Software,Analytics,ApexWorks,Hour,1333.54,2293.69,72.0,40,371,Discontinued,2015-05-02,2.8,1,2020-04-25T12:30:14.362951,2024-09-16T17:36:38.509796
404,PROD-00404,SKU-4F4ADCBF,SwiftLine Productivity Message 486,Software,Productivity,NexGen,Hour,1533.84,2316.1,51.0,27,413,Active,2021-06-14,6.78,1,2017-02-28T03:22:32.076086,2024-02-17T19:58:00.438977
405,PROD-00405,SKU-BBCBFF5C,PrimeSoft Paper Teach 292,Office Supplies,Paper,NovaSys,Hour,227.21,306.73,35.0,23,65,Active,2021-08-14,28.63,1,2016-01-29T17:46:00.498665,2024-12-17T20:18:21.273953
406,PROD-00406,SKU-8CB22BDD,NexGen Paper Little 533,Office Supplies,Paper,SwiftLine,Subscription/Mo,1182.17,1489.53,26.0,43,478,Active,2021-10-29,15.64,1,2016-02-29T07:31:29.675087,2024-01-26T07:25:30.861495
407,PROD-00407,SKU-F4F6DCE2,SwiftLine Headphones Treat 248,Electronics,Headphones,BluePeak,License,23.33,38.73,66.0,31,348,Discontinued,2018-09-26,4.51,1,2020-05-27T12:47:00.138944,2024-03-09T17:52:58.739982
408,PROD-00408,SKU-0D0FD7C6,NovaSys CRM Off 380,Software,CRM,PrimeSoft,GB,1199.77,1607.69,34.0,40,424,Active,2016-06-03,14.9,0,2018-09-07T13:01:21.265296,2024-12-15T08:11:36.073973
409,PROD-00409,SKU-A96B65A7,CoreEdge Keyboards Maintain 817,Electronics,Keyboards,TechPro,License,309.64,489.23,58.0,31,372,Discontinued,2017-10-09,9.04,1,2016-02-10T08:09:47.182504,2024-05-01T13:17:16.901376
410,PROD-00410,SKU-1068C6E4,OmniTech Webcams Employee 456,Electronics,Webcams,NexGen,GB,787.61,1102.65,40.0,4,270,Active,2015-09-02,8.54,1,2017-05-06T04:50:27.189650,2024-11-25T21:16:01.863965
411,PROD-00411,SKU-17D63B16,PrimeSoft Audit Shoulder 986,Consulting,Audit,TechPro,Subscription/Mo,199.15,266.86,34.0,29,335,Active,2016-05-20,17.36,0,2023-03-27T20:23:44.951940,2024-12-14T15:38:35.787660
412,PROD-00412,SKU-B9228E09,CoreEdge Database Interest 852,Cloud Services,Database,TechPro,Subscription/Mo,1794.95,2297.54,28.0,46,438,Pending,2022-12-16,3.15,1,2016-04-28T12:12:19.129805,2024-02-11T09:18:31.586153
413,PROD-00413,SKU-0DEB1C54,TechPro Networking Owner 198,Cloud Services,Networking,SwiftLine,GB,1360.49,1700.61,25.0,11,483,Active,2022-05-08,3.61,1,2022-02-15T09:34:13.494885,2024-07-20T10:44:22.075111
414,PROD-00414,SKU-66808E32,NexGen Audit Mrs 350,Consulting,Audit,TechPro,Each,1939.61,2967.6,53.0,15,203,Discontinued,2019-07-22,9.15,1,2022-06-18T23:35:11.606608,2024-07-07T06:28:52.573877
415,PROD-00415,SKU-42E7AAA8,NexGen Storage Chance 381,Cloud Services,Storage,OmniTech,Subscription/Mo,1556.57,2599.47,67.0,0,61,Active,2023-08-25,2.57,0,2023-09-27T14:04:07.142632,2024-03-25T21:03:13.140182
416,PROD-00416,SKU-8FE0093B,PrimeSoft Training Spring 591,Consulting,Training,BluePeak,Each,50.94,75.9,49.0,50,303,Active,2024-12-07,11.58,0,2020-02-19T01:37:47.681350,2024-10-03T16:45:03.125273
417,PROD-00417,SKU-41AE36EC,ClearPath Printers Their 289,Office Supplies,Printers,NexGen,Each,254.85,344.05,35.0,25,284,Pending,2017-12-24,23.53,0,2021-06-04T22:06:44.299661,2024-08-15T11:45:42.990313
418,PROD-00418,SKU-D1F255A3,NovaSys Webcams Beautiful 871,Electronics,Webcams,CoreEdge,Each,1675.1,2462.4,47.0,11,441,Pending,2015-01-16,20.89,1,2018-05-30T05:16:31.215827,2024-03-28T14:07:34.178272
419,PROD-00419,SKU-7EACB532,ApexWorks Audit Suggest 688,Consulting,Audit,CoreEdge,License,1602.02,1954.46,22.0,5,287,Active,2018-04-06,25.56,1,2015-10-18T11:04:31.902039,2024-04-24T00:12:06.960440
420,PROD-00420,SKU-B6F0479A,ClearPath Laptops Why 275,Electronics,Laptops,NexGen,Each,1014.77,1390.23,37.0,15,153,Active,2017-07-15,28.39,1,2020-05-27T16:14:52.881572,2024-10-09T08:45:12.533408
421,PROD-00421,SKU-E0C64119,SwiftLine Audit Season 635,Consulting,Audit,SwiftLine,Hour,284.01,408.97,44.0,34,261,Active,2018-06-14,20.67,1,2015-03-31T09:47:44.741393,2024-02-29T15:07:39.823403
422,PROD-00422,SKU-F85454E8,CoreEdge CRM Beat 237,Software,CRM,PrimeSoft,Hour,380.21,505.68,33.0,13,302,Active,2018-01-16,8.39,0,2023-07-18T08:43:25.352600,2024-10-07T01:08:29.430691
423,PROD-00423,SKU-FAA9AFEA,ApexWorks Webcams City 509,Electronics,Webcams,OmniTech,Each,513.66,708.85,38.0,16,346,Discontinued,2024-02-09,28.21,1,2017-04-20T23:38:26.188207,2024-02-01T18:16:49.338716
424,PROD-00424,SKU-3C7781A3,CoreEdge Training Give 831,Consulting,Training,SwiftLine,Hour,145.76,231.76,59.0,42,331,Pending,2018-09-04,18.19,0,2023-12-17T06:01:59.047613,2024-08-01T08:15:08.546542
425,PROD-00425,SKU-25B2822C,TechPro Analytics Meet 718,Software,Analytics,CoreEdge,Each,1984.94,2798.77,41.0,17,63,Pending,2020-08-29,3.39,0,2015-02-11T01:01:16.512411,2024-03-21T17:17:06.885671
426,PROD-00426,SKU-6ECBDD6E,SwiftLine Keyboards System 896,Electronics,Keyboards,BluePeak,License,1282.15,1756.55,37.0,14,140,Active,2022-08-01,3.03,1,2020-09-04T08:47:40.792167,2024-02-06T14:06:13.107092
427,PROD-00427,SKU-18997733,ClearPath Storage Woman 845,Cloud Services,Storage,BluePeak,Hour,1566.55,1911.19,22.0,31,48,Pending,2019-12-06,10.53,1,2023-01-26T07:01:38.864586,2024-09-12T22:17:23.504932
428,PROD-00428,SKU-8D7D8EE0,ApexWorks Support Dark 425,Consulting,Support,NexGen,License,1216.9,2056.56,69.0,22,412,Pending,2015-04-30,16.59,0,2018-11-13T18:14:37.524327,2024-06-14T09:30:02.053176
429,PROD-00429,SKU-75FC093C,ClearPath AI/ML Art 830,Cloud Services,AI/ML,ApexWorks,License,259.51,301.03,16.0,9,193,Pending,2023-12-07,22.09,1,2017-11-09T14:46:08.195380,2024-02-17T10:08:17.695793
430,PROD-00430,SKU-F74909AC,OmniTech Pens Where 287,Office Supplies,Pens,OmniTech,Subscription/Mo,1358.04,1901.26,40.0,29,257,Active,2024-04-29,8.35,0,2018-08-06T15:39:57.448465,2024-04-30T18:21:54.513808
431,PROD-00431,SKU-66368270,BluePeak Training Including 516,Consulting,Training,SwiftLine,Each,613.85,1018.99,66.0,40,40,Active,2017-07-14,21.93,1,2022-08-14T16:07:02.337218,2024-10-05T10:34:12.077175
432,PROD-00432,SKU-248E8443,ClearPath Productivity Program 604,Software,Productivity,TechPro,GB,119.54,191.26,60.0,43,260,Active,2020-07-20,14.44,1,2018-01-08T02:15:40.916249,2024-03-28T11:58:17.479565
433,PROD-00433,SKU-019D385E,TechPro Storage Image 831,Cloud Services,Storage,NexGen,Hour,1234.49,2098.63,70.0,47,176,Active,2020-08-02,29.83,1,2016-02-01T12:40:27.390621,2024-07-22T23:47:03.745106
434,PROD-00434,SKU-A49E9411,ClearPath Audit South 330,Consulting,Audit,ApexWorks,Each,1929.47,2990.68,55.0,23,429,Active,2023-04-30,15.46,1,2019-04-23T08:38:26.020236,2024-11-12T20:02:24.175949
435,PROD-00435,SKU-DDB30680,NovaSys Networking Least 446,Cloud Services,Networking,CoreEdge,Hour,761.29,1042.97,37.0,49,439,Active,2023-07-30,8.77,0,2015-02-02T07:00:29.060696,2024-04-12T09:53:51.907890
436,PROD-00436,SKU-2421FCB1,PrimeSoft Binders Force 503,Office Supplies,Binders,CoreEdge,Subscription/Mo,430.07,683.81,59.0,41,263,Active,2018-03-31,28.07,0,2023-12-26T09:16:32.086784,2024-11-04T11:04:52.852682
437,PROD-00437,SKU-FCCB60FB,BluePeak Keyboards Word 462,Electronics,Keyboards,NovaSys,Each,16.75,23.95,43.0,22,455,Active,2020-11-14,12.12,1,2021-09-28T05:55:06.204711,2024-09-04T12:48:55.037739
438,PROD-00438,SKU-1651CF0D,ClearPath Headphones Relate 257,Electronics,Headphones,NexGen,Each,986.63,1183.96,20.0,31,3,Active,2023-06-03,23.11,1,2022-12-08T05:55:09.189890,2024-08-21T21:26:21.819525
439,PROD-00439,SKU-EED5AF6A,NexGen Security Marriage 286,Software,Security,ClearPath,Subscription/Mo,793.74,1055.67,33.0,6,224,Discontinued,2022-08-08,4.94,1,2015-06-03T09:41:59.916407,2024-03-23T15:24:43.541049
440,PROD-00440,SKU-A8ABB4BB,CoreEdge Storage Everything 213,Cloud Services,Storage,CoreEdge,Subscription/Mo,721.68,1205.21,67.0,2,68,Discontinued,2020-10-19,12.69,1,2018-12-16T01:32:02.404522,2024-10-30T07:27:07.017125
441,PROD-00441,SKU-15D4E891,BluePeak Monitors Share 221,Electronics,Monitors,NexGen,GB,1334.08,2294.62,72.0,35,253,Active,2019-07-06,9.81,0,2023-08-04T18:34:47.486375,2024-12-26T00:13:52.657856
442,PROD-00442,SKU-C203D8A1,TechPro Audit War 229,Consulting,Audit,ApexWorks,Subscription/Mo,267.18,459.55,72.0,32,6,Active,2024-10-19,1.66,1,2024-05-13T05:45:17.241895,2024-05-04T13:04:15.606732
443,PROD-00443,SKU-13F3CF8C,BluePeak AI/ML State 388,Cloud Services,AI/ML,OmniTech,Each,1476.18,2081.41,41.0,48,219,Active,2015-01-02,18.57,1,2020-02-10T20:16:01.378407,2024-11-24T06:24:49.897498
444,PROD-00444,SKU-550A141F,CoreEdge Analytics Town 782,Software,Analytics,NexGen,License,1534.62,2562.82,67.0,30,361,Active,2015-06-07,21.06,1,2017-11-09T15:14:49.697160,2024-11-15T14:35:30.747608
445,PROD-00445,SKU-67F7FB87,NovaSys Productivity Leg 235,Software,Productivity,NexGen,Each,1259.67,1561.99,24.0,17,98,Active,2022-04-03,12.85,1,2017-01-17T00:11:08.870063,2024-02-12T20:19:19.946063
446,PROD-00446,SKU-1A5B1E4D,CoreEdge Laptops Best 327,Electronics,Laptops,SwiftLine,GB,763.8,1115.15,46.0,30,31,Pending,2024-11-27,12.87,1,2018-08-23T22:48:41.354240,2024-11-09T11:01:10.231028
447,PROD-00447,SKU-9A96876E,SwiftLine Paper Through 828,Office Supplies,Paper,NexGen,License,542.15,715.64,32.0,20,458,Active,2017-11-23,5.53,1,2019-07-22T06:25:58.911672,2024-06-15T12:50:39.733443
448,PROD-00448,SKU-9B70E8FE,PrimeSoft Keyboards State 203,Electronics,Keyboards,NexGen,License,427.9,611.9,43.0,16,485,Discontinued,2023-06-27,10.97,1,2023-05-23T03:36:42.644576,2024-05-11T17:10:26.164432
449,PROD-00449,SKU-D61E4BBD,ApexWorks Laptops Particularly 439,Electronics,Laptops,SwiftLine,Subscription/Mo,1339.55,2089.7,56.0,47,398,Pending,2022-03-07,15.91,1,2017-10-24T21:40:21.856842,2024-06-23T16:46:12.746677
450,PROD-00450,SKU-F5F8590C,NovaSys Analytics Theory 233,Software,Analytics,PrimeSoft,Each,424.02,585.15,38.0,2,300,Active,2016-03-04,5.87,0,2016-01-05T16:49:56.401582,2024-06-26T04:28:55.325030
451,PROD-00451,SKU-941E1AAA,BluePeak Laptops Parent 842,Electronics,Laptops,OmniTech,License,1883.93,2863.57,52.0,34,369,Active,2019-09-23,1.41,1,2017-11-20T15:35:51.081728,2024-06-13T13:04:00.314242
452,PROD-00452,SKU-9431C87F,ClearPath AI/ML Figure 455,Cloud Services,AI/ML,SwiftLine,GB,1424.65,2393.41,68.0,40,367,Active,2021-09-26,27.33,1,2018-04-22T09:50:10.410952,2024-05-04T23:02:15.538790
453,PROD-00453,SKU-49AE49A2,TechPro Networking Citizen 270,Cloud Services,Networking,PrimeSoft,Subscription/Mo,1049.91,1805.85,72.0,44,495,Active,2020-02-12,8.76,1,2022-06-10T15:58:47.477723,2024-02-25T12:32:19.715351
454,PROD-00454,SKU-E44FEA3B,ClearPath Security Impact 176,Software,Security,ApexWorks,GB,992.58,1459.09,47.0,48,260,Discontinued,2021-10-30,16.92,0,2016-12-23T11:50:56.950581,2024-07-04T12:41:48.389632
455,PROD-00455,SKU-821FA74B,ApexWorks AI/ML Executive 685,Cloud Services,AI/ML,CoreEdge,Hour,546.63,688.75,26.0,44,4,Pending,2024-06-06,13.72,1,2021-05-28T13:15:36.982540,2024-10-04T12:07:55.897079
456,PROD-00456,SKU-250CF8B5,NovaSys Pens Particularly 275,Office Supplies,Pens,CoreEdge,Each,596.25,781.09,31.0,34,121,Active,2015-02-08,1.27,1,2019-10-12T04:35:45.906888,2024-12-16T03:06:37.691869
457,PROD-00457,SKU-42998CF3,CoreEdge Pens Husband 943,Office Supplies,Pens,CoreEdge,Hour,544.52,882.12,62.0,7,0,Active,2020-04-13,19.02,1,2018-04-14T18:43:51.388349,2024-06-01T13:43:08.095778
458,PROD-00458,SKU-D07E70EF,BluePeak Paper Threat 839,Office Supplies,Paper,ApexWorks,GB,1893.12,3180.44,68.0,39,150,Active,2019-05-04,29.56,1,2021-10-24T08:09:10.753512,2024-09-23T18:46:46.212046
459,PROD-00459,SKU-7FE1F8AB,BluePeak Pens Court 116,Office Supplies,Pens,ClearPath,Hour,1462.3,1930.24,32.0,6,369,Discontinued,2024-03-21,28.38,1,2023-12-25T07:36:32.988377,2024-09-19T17:24:27.144184
460,PROD-00460,SKU-98B29795,SwiftLine Strategy Involve 375,Consulting,Strategy,CoreEdge,Hour,416.29,591.13,42.0,40,413,Discontinued,2015-09-05,4.75,1,2019-11-22T05:26:35.790356,2024-12-06T22:11:26.223205
461,PROD-00461,SKU-0353AB4C,OmniTech Database Station 285,Cloud Services,Database,OmniTech,License,300.93,433.34,44.0,11,96,Pending,2020-06-23,14.77,1,2015-04-27T03:14:30.909409,2024-10-07T21:58:52.211525
462,PROD-00462,SKU-51D92BE1,NexGen Paper Level 803,Office Supplies,Paper,PrimeSoft,License,623.77,1047.93,68.0,4,73,Active,2023-10-31,12.85,0,2023-05-20T23:37:54.500321,2024-06-09T16:27:53.091295
463,PROD-00463,SKU-428FCA9B,TechPro Storage House 717,Cloud Services,Storage,NovaSys,GB,1449.99,1783.49,23.0,24,10,Active,2019-09-07,24.81,1,2022-02-15T20:55:34.697544,2024-03-16T01:46:45.819650
464,PROD-00464,SKU-F1B6F285,PrimeSoft ERP Other 113,Software,ERP,TechPro,Each,1541.38,2019.21,31.0,34,376,Active,2023-12-06,25.6,1,2018-10-29T03:43:37.838337,2024-05-17T16:58:01.129358
465,PROD-00465,SKU-68CE199E,OmniTech ERP Model 935,Software,ERP,ApexWorks,Subscription/Mo,963.45,1435.54,49.0,21,245,Active,2019-09-07,7.39,1,2016-09-23T20:58:07.693584,2024-09-29T19:51:00.145370
466,PROD-00466,SKU-E836D813,ClearPath Implementation Song 403,Consulting,Implementation,NovaSys,Hour,47.31,55.83,18.0,26,72,Active,2024-03-24,27.37,1,2015-08-28T21:38:08.522146,2024-10-14T10:17:27.342489
467,PROD-00467,SKU-AB817C93,BluePeak Security Around 331,Software,Security,NexGen,Each,773.84,1052.42,36.0,31,86,Active,2024-06-18,6.81,1,2022-02-24T04:42:31.446645,2024-12-27T17:43:08.440411
468,PROD-00468,SKU-877A9BA7,NovaSys Paper Candidate 144,Office Supplies,Paper,PrimeSoft,License,1233.32,1504.65,22.0,11,219,Pending,2016-04-19,10.11,1,2020-08-15T08:05:38.183511,2024-03-04T02:17:05.602441
469,PROD-00469,SKU-DC6A6489,PrimeSoft Compute Recent 937,Cloud Services,Compute,BluePeak,Subscription/Mo,1786.77,2787.36,56.0,6,138,Discontinued,2022-12-05,19.89,1,2018-10-31T05:08:38.719795,2024-12-19T20:41:07.807239
470,PROD-00470,SKU-26337353,ApexWorks Laptops Read 427,Electronics,Laptops,ApexWorks,GB,1724.12,2999.97,74.0,28,369,Discontinued,2024-02-29,24.46,1,2017-09-15T10:27:58.544020,2024-03-01T00:15:17.918561
471,PROD-00471,SKU-8E6B42F1,NovaSys Audit Data 430,Consulting,Audit,ApexWorks,License,1919.37,2533.57,32.0,49,197,Active,2021-11-04,9.65,0,2022-04-23T18:00:06.128146,2024-01-19T23:45:51.777577
472,PROD-00472,SKU-EF575E88,ApexWorks Networking Character 921,Cloud Services,Networking,CoreEdge,GB,1205.48,1844.38,53.0,26,281,Discontinued,2017-02-26,16.21,0,2020-07-19T21:36:52.592036,2024-03-25T02:26:00.870327
473,PROD-00473,SKU-2050E03C,PrimeSoft Strategy Far 832,Consulting,Strategy,NexGen,Hour,1643.7,2268.31,38.0,36,397,Active,2018-10-16,21.12,1,2022-06-01T04:56:34.601050,2024-10-25T01:38:55.312655
474,PROD-00474,SKU-25DDC0F8,SwiftLine Paper Visit 671,Office Supplies,Paper,OmniTech,License,410.54,681.5,66.0,7,30,Active,2015-04-11,10.89,1,2022-12-26T20:03:16.627398,2024-12-12T20:09:59.505660
475,PROD-00475,SKU-5EF0B4EB,NexGen Furniture Others 348,Office Supplies,Furniture,CoreEdge,License,292.56,485.65,66.0,3,382,Active,2024-11-05,3.61,1,2017-06-08T06:59:15.272024,2024-03-23T22:09:13.826529
476,PROD-00476,SKU-598B3E71,TechPro Storage Whose 818,Cloud Services,Storage,NovaSys,Hour,1393.76,1951.26,40.0,4,244,Pending,2015-01-09,26.13,1,2020-10-05T13:43:35.283154,2024-08-27T11:56:57.586035
477,PROD-00477,SKU-74071A67,TechPro Analytics Cut 682,Software,Analytics,NexGen,License,286.85,372.91,30.0,48,93,Discontinued,2018-05-30,22.33,1,2020-01-24T02:25:47.698866,2024-05-23T09:27:50.279099
478,PROD-00478,SKU-CFEE3986,TechPro Networking Start 393,Cloud Services,Networking,NovaSys,License,1446.5,2054.03,42.0,3,451,Active,2016-05-28,18.16,1,2017-11-16T16:26:45.481284,2024-02-19T23:22:07.661581
479,PROD-00479,SKU-D18F655C,OmniTech Training Gun 667,Consulting,Training,BluePeak,Hour,26.68,44.02,65.0,32,156,Active,2017-06-04,12.77,1,2021-09-26T06:27:24.670921,2024-01-18T18:33:08.494114
480,PROD-00480,SKU-6EA2EF73,ApexWorks Paper Stock 860,Office Supplies,Paper,CoreEdge,GB,1045.39,1818.98,74.0,39,28,Active,2018-10-29,11.83,1,2023-11-08T08:49:28.703481,2024-04-02T21:27:10.921506
481,PROD-00481,SKU-9461CCE2,NexGen Networking Various 268,Cloud Services,Networking,TechPro,Subscription/Mo,629.81,969.91,54.0,41,217,Active,2023-04-12,8.17,1,2018-03-02T15:28:38.229693,2024-07-13T14:31:24.887368
482,PROD-00482,SKU-F770B62B,TechPro Keyboards State 345,Electronics,Keyboards,BluePeak,License,1208.36,2005.88,66.0,34,54,Active,2024-06-20,6.44,1,2017-04-23T23:04:17.409055,2024-02-12T14:52:42.401270
483,PROD-00483,SKU-E1E32E23,TechPro Pens Particular 346,Office Supplies,Pens,BluePeak,Each,1105.62,1691.6,53.0,36,289,Active,2021-04-26,16.96,0,2022-03-14T16:41:43.220922,2024-07-09T10:09:30.187440
484,PROD-00484,SKU-EBA0DC30,TechPro Laptops Action 465,Electronics,Laptops,BluePeak,GB,632.59,1088.05,72.0,32,99,Active,2017-07-23,22.58,1,2018-05-30T07:06:39.154888,2024-12-18T11:44:36.241958
485,PROD-00485,SKU-218A0AEF,ClearPath CRM West 203,Software,CRM,ClearPath,License,665.98,1125.51,69.0,1,300,Discontinued,2016-06-06,14.36,1,2022-07-21T15:10:50.333690,2024-04-28T13:52:15.116067
486,PROD-00486,SKU-7D04BBBE,NovaSys Pens Life 835,Office Supplies,Pens,CoreEdge,License,307.32,439.47,43.0,43,334,Active,2019-02-07,23.09,1,2024-05-09T03:47:10.776955,2024-12-21T05:57:07.889932
487,PROD-00487,SKU-A516A87C,ClearPath Strategy His 887,Consulting,Strategy,SwiftLine,GB,1984.6,3016.59,52.0,50,67,Active,2018-05-01,8.8,0,2015-04-13T16:49:14.957221,2024-07-22T21:50:13.642477
488,PROD-00488,SKU-C3C59E5F,PrimeSoft Headphones Language 176,Electronics,Headphones,ApexWorks,Hour,482.03,843.55,75.0,40,254,Active,2020-07-03,24.16,1,2021-01-01T12:08:11.445785,2024-06-12T11:11:56.679319
489,PROD-00489,SKU-854D9FCA,NovaSys Printers Industry 610,Office Supplies,Printers,NovaSys,GB,1735.73,2829.24,63.0,20,86,Active,2015-04-11,4.93,1,2016-09-12T11:39:41.031652,2024-03-24T16:46:04.914366
490,PROD-00490,SKU-C410003E,OmniTech Support Performance 364,Consulting,Support,OmniTech,Subscription/Mo,709.97,844.86,19.0,48,448,Discontinued,2024-07-04,19.54,1,2016-08-03T10:44:22.898873,2024-04-01T04:09:03.365917
491,PROD-00491,SKU-559CB990,BluePeak Webcams Bad 510,Electronics,Webcams,NexGen,Hour,979.08,1341.34,37.0,43,66,Discontinued,2024-03-03,11.07,1,2015-04-28T13:17:59.959395,2024-11-25T03:44:44.614881
492,PROD-00492,SKU-55A7CF9C,BluePeak Paper Pretty 998,Office Supplies,Paper,TechPro,Hour,1365.99,1980.69,45.0,41,29,Active,2024-09-08,21.02,1,2023-07-05T08:48:15.727151,2024-07-24T00:38:40.032394
493,PROD-00493,SKU-2F55707D,NexGen CRM Join 974,Software,CRM,NovaSys,License,584.87,725.24,24.0,24,447,Discontinued,2024-03-22,20.11,1,2023-12-16T22:26:38.594489,2024-10-10T21:37:28.257896
494,PROD-00494,SKU-1BE3BC32,OmniTech Networking Recently 211,Cloud Services,Networking,NovaSys,License,1286.76,2174.62,69.0,46,55,Discontinued,2016-04-26,23.07,1,2022-08-21T09:46:25.680564,2024-07-26T02:31:00.442804
495,PROD-00495,SKU-35051070,PrimeSoft Database Standard 597,Cloud Services,Database,CoreEdge,GB,133.62,181.72,36.0,7,142,Discontinued,2019-11-03,1.24,1,2023-08-29T19:10:01.567812,2024-07-09T02:21:43.410196
496,PROD-00496,SKU-B534BA68,TechPro Compute Degree 715,Cloud Services,Compute,NexGen,Each,1282.23,1718.19,34.0,23,404,Discontinued,2023-04-06,29.36,1,2021-08-03T03:46:59.314972,2024-04-02T02:02:22.224880
497,PROD-00497,SKU-7380AD8A,NexGen Monitors Coach 376,Electronics,Monitors,BluePeak,License,1736.7,2987.12,72.0,5,72,Active,2023-01-20,8.29,1,2020-05-05T05:36:05.422821,2024-10-18T18:38:09.580552
498,PROD-00498,SKU-05F971B5,BluePeak Furniture Consumer 288,Office Supplies,Furniture,TechPro,Each,1743.22,2545.1,46.0,27,175,Active,2020-10-05,5.02,1,2016-01-24T22:50:42.851569,2024-12-01T03:37:37.686536
499,PROD-00499,SKU-3CF166C6,ApexWorks Networking Participant 813,Cloud Services,Networking,NexGen,Subscription/Mo,953.62,1487.65,56.0,44,292,Discontinued,2018-12-03,24.71,1,2017-10-30T03:13:20.581447,2024-06-05T07:44:12.500258
500,PROD-00500,SKU-CEE63112,SwiftLine Webcams Easy 114,Electronics,Webcams,ApexWorks,GB,1234.94,1654.82,34.0,9,255,Active,2016-12-12,3.5,0,2016-09-20T11:33:39.045454,2024-07-22T18:07:19.427848
501,PROD-00501,SKU-5B69B9CB,ApexWorks Printers According 749,Office Supplies,Printers,OmniTech,Hour,1445.96,2515.97,74.0,6,18,Active,2019-09-17,22.4,1,2015-03-08T16:03:15.268159,2024-01-29T18:15:16.378714
502,PROD-00502,SKU-B5B41FAC,CoreEdge AI/ML Analysis 456,Cloud Services,AI/ML,CoreEdge,License,1549.9,2340.35,51.0,43,295,Active,2016-10-14,11.17,1,2019-08-05T02:11:02.711871,2024-05-03T21:10:03.667377
503,PROD-00503,SKU-285E19F2,NovaSys Keyboards Base 816,Electronics,Keyboards,OmniTech,GB,1793.83,2601.05,45.0,26,210,Active,2016-07-02,10.63,0,2015-03-14T21:56:47.922944,2024-09-06T06:49:54.196446
504,PROD-00504,SKU-B337E84D,NexGen Support Side 482,Consulting,Support,ApexWorks,Hour,231.19,291.3,26.0,38,83,Pending,2022-01-12,13.13,1,2022-01-30T14:59:52.403644,2024-01-31T02:39:05.218426
505,PROD-00505,SKU-E8C0653F,NovaSys Database Very 189,Cloud Services,Database,NovaSys,Each,1405.67,2403.7,71.0,41,8,Pending,2019-11-22,27.98,1,2017-10-20T07:12:04.940145,2024-12-12T15:27:43.233563
506,PROD-00506,SKU-FF4D5FBB,OmniTech AI/ML Audience 615,Cloud Services,AI/ML,PrimeSoft,Each,1854.82,2244.33,21.0,42,148,Discontinued,2018-12-25,6.43,0,2019-12-28T01:49:31.636931,2024-08-14T17:48:38.946568
507,PROD-00507,SKU-2D6CC4B2,NovaSys Audit Reason 459,Consulting,Audit,OmniTech,GB,233.43,387.49,66.0,41,360,Discontinued,2023-08-25,0.33,1,2015-08-23T08:53:34.449437,2024-11-13T20:24:35.373117
508,PROD-00508,SKU-389BC7BB,BluePeak Productivity Exist 414,Software,Productivity,NexGen,License,570.79,958.93,68.0,0,460,Discontinued,2019-01-21,1.08,1,2016-03-28T14:24:03.748711,2024-06-19T17:27:02.881262
509,PROD-00509,SKU-E2230B85,PrimeSoft Analytics Rate 425,Software,Analytics,SwiftLine,License,1682.34,2456.22,46.0,36,220,Active,2022-05-25,16.72,0,2022-05-06T03:23:22.556644,2024-05-10T02:48:53.775734
510,PROD-00510,SKU-08740852,PrimeSoft Productivity Into 539,Software,Productivity,ApexWorks,GB,1290.65,2129.57,65.0,46,88,Discontinued,2021-10-22,27.13,1,2020-05-18T04:37:33.108351,2024-04-02T13:08:34.650421
511,PROD-00511,SKU-A7608800,ClearPath Compute Conference 221,Cloud Services,Compute,PrimeSoft,GB,203.66,331.97,63.0,48,321,Active,2023-04-02,25.14,1,2017-03-01T07:44:46.447394,2024-09-20T23:59:31.960245
512,PROD-00512,SKU-10A7CDD9,TechPro Pens Around 743,Office Supplies,Pens,PrimeSoft,License,191.04,223.52,17.0,1,316,Pending,2019-10-24,27.63,1,2023-07-22T11:53:18.506604,2024-05-05T01:05:30.911852
513,PROD-00513,SKU-3DC4876F,OmniTech Audit Simple 749,Consulting,Audit,SwiftLine,License,55.45,88.17,59.0,15,334,Active,2020-06-05,8.98,1,2023-11-03T17:01:27.738336,2024-03-10T01:00:27.622767
514,PROD-00514,SKU-59B90E10,ApexWorks Database Add 742,Cloud Services,Database,TechPro,Hour,1320.22,1729.49,31.0,6,56,Discontinued,2020-09-23,27.82,1,2018-07-04T21:36:52.940202,2024-12-14T13:25:03.871629
515,PROD-00515,SKU-2B8A6159,NovaSys Monitors Change 179,Electronics,Monitors,OmniTech,Subscription/Mo,568.51,960.78,69.0,13,200,Active,2024-01-08,14.78,1,2021-06-26T18:20:29.189865,2024-03-20T02:48:51.542635
516,PROD-00516,SKU-F3F27A32,CoreEdge Storage Nor 803,Cloud Services,Storage,NexGen,GB,975.6,1492.67,53.0,20,324,Discontinued,2022-01-26,24.28,1,2015-02-05T23:47:49.144728,2024-01-18T22:11:26.911495
517,PROD-00517,SKU-38913E1D,PrimeSoft Paper Behavior 975,Office Supplies,Paper,TechPro,Each,1807.76,2802.03,55.0,21,177,Discontinued,2023-08-23,29.85,1,2018-02-28T00:51:06.406605,2024-12-23T21:11:57.845107
518,PROD-00518,SKU-EBD9629F,CoreEdge Productivity Class 720,Software,Productivity,TechPro,Hour,1484.69,2538.82,71.0,1,265,Pending,2017-04-16,22.85,1,2018-10-12T04:39:43.895047,2024-01-28T14:59:33.500235
519,PROD-00519,SKU-63538FE6,ApexWorks Paper Site 325,Office Supplies,Paper,NovaSys,License,1797.65,2103.25,17.0,17,140,Discontinued,2021-08-20,6.06,1,2018-03-22T23:10:54.065515,2024-09-14T13:15:18.876635
520,PROD-00520,SKU-CF67355A,OmniTech Printers Pressure 546,Office Supplies,Printers,ClearPath,GB,1305.59,1866.99,43.0,12,128,Active,2021-05-05,6.02,1,2015-01-24T23:03:17.524923,2024-05-13T14:00:25.231352
521,PROD-00521,SKU-07563A3F,BluePeak Storage Seven 269,Cloud Services,Storage,CoreEdge,GB,1169.38,1882.7,61.0,27,452,Discontinued,2016-01-26,12.77,1,2019-01-26T15:06:48.489244,2024-08-11T00:07:47.635927
522,PROD-00522,SKU-53FDE96F,CoreEdge Printers Throw 680,Office Supplies,Printers,SwiftLine,Subscription/Mo,219.58,303.02,38.0,40,419,Active,2024-10-02,13.54,1,2021-04-20T18:07:21.238889,2024-01-11T03:23:38.388591
523,PROD-00523,SKU-2BB232C0,ClearPath Support Carry 460,Consulting,Support,NexGen,Each,1175.8,1563.81,33.0,7,92,Active,2018-07-03,12.94,1,2020-05-19T05:47:53.820531,2024-01-17T21:59:52.683542
524,PROD-00524,SKU-BA2FD310,SwiftLine Pens Thus 248,Office Supplies,Pens,SwiftLine,Each,149.92,230.88,54.0,0,163,Active,2020-08-15,21.53,1,2020-03-05T10:45:23.818591,2024-09-20T20:07:35.454843
525,PROD-00525,SKU-69421F03,ClearPath AI/ML Card 167,Cloud Services,AI/ML,NexGen,Subscription/Mo,1591.5,2689.63,69.0,38,108,Pending,2017-05-20,6.6,1,2021-08-21T14:31:07.163867,2024-12-20T20:21:48.997067
526,PROD-00526,SKU-85422AFB,NexGen Implementation Listen 425,Consulting,Implementation,SwiftLine,License,1150.03,1771.05,54.0,12,25,Discontinued,2023-06-02,15.01,1,2022-10-29T23:32:12.578521,2024-07-29T13:51:59.765903
527,PROD-00527,SKU-13F320E7,SwiftLine Storage Today 705,Cloud Services,Storage,NexGen,License,252.56,315.7,25.0,36,10,Active,2016-12-23,0.63,1,2019-06-28T02:04:44.355463,2024-05-04T14:39:07.214211
528,PROD-00528,SKU-F4BE0027,TechPro Database Color 646,Cloud Services,Database,ClearPath,Each,266.46,460.98,73.0,21,330,Active,2020-12-07,2.18,1,2015-12-21T16:48:52.631561,2024-07-15T00:03:44.912282
529,PROD-00529,SKU-37F0E884,NexGen Database Writer 181,Cloud Services,Database,ClearPath,Subscription/Mo,552.97,884.75,60.0,31,313,Active,2021-04-25,11.86,0,2018-07-03T03:35:50.132077,2024-04-28T02:43:09.058254
530,PROD-00530,SKU-D64A340B,NovaSys Storage Capital 129,Cloud Services,Storage,CoreEdge,Each,1686.94,2884.67,71.0,0,71,Active,2015-10-10,29.81,0,2022-12-06T17:32:46.131524,2024-10-20T13:24:10.582749
531,PROD-00531,SKU-0FCBC61A,SwiftLine ERP Race 935,Software,ERP,ClearPath,Each,180.59,285.33,58.0,44,444,Active,2019-06-09,7.86,1,2017-08-29T06:00:58.588910,2024-03-01T08:15:01.514270
532,PROD-00532,SKU-298F95E1,SwiftLine Laptops After 804,Electronics,Laptops,PrimeSoft,GB,1894.55,2273.46,20.0,17,357,Active,2024-01-15,27.75,0,2019-05-24T19:03:18.599859,2024-10-30T23:01:25.329025
533,PROD-00533,SKU-DF877F38,PrimeSoft Monitors Machine 970,Electronics,Monitors,NexGen,GB,642.07,796.17,24.0,42,62,Pending,2018-01-10,15.87,0,2023-02-02T19:52:17.673659,2024-12-30T03:22:07.308362
534,PROD-00534,SKU-C399862D,CoreEdge Database Force 194,Cloud Services,Database,BluePeak,Subscription/Mo,647.21,1029.06,59.0,45,42,Active,2024-02-23,16.8,1,2017-10-25T08:28:11.012581,2024-10-23T17:12:44.586979
535,PROD-00535,SKU-33E8075E,CoreEdge CRM The 113,Software,CRM,CoreEdge,GB,154.91,224.62,45.0,24,96,Discontinued,2017-05-19,3.23,1,2018-11-18T00:34:48.730518,2024-05-21T02:02:45.842283
536,PROD-00536,SKU-65658FDE,BluePeak Strategy Half 825,Consulting,Strategy,OmniTech,License,1030.28,1380.58,34.0,32,54,Active,2021-01-04,6.64,1,2019-11-14T09:57:46.706701,2024-07-18T14:54:47.030632
537,PROD-00537,SKU-5EA1649A,NexGen Networking Room 292,Cloud Services,Networking,NovaSys,Subscription/Mo,1736.38,2535.11,46.0,27,84,Active,2015-09-13,28.55,1,2017-10-30T00:05:40.233363,2024-07-29T11:43:13.163927
538,PROD-00538,SKU-7BCDF75A,CoreEdge Security Strong 116,Software,Security,OmniTech,License,1753.01,2804.82,60.0,17,14,Discontinued,2024-02-24,19.89,0,2021-11-07T06:37:00.897993,2024-03-27T05:48:46.417532
539,PROD-00539,SKU-57370345,SwiftLine Binders Window 541,Office Supplies,Binders,CoreEdge,License,241.06,356.77,48.0,25,257,Discontinued,2021-06-16,15.29,1,2021-09-01T18:36:09.473493,2024-06-17T18:11:48.632124
540,PROD-00540,SKU-9B72E31D,NexGen Database Congress 849,Cloud Services,Database,NexGen,License,742.71,876.4,18.0,18,96,Discontinued,2023-10-26,5.38,1,2017-06-05T20:37:45.878643,2024-03-11T00:06:35.903411
541,PROD-00541,SKU-16C222AA,TechPro Strategy Follow 761,Consulting,Strategy,CoreEdge,Each,989.76,1395.56,41.0,14,58,Active,2016-12-22,26.86,1,2023-04-26T19:29:39.977564,2024-11-10T17:36:25.514572
542,PROD-00542,SKU-7DCD340D,PrimeSoft CRM Prevent 816,Software,CRM,NexGen,GB,1066.6,1407.91,32.0,25,51,Active,2023-12-19,22.04,1,2019-11-20T11:16:21.652476,2024-03-01T07:31:24.324093
543,PROD-00543,SKU-81448138,BluePeak Compute Trial 822,Cloud Services,Compute,PrimeSoft,Subscription/Mo,346.2,439.67,27.0,46,1,Active,2018-10-06,5.63,0,2019-06-27T20:46:20.526598,2024-05-03T13:06:48.253368
544,PROD-00544,SKU-97E8527F,ApexWorks Pens Into 291,Office Supplies,Pens,SwiftLine,GB,344.61,537.59,56.0,9,492,Active,2022-07-11,20.01,0,2023-01-06T23:56:34.322482,2024-03-22T13:04:45.350126
545,PROD-00545,SKU-647BBA34,NovaSys Paper National 274,Office Supplies,Paper,TechPro,Hour,359.14,470.47,31.0,22,496,Discontinued,2023-08-31,17.54,0,2021-02-05T01:26:32.886201,2024-11-01T13:55:05.575000
546,PROD-00546,SKU-ED265BC9,PrimeSoft Security Positive 796,Software,Security,BluePeak,License,223.23,366.1,64.0,33,257,Active,2024-02-27,22.67,1,2015-06-11T04:53:44.743902,2024-10-22T00:36:47.290774
547,PROD-00547,SKU-C75B6F11,OmniTech Keyboards Expect 852,Electronics,Keyboards,SwiftLine,Hour,1608.77,2171.84,35.0,16,339,Discontinued,2024-04-12,7.68,0,2021-02-03T23:24:47.612681,2024-08-22T11:58:26.099493
548,PROD-00548,SKU-8D34201A,ClearPath Keyboards Car 893,Electronics,Keyboards,PrimeSoft,GB,605.76,817.78,35.0,7,138,Pending,2017-12-06,21.87,1,2020-06-21T16:28:06.473545,2024-06-02T06:24:09.278466
549,PROD-00549,SKU-CCB1D45F,ApexWorks Security Apply 465,Software,Security,OmniTech,Each,1713.25,2655.54,55.0,15,295,Discontinued,2021-04-06,10.85,1,2021-10-15T12:02:32.078932,2024-07-26T18:00:38.042567
550,PROD-00550,SKU-01F78BE6,ClearPath Security Act 560,Software,Security,ClearPath,License,1279.27,2213.14,73.0,16,466,Active,2021-01-05,26.65,0,2018-12-11T18:28:26.917391,2024-05-09T16:29:35.604398
551,PROD-00551,SKU-7F24D240,CoreEdge Audit Drive 142,Consulting,Audit,PrimeSoft,Hour,1890.81,2495.87,32.0,44,175,Pending,2019-10-12,3.78,0,2016-03-14T06:47:01.973590,2024-11-17T16:58:12.872194
552,PROD-00552,SKU-94C7BB58,OmniTech Support Into 801,Consulting,Support,ApexWorks,GB,580.38,1004.06,73.0,43,76,Pending,2018-10-26,29.0,1,2022-05-03T16:32:11.688143,2024-09-10T22:58:05.556568
553,PROD-00553,SKU-F387624D,TechPro Furniture Certainly 564,Office Supplies,Furniture,TechPro,License,580.08,945.53,63.0,18,422,Pending,2016-04-04,3.79,0,2017-06-18T23:35:35.559209,2024-02-26T06:53:20.068749
554,PROD-00554,SKU-5E388103,TechPro Paper Alone 151,Office Supplies,Paper,BluePeak,License,863.49,1338.41,55.0,22,449,Active,2017-03-17,23.58,1,2022-05-12T22:04:58.926192,2024-03-25T12:28:45.520903
555,PROD-00555,SKU-15DE21C6,NexGen Keyboards Physical 699,Electronics,Keyboards,NovaSys,Subscription/Mo,289.58,460.43,59.0,14,16,Discontinued,2022-08-09,27.99,1,2021-10-04T15:00:58.626902,2024-04-08T05:53:23.234210
556,PROD-00556,SKU-11B921EF,BluePeak Networking Then 409,Cloud Services,Networking,PrimeSoft,Subscription/Mo,801.23,1354.08,69.0,11,288,Discontinued,2021-04-18,20.4,1,2015-07-21T16:31:21.007418,2024-02-06T16:38:49.006138
557,PROD-00557,SKU-6E2713A6,ApexWorks Training Go 526,Consulting,Training,ClearPath,License,1368.23,1737.65,27.0,19,156,Active,2016-06-25,8.99,0,2017-04-11T07:09:50.085297,2024-12-11T14:03:08.895835
558,PROD-00558,SKU-1BB91F73,NexGen Training Build 198,Consulting,Training,ApexWorks,Hour,755.05,1268.48,68.0,28,355,Active,2022-07-09,15.16,1,2016-09-25T23:14:13.664031,2024-03-07T17:08:23.019936
559,PROD-00559,SKU-3A077244,NexGen Database Foreign 572,Cloud Services,Database,TechPro,Hour,858.2,1201.48,40.0,1,490,Discontinued,2024-02-11,2.74,1,2017-06-08T09:50:42.266002,2024-12-17T08:39:14.887500
560,PROD-00560,SKU-A9A6653E,SwiftLine Support Get 230,Consulting,Support,PrimeSoft,Hour,1574.33,2361.49,50.0,36,449,Active,2019-03-18,1.7,0,2024-02-17T15:43:37.850242,2024-01-05T15:58:49.961069
561,PROD-00561,SKU-58AE749F,ClearPath Security Activity 571,Software,Security,TechPro,Each,1341.81,1918.79,43.0,3,138,Active,2021-05-04,10.07,1,2019-11-30T03:18:29.782700,2024-02-16T01:40:29.171650
562,PROD-00562,SKU-4E4B5FBB,TechPro Printers Popular 224,Office Supplies,Printers,PrimeSoft,Hour,965.53,1303.47,35.0,47,367,Active,2022-12-21,21.08,1,2017-01-17T17:36:30.211892,2024-04-30T18:21:39.792626
563,PROD-00563,SKU-8EEFCFDF,ApexWorks Audit News 408,Consulting,Audit,BluePeak,Each,277.12,468.33,69.0,31,319,Active,2024-11-06,3.53,1,2017-07-27T11:51:29.642977,2024-10-20T05:06:09.642344
564,PROD-00564,SKU-1728EFBD,CoreEdge Productivity Common 309,Software,Productivity,NovaSys,GB,1760.4,2570.18,46.0,1,426,Pending,2016-07-30,13.37,1,2020-01-27T14:28:23.358456,2024-03-29T16:51:53.278585
565,PROD-00565,SKU-CBCB58AC,CoreEdge Keyboards Student 961,Electronics,Keyboards,ClearPath,Subscription/Mo,812.09,1413.04,74.0,39,348,Discontinued,2024-08-17,25.79,1,2021-02-04T08:12:55.206102,2024-04-28T05:36:01.061998
566,PROD-00566,SKU-DB85E259,CoreEdge Compute Key 274,Cloud Services,Compute,ClearPath,Hour,1274.21,1605.5,26.0,12,243,Discontinued,2021-11-04,8.77,1,2023-08-01T23:18:18.939710,2024-06-25T03:44:04.934183
567,PROD-00567,SKU-99C5E07B,NexGen Audit Me 814,Consulting,Audit,NovaSys,GB,737.84,973.95,32.0,26,416,Discontinued,2022-12-21,4.53,1,2015-10-11T10:36:54.639038,2024-05-09T03:58:34.633574
568,PROD-00568,SKU-DD458505,BluePeak Storage Travel 134,Cloud Services,Storage,PrimeSoft,GB,1130.6,1311.5,16.0,2,464,Active,2020-12-13,28.89,0,2022-06-08T14:03:04.964194,2024-03-01T19:35:07.271621
569,PROD-00569,SKU-8B16EBC0,ClearPath Database Specific 976,Cloud Services,Database,ClearPath,License,23.19,28.76,24.0,22,462,Pending,2024-02-16,11.78,1,2021-12-25T21:23:46.561924,2024-06-19T04:19:31.875571
570,PROD-00570,SKU-A86C450B,SwiftLine ERP State 570,Software,ERP,ApexWorks,Subscription/Mo,706.97,1117.01,58.0,50,390,Active,2017-05-12,27.71,1,2018-01-20T18:34:39.974843,2024-01-16T15:07:48.200018
571,PROD-00571,SKU-C9892A98,ApexWorks Networking Degree 689,Cloud Services,Networking,ClearPath,Hour,1925.3,2907.2,51.0,16,66,Active,2016-06-07,17.71,1,2020-04-19T08:35:17.087538,2024-07-29T07:43:11.813776
572,PROD-00572,SKU-E6B4B2A7,TechPro Strategy Score 972,Consulting,Strategy,ApexWorks,License,1660.62,1976.14,19.0,6,340,Active,2024-09-17,15.03,0,2015-07-11T05:10:36.148371,2024-04-20T00:35:36.096450
573,PROD-00573,SKU-E5F6AD6C,CoreEdge Pens Long 207,Office Supplies,Pens,ApexWorks,GB,1962.75,3218.91,64.0,48,498,Discontinued,2019-01-24,27.68,1,2023-02-21T14:00:47.626079,2024-08-24T00:59:16.416103
574,PROD-00574,SKU-F0E52B27,NovaSys Support Fish 552,Consulting,Support,SwiftLine,Hour,233.38,387.41,66.0,40,430,Active,2016-06-15,27.71,1,2019-09-27T15:15:46.568059,2024-04-01T06:54:04.665360
575,PROD-00575,SKU-FFEABD22,PrimeSoft Headphones Sing 669,Electronics,Headphones,CoreEdge,License,758.37,1319.56,74.0,16,251,Discontinued,2022-01-21,20.4,1,2017-12-29T22:36:35.867966,2024-08-29T01:39:29.510285
576,PROD-00576,SKU-A7AEED74,CoreEdge ERP Area 188,Software,ERP,PrimeSoft,Each,870.96,1280.31,47.0,40,491,Active,2022-02-21,6.19,1,2017-09-04T03:47:41.974346,2024-08-22T17:09:30.499623
577,PROD-00577,SKU-FDE9264C,NovaSys Keyboards Capital 448,Electronics,Keyboards,ApexWorks,Hour,1549.9,2309.35,49.0,31,97,Active,2019-01-02,17.15,0,2019-08-22T10:15:21.184021,2024-02-22T13:27:17.686676
578,PROD-00578,SKU-A8849B05,ApexWorks Support Season 920,Consulting,Support,NovaSys,GB,716.19,1210.36,69.0,27,320,Discontinued,2022-07-01,26.23,1,2021-12-01T15:48:23.614833,2024-06-11T02:12:38.775795
579,PROD-00579,SKU-258BE18E,CoreEdge Productivity Himself 152,Software,Productivity,PrimeSoft,Hour,599.96,731.95,22.0,21,11,Active,2023-02-11,24.66,1,2017-07-09T09:53:27.247525,2024-07-27T22:49:25.355154
580,PROD-00580,SKU-069D3BB0,ApexWorks Furniture Pretty 394,Office Supplies,Furniture,NovaSys,Hour,1408.03,1675.56,19.0,36,123,Pending,2016-12-18,27.96,1,2024-01-01T12:56:03.714824,2024-09-07T07:27:52.336910
581,PROD-00581,SKU-C6E19E83,NovaSys AI/ML Instead 696,Cloud Services,AI/ML,OmniTech,Subscription/Mo,118.01,185.28,57.0,41,15,Active,2020-11-15,10.21,1,2017-08-11T05:02:54.086505,2024-11-08T10:39:06.123674
582,PROD-00582,SKU-46922A08,CoreEdge Analytics Sister 660,Software,Analytics,SwiftLine,Each,1776.62,2114.18,19.0,15,252,Active,2022-10-11,24.19,1,2020-07-21T21:16:05.526475,2024-03-08T01:26:44.952061
583,PROD-00583,SKU-9AD6AAED,PrimeSoft Paper Risk 182,Office Supplies,Paper,ClearPath,GB,1900.07,2869.11,51.0,8,138,Active,2018-06-20,3.21,0,2019-11-01T12:40:29.935393,2024-07-23T04:54:32.634441
584,PROD-00584,SKU-F5DEAEEA,BluePeak Training Doctor 900,Consulting,Training,CoreEdge,Each,1302.42,1836.41,41.0,3,13,Active,2018-05-06,16.07,0,2016-11-12T08:41:38.336474,2024-10-29T18:26:11.278459
585,PROD-00585,SKU-A9A1D531,NexGen Webcams That 812,Electronics,Webcams,ApexWorks,GB,966.94,1334.38,38.0,44,218,Pending,2020-02-09,4.22,0,2023-05-26T08:53:05.659284,2024-03-31T03:15:53.090921
586,PROD-00586,SKU-605FF764,CoreEdge Webcams World 451,Electronics,Webcams,NexGen,Each,1965.16,2692.27,37.0,15,118,Active,2019-10-25,17.7,1,2017-08-11T09:48:06.714314,2024-03-31T23:16:54.275133
587,PROD-00587,SKU-766EBCD5,TechPro AI/ML Water 994,Cloud Services,AI/ML,CoreEdge,Each,1138.26,1980.57,74.0,4,29,Active,2023-05-20,13.21,1,2016-12-16T23:17:12.615224,2024-03-07T04:02:46.796572
588,PROD-00588,SKU-DACA4121,CoreEdge Keyboards Drug 399,Electronics,Keyboards,ApexWorks,Hour,702.59,1081.99,54.0,25,245,Active,2019-03-26,19.73,1,2015-12-15T22:59:57.278147,2024-03-06T09:49:05.828850
589,PROD-00589,SKU-30BB3825,SwiftLine Printers Finally 979,Office Supplies,Printers,CoreEdge,GB,415.69,652.63,57.0,45,154,Active,2022-07-31,23.43,1,2023-10-15T23:29:09.907137,2024-01-08T22:04:30.803467
590,PROD-00590,SKU-08B255A5,ClearPath Productivity Over 615,Software,Productivity,NovaSys,Each,1786.49,2393.9,34.0,22,461,Discontinued,2020-05-21,21.19,0,2016-10-18T10:15:31.621166,2024-10-26T17:29:49.158636
591,PROD-00591,SKU-3493894F,ClearPath Paper Coach 336,Office Supplies,Paper,BluePeak,Hour,411.09,505.64,23.0,13,62,Active,2015-07-20,21.77,1,2017-03-02T11:47:02.959619,2024-01-17T09:43:11.304009
592,PROD-00592,SKU-DBE272BA,OmniTech Monitors Whole 216,Electronics,Monitors,TechPro,GB,1398.19,2153.21,54.0,2,138,Active,2015-09-23,17.69,1,2015-06-15T18:02:59.563792,2024-03-31T23:09:31.618225
593,PROD-00593,SKU-ACC3E040,OmniTech Laptops Cause 119,Electronics,Laptops,NexGen,GB,561.79,853.92,52.0,28,22,Active,2018-04-07,6.25,1,2022-09-17T00:53:54.372931,2024-06-27T09:58:08.150630
594,PROD-00594,SKU-076A0C97,ClearPath AI/ML Behind 881,Cloud Services,AI/ML,SwiftLine,Each,109.26,145.32,33.0,38,386,Active,2018-08-28,27.69,1,2018-05-10T23:38:57.898876,2024-07-14T13:28:45.635305
595,PROD-00595,SKU-04ECB1FA,PrimeSoft Training Moment 544,Consulting,Training,NexGen,Each,1515.72,2046.22,35.0,6,283,Discontinued,2015-07-17,28.58,1,2020-07-14T07:14:42.256282,2024-12-19T16:29:30.074040
596,PROD-00596,SKU-B2EEB736,ClearPath Audit Protect 366,Consulting,Audit,ApexWorks,GB,850.55,1343.87,58.0,29,381,Active,2024-12-22,4.04,1,2015-06-29T22:52:54.121962,2024-02-25T14:09:42.957581
597,PROD-00597,SKU-08C5433A,ClearPath Binders Want 402,Office Supplies,Binders,SwiftLine,Hour,175.65,228.35,30.0,25,19,Pending,2021-06-23,8.3,1,2021-06-20T20:35:15.892777,2024-04-19T11:46:00.085568
598,PROD-00598,SKU-6ACA9700,SwiftLine Printers Growth 956,Office Supplies,Printers,BluePeak,License,29.62,39.39,33.0,28,236,Active,2018-12-07,13.25,0,2015-09-02T21:05:35.462360,2024-08-05T07:20:07.599050
599,PROD-00599,SKU-3435C378,CoreEdge Keyboards Close 518,Electronics,Keyboards,TechPro,Hour,963.01,1598.6,66.0,5,141,Pending,2018-09-18,16.59,1,2018-07-04T04:58:41.889528,2024-02-02T01:29:26.099988
600,PROD-00600,SKU-D490D7B4,BluePeak Compute Full 989,Cloud Services,Compute,OmniTech,License,519.72,841.95,62.0,14,322,Active,2017-04-29,4.49,1,2022-07-16T21:32:24.090034,2024-01-14T00:39:06.296375
601,PROD-00601,SKU-B2F627FF,ClearPath CRM Mention 981,Software,CRM,OmniTech,Hour,1310.93,1651.77,26.0,20,21,Pending,2022-09-15,21.55,1,2015-09-17T04:32:59.264411,2024-02-03T08:30:47.628144
602,PROD-00602,SKU-C3992E9A,SwiftLine Binders Enjoy 653,Office Supplies,Binders,TechPro,Hour,37.16,61.69,66.0,15,179,Active,2023-03-23,2.42,0,2021-11-24T23:04:58.103037,2024-11-20T05:58:27.390639
603,PROD-00603,SKU-D86EA612,PrimeSoft Webcams Well 480,Electronics,Webcams,NexGen,Each,159.51,202.58,27.0,41,218,Active,2015-03-19,4.38,1,2021-09-26T14:14:46.520877,2024-03-22T16:42:35.983119
604,PROD-00604,SKU-9CF81D80,SwiftLine Support Risk 581,Consulting,Support,BluePeak,Hour,673.3,935.89,39.0,1,82,Active,2018-02-06,1.43,1,2024-01-18T20:55:51.520968,2024-12-06T23:10:46.772599
605,PROD-00605,SKU-C361BC7B,SwiftLine Implementation Authority 623,Consulting,Implementation,ClearPath,Hour,216.93,277.67,28.0,45,176,Active,2021-03-01,11.43,1,2023-03-27T08:35:29.363592,2024-02-10T06:54:01.552126
606,PROD-00606,SKU-44C4C173,NovaSys Security Role 329,Software,Security,PrimeSoft,Hour,1526.41,2350.67,54.0,36,322,Pending,2019-12-21,22.05,1,2022-02-14T10:23:45.318821,2024-05-11T00:09:55.114117
607,PROD-00607,SKU-DC82D632,ClearPath Implementation Campaign 551,Consulting,Implementation,SwiftLine,Subscription/Mo,1216.17,1885.06,55.0,12,428,Pending,2023-12-10,8.86,1,2018-09-11T05:30:12.084842,2024-10-18T21:36:27.194513
608,PROD-00608,SKU-996A7FA0,CoreEdge Pens Consumer 566,Office Supplies,Pens,SwiftLine,Each,1599.02,2782.29,74.0,44,123,Discontinued,2024-08-02,22.01,0,2020-12-12T18:32:35.186793,2024-02-18T02:45:10.026906
609,PROD-00609,SKU-D7A728A6,SwiftLine Paper Fall 769,Office Supplies,Paper,OmniTech,Hour,707.21,1025.45,45.0,14,229,Discontinued,2019-02-04,6.97,1,2015-03-02T00:12:22.134877,2024-10-13T21:11:51.768318
610,PROD-00610,SKU-00AC8ED3,PrimeSoft Training Camera 781,Consulting,Training,ApexWorks,Hour,1554.01,2160.07,39.0,16,407,Active,2022-06-13,10.31,1,2016-04-06T06:22:42.293474,2024-11-07T20:37:09.029359
611,PROD-00611,SKU-8EBDA540,PrimeSoft Headphones Remain 606,Electronics,Headphones,CoreEdge,License,844.94,1470.2,74.0,29,7,Active,2021-09-11,3.71,1,2020-01-19T20:10:00.897140,2024-05-13T11:23:00.016960
612,PROD-00612,SKU-F76A89F0,TechPro Audit Sense 953,Consulting,Audit,NexGen,Each,1486.99,1829.0,23.0,44,85,Active,2019-04-29,4.06,0,2017-12-22T12:38:58.609864,2024-01-04T09:19:24.455006
613,PROD-00613,SKU-F29C21D4,CoreEdge Database Start 829,Cloud Services,Database,BluePeak,Each,259.27,407.05,57.0,21,459,Active,2015-01-03,17.79,1,2019-02-07T18:42:32.334805,2024-01-27T18:36:57.348140
614,PROD-00614,SKU-851DDF50,OmniTech Laptops Analysis 518,Electronics,Laptops,OmniTech,GB,1478.8,2011.17,36.0,18,387,Discontinued,2017-11-22,21.03,1,2015-07-08T05:36:15.311977,2024-08-10T04:53:02.868753
615,PROD-00615,SKU-58D4D1E7,PrimeSoft Strategy Receive 707,Consulting,Strategy,SwiftLine,GB,172.16,290.95,69.0,24,164,Discontinued,2018-11-08,5.38,1,2022-08-13T00:51:23.320635,2024-09-01T08:35:25.383290
616,PROD-00616,SKU-7750CA35,PrimeSoft Monitors Kitchen 630,Electronics,Monitors,ClearPath,Hour,598.21,807.58,35.0,32,432,Discontinued,2020-12-15,8.63,0,2019-05-03T22:21:35.951501,2024-01-29T07:24:40.973783
617,PROD-00617,SKU-5D44EE6F,CoreEdge Pens Customer 540,Office Supplies,Pens,ClearPath,Subscription/Mo,1907.26,2250.57,18.0,36,450,Pending,2021-11-09,9.5,1,2021-07-10T07:11:43.471589,2024-06-03T14:52:22.477011
618,PROD-00618,SKU-EB6FDC36,OmniTech Pens While 329,Office Supplies,Pens,ApexWorks,Subscription/Mo,241.51,316.38,31.0,16,310,Active,2024-05-01,27.74,1,2015-05-25T13:13:24.165926,2024-10-07T03:49:01.798559
619,PROD-00619,SKU-CDC0D6E6,ApexWorks CRM Always 128,Software,CRM,PrimeSoft,Each,417.65,689.12,65.0,34,275,Active,2016-02-04,0.3,1,2015-09-28T11:13:45.287202,2024-04-14T03:18:28.423581
620,PROD-00620,SKU-B73DFE25,NexGen Pens Somebody 849,Office Supplies,Pens,OmniTech,Hour,567.27,975.7,72.0,8,425,Discontinued,2019-03-06,8.92,1,2015-11-27T07:20:01.662277,2024-01-19T07:41:04.263972
621,PROD-00621,SKU-85FC37B1,NovaSys Headphones Direction 985,Electronics,Headphones,ApexWorks,Subscription/Mo,1778.32,2578.56,45.0,46,342,Active,2020-12-30,29.06,1,2019-07-28T22:50:11.749297,2024-07-06T22:05:39.412274
622,PROD-00622,SKU-3871BD64,BluePeak CRM Month 564,Software,CRM,ClearPath,Each,657.6,953.52,45.0,45,352,Active,2020-07-28,26.78,1,2020-01-24T23:59:33.542955,2024-03-16T19:22:39.236673
623,PROD-00623,SKU-A733FA9B,SwiftLine Storage Fast 294,Cloud Services,Storage,ClearPath,Each,1865.07,3040.06,63.0,40,321,Active,2022-12-28,7.45,0,2023-06-08T18:19:30.673354,2024-08-28T06:12:02.935969
624,PROD-00624,SKU-48AB2F9B,ApexWorks ERP Imagine 851,Software,ERP,OmniTech,Subscription/Mo,534.25,662.47,24.0,8,101,Active,2024-05-19,28.53,1,2020-03-23T04:08:20.176582,2024-02-11T16:20:11.815506
625,PROD-00625,SKU-23350907,CoreEdge Headphones Movie 827,Electronics,Headphones,ApexWorks,Each,139.19,206.0,48.0,26,352,Active,2019-09-24,18.44,1,2020-01-17T02:58:01.977058,2024-05-08T22:43:44.945629
626,PROD-00626,SKU-45645A27,BluePeak Furniture News 960,Office Supplies,Furniture,CoreEdge,Subscription/Mo,1063.27,1828.82,72.0,42,248,Discontinued,2023-03-04,23.92,0,2018-04-29T17:27:33.915009,2024-06-02T21:21:23.419461
627,PROD-00627,SKU-185C29DC,CoreEdge Support Pick 215,Consulting,Support,BluePeak,GB,1089.11,1448.52,33.0,28,166,Active,2015-06-17,19.91,1,2018-04-20T10:18:00.631990,2024-01-13T21:03:40.455608
628,PROD-00628,SKU-42E77B63,SwiftLine Security Perhaps 813,Software,Security,NexGen,License,1912.85,2964.92,55.0,49,451,Discontinued,2018-10-26,25.22,0,2024-05-08T19:47:18.465817,2024-10-04T16:49:10.734480
629,PROD-00629,SKU-051E4E12,BluePeak Audit Not 619,Consulting,Audit,CoreEdge,GB,1376.01,1609.93,17.0,3,287,Active,2022-08-02,7.92,1,2018-07-31T11:39:10.786912,2024-03-05T10:50:16.434865
630,PROD-00630,SKU-9CC138F8,BluePeak Networking Already 155,Cloud Services,Networking,BluePeak,GB,1619.02,2282.82,41.0,46,112,Active,2015-02-13,19.12,1,2023-12-09T11:00:00.999134,2024-09-18T12:28:52.367161
631,PROD-00631,SKU-B7BB35B9,ApexWorks Furniture Close 648,Office Supplies,Furniture,CoreEdge,Each,822.57,1225.63,49.0,39,312,Active,2023-03-29,3.96,1,2021-10-25T20:15:57.776184,2024-12-25T23:12:13.197126
632,PROD-00632,SKU-ABD81528,SwiftLine Headphones Brother 885,Electronics,Headphones,ClearPath,Each,185.05,290.53,57.0,41,25,Pending,2021-09-24,6.39,1,2023-11-20T04:14:20.659967,2024-04-16T06:43:31.605394
633,PROD-00633,SKU-26DD0DBC,BluePeak Productivity Clear 920,Software,Productivity,ApexWorks,Subscription/Mo,794.07,1254.63,58.0,21,211,Active,2021-04-28,16.63,1,2019-04-25T09:51:23.769307,2024-05-08T17:22:32.986293
634,PROD-00634,SKU-6766AA27,ClearPath Laptops Fear 204,Electronics,Laptops,ClearPath,GB,1691.74,2706.78,60.0,50,248,Active,2015-03-06,4.79,1,2019-11-09T17:10:56.426569,2024-09-23T03:18:03.246680
635,PROD-00635,SKU-6A10BBD4,TechPro Monitors Seem 378,Electronics,Monitors,NovaSys,GB,1264.95,1973.32,56.0,41,205,Active,2022-10-23,24.57,1,2024-01-13T11:17:39.057094,2024-03-22T05:33:56.962779
636,PROD-00636,SKU-C5AB0BC6,NexGen Laptops Specific 120,Electronics,Laptops,TechPro,Hour,152.41,240.81,58.0,38,470,Active,2019-01-02,2.96,0,2019-03-06T00:08:37.165706,2024-11-19T15:45:39.392731
637,PROD-00637,SKU-A532400E,NexGen Productivity Soon 624,Software,Productivity,TechPro,Subscription/Mo,1719.31,2785.28,62.0,17,234,Active,2020-12-25,3.08,0,2020-12-02T11:32:03.774259,2024-07-27T12:10:59.040558
638,PROD-00638,SKU-4C27CEA8,NexGen Database Board 674,Cloud Services,Database,BluePeak,GB,861.92,1103.26,28.0,18,464,Pending,2021-05-31,15.25,0,2018-04-07T05:32:05.982738,2024-04-13T23:08:40.359086
639,PROD-00639,SKU-0F966132,ClearPath Headphones Official 831,Electronics,Headphones,NovaSys,GB,1456.48,2505.15,72.0,14,295,Active,2017-01-16,11.98,1,2019-05-06T22:17:11.700680,2024-01-30T01:43:12.235647
640,PROD-00640,SKU-4FFCE04D,BluePeak Database Impact 440,Cloud Services,Database,ApexWorks,Each,956.23,1166.6,22.0,6,287,Active,2019-10-22,6.31,0,2020-04-24T14:57:12.860909,2024-12-11T10:30:32.220710
641,PROD-00641,SKU-67E103B0,OmniTech Training Hundred 635,Consulting,Training,PrimeSoft,License,172.36,239.58,39.0,3,392,Discontinued,2020-04-08,7.64,1,2021-10-23T03:30:01.132541,2024-06-13T11:53:03.401246
642,PROD-00642,SKU-291597A1,PrimeSoft Pens Authority 516,Office Supplies,Pens,TechPro,Subscription/Mo,77.84,121.43,56.0,44,107,Pending,2023-09-07,23.86,0,2018-03-07T02:19:24.953207,2024-06-28T20:39:49.128703
643,PROD-00643,SKU-9B698EB3,ClearPath Pens Blood 668,Office Supplies,Pens,NovaSys,Each,647.07,1022.37,58.0,27,358,Active,2015-11-03,11.33,1,2017-11-12T13:31:05.129733,2024-06-06T18:50:48.123240
644,PROD-00644,SKU-8C7BBBBA,OmniTech Productivity Have 990,Software,Productivity,NovaSys,Each,1497.56,1871.95,25.0,27,253,Active,2021-09-08,18.82,0,2022-06-29T02:04:21.555993,2024-10-27T11:53:58.040310
645,PROD-00645,SKU-5E9F92A0,NovaSys Productivity Despite 545,Software,Productivity,BluePeak,Subscription/Mo,839.2,973.47,16.0,33,165,Pending,2024-12-19,26.7,1,2017-05-06T02:49:31.031184,2024-10-01T16:20:23.475730
646,PROD-00646,SKU-0FF39BBB,PrimeSoft Analytics Most 831,Software,Analytics,SwiftLine,Hour,1048.89,1332.09,27.0,38,128,Discontinued,2015-06-28,13.94,1,2020-11-22T04:24:56.820067,2024-06-09T15:15:30.560025
647,PROD-00647,SKU-303ED4C6,TechPro ERP Per 425,Software,ERP,NexGen,License,1051.14,1734.38,65.0,9,240,Active,2024-04-26,29.8,1,2015-02-25T21:49:46.700840,2024-01-12T20:21:33.489912
648,PROD-00648,SKU-443CB001,OmniTech Pens Happy 438,Office Supplies,Pens,NovaSys,Each,402.54,487.07,21.0,39,239,Pending,2020-04-16,4.78,1,2024-01-19T23:54:28.392218,2024-06-05T20:08:21.654140
649,PROD-00649,SKU-55B37C5C,CoreEdge Training Son 381,Consulting,Training,BluePeak,GB,693.19,804.1,16.0,37,373,Active,2022-11-28,11.08,0,2017-04-06T03:19:41.130172,2024-06-20T22:04:06.074964
650,PROD-00650,SKU-884D247C,NovaSys Printers Me 706,Office Supplies,Printers,ApexWorks,Each,1084.33,1680.71,55.0,46,110,Active,2019-10-27,5.43,1,2017-04-12T01:55:54.696134,2024-09-04T18:49:42.344699
651,PROD-00651,SKU-55743CC0,SwiftLine Productivity Bit 689,Software,Productivity,PrimeSoft,Hour,1176.7,1894.49,61.0,17,494,Pending,2018-10-14,20.09,0,2021-06-22T08:33:31.162748,2024-06-25T01:22:46.048381
652,PROD-00652,SKU-30EF30B6,CoreEdge ERP Person 193,Software,ERP,PrimeSoft,License,10.33,13.33,29.0,9,84,Discontinued,2022-10-29,26.25,1,2022-11-27T13:17:29.697434,2024-02-09T10:18:38.738984
653,PROD-00653,SKU-EAAE339C,NexGen Laptops Fear 780,Electronics,Laptops,OmniTech,Subscription/Mo,278.26,453.56,63.0,19,256,Active,2020-06-22,7.3,0,2021-05-04T11:17:55.378857,2024-01-05T14:48:44.165644
654,PROD-00654,SKU-AB233B68,ClearPath Networking Board 424,Cloud Services,Networking,ClearPath,Each,1413.96,1922.99,36.0,38,431,Active,2016-06-08,28.67,1,2021-04-05T04:48:23.489976,2024-02-20T16:32:46.838856
655,PROD-00655,SKU-3D2D8CCB,BluePeak Security House 801,Software,Security,NovaSys,Hour,1123.17,1617.36,44.0,27,333,Active,2024-07-20,5.42,1,2017-09-24T13:24:44.789798,2024-04-27T13:51:32.678856
656,PROD-00656,SKU-26408FFA,ClearPath Database Really 997,Cloud Services,Database,CoreEdge,GB,1458.34,1866.68,28.0,23,91,Active,2015-07-31,5.96,1,2018-03-22T11:41:26.769885,2024-08-03T21:16:38.719845
657,PROD-00657,SKU-B4288D9C,NovaSys Training Almost 477,Consulting,Training,BluePeak,Hour,16.2,21.71,34.0,0,310,Active,2020-01-27,1.1,1,2022-01-03T21:48:06.063000,2024-01-14T08:25:22.468841
658,PROD-00658,SKU-2F37D101,BluePeak Networking Organization 380,Cloud Services,Networking,TechPro,Hour,92.62,145.41,57.0,1,441,Discontinued,2020-11-10,29.92,0,2020-03-08T09:08:34.260475,2024-03-17T09:55:51.605493
659,PROD-00659,SKU-0FF8033C,ClearPath Compute Throughout 926,Cloud Services,Compute,NovaSys,Each,949.53,1585.72,67.0,23,14,Pending,2019-12-17,26.84,1,2020-12-10T08:15:18.650738,2024-03-27T16:56:35.744297
660,PROD-00660,SKU-68264BDB,NovaSys ERP Mrs 157,Software,ERP,OmniTech,Each,170.24,280.9,65.0,20,49,Pending,2019-10-13,8.4,1,2017-12-01T14:18:17.924652,2024-02-05T15:31:58.019367
661,PROD-00661,SKU-3A066BDA,SwiftLine Implementation Difficult 826,Consulting,Implementation,ApexWorks,Hour,668.67,1036.44,55.0,46,483,Active,2015-02-18,15.54,0,2022-07-08T11:17:40.156868,2024-10-09T12:42:47.496674
662,PROD-00662,SKU-BE3159AD,ClearPath Storage Energy 251,Cloud Services,Storage,BluePeak,Each,134.59,222.07,65.0,11,227,Active,2020-04-05,8.34,1,2022-04-10T10:41:08.863597,2024-01-22T18:06:43.007310
663,PROD-00663,SKU-8757150D,TechPro Audit All 418,Consulting,Audit,BluePeak,Hour,350.07,560.11,60.0,22,60,Active,2020-10-20,14.04,1,2017-09-27T22:04:40.397237,2024-04-24T12:15:42.837842
664,PROD-00664,SKU-2291D2EC,ApexWorks Audit Possible 847,Consulting,Audit,NovaSys,License,180.88,307.5,70.0,20,302,Active,2018-01-26,23.03,1,2023-10-27T18:53:40.550660,2024-12-26T20:17:04.110210
665,PROD-00665,SKU-84117275,CoreEdge Analytics Million 415,Software,Analytics,CoreEdge,License,923.4,1551.31,68.0,19,27,Discontinued,2021-11-30,21.21,1,2021-09-20T23:56:03.192254,2024-02-08T22:14:10.765924
666,PROD-00666,SKU-FAE0B27C,CoreEdge Pens Out 379,Office Supplies,Pens,CoreEdge,License,1132.25,1585.15,40.0,18,132,Discontinued,2020-08-30,8.01,0,2021-01-23T02:09:43.057869,2024-04-24T22:58:59.884492
667,PROD-00667,SKU-B5DC4E5D,ClearPath Printers Experience 560,Office Supplies,Printers,ApexWorks,Each,730.41,1175.96,61.0,37,197,Active,2019-02-18,16.18,1,2018-08-25T13:32:21.591542,2024-07-06T09:16:23.425687
668,PROD-00668,SKU-192FC044,BluePeak Database Model 312,Cloud Services,Database,SwiftLine,Hour,1293.79,2018.31,56.0,35,424,Active,2021-12-06,2.81,1,2018-05-20T09:06:05.225542,2024-07-10T00:05:48.878357
669,PROD-00669,SKU-5C049256,NovaSys Pens Success 629,Office Supplies,Pens,ApexWorks,GB,938.04,1097.51,17.0,8,239,Pending,2018-10-10,9.76,0,2016-05-14T14:10:50.113823,2024-02-26T19:18:07.910558
670,PROD-00670,SKU-17C276C8,SwiftLine Implementation Star 990,Consulting,Implementation,TechPro,License,648.13,784.24,21.0,26,243,Active,2018-04-10,10.17,1,2018-10-22T02:44:19.835641,2024-01-02T12:41:44.839510
671,PROD-00671,SKU-5DD9DB5E,ApexWorks Analytics Care 870,Software,Analytics,TechPro,GB,616.02,880.91,43.0,39,233,Pending,2017-07-01,17.32,0,2016-03-21T19:54:26.532476,2024-11-24T04:04:55.617501
672,PROD-00672,SKU-2DEA61EE,SwiftLine Networking Few 715,Cloud Services,Networking,SwiftLine,GB,1669.02,2169.73,30.0,43,205,Active,2015-05-23,1.3,1,2018-08-07T12:41:46.207027,2024-06-20T07:46:14.752493
673,PROD-00673,SKU-9F396FE4,PrimeSoft Implementation Tonight 510,Consulting,Implementation,PrimeSoft,Each,844.87,1360.24,61.0,10,262,Active,2023-06-24,27.68,1,2023-12-23T22:16:11.257325,2024-03-08T12:13:41.284815
674,PROD-00674,SKU-0D7DE1AC,TechPro Training Bar 192,Consulting,Training,BluePeak,License,264.13,356.58,35.0,22,234,Discontinued,2021-08-04,5.04,1,2019-11-19T15:52:54.425990,2024-09-26T14:06:30.626566
675,PROD-00675,SKU-8FECB208,NovaSys ERP That 289,Software,ERP,CoreEdge,License,1766.49,2349.43,33.0,27,46,Active,2017-08-16,4.71,1,2023-09-10T07:01:01.786634,2024-11-07T09:47:02.120908
676,PROD-00676,SKU-DC6A7071,ClearPath Headphones Company 803,Electronics,Headphones,NexGen,License,322.86,390.66,21.0,30,342,Discontinued,2022-09-21,24.96,1,2019-10-10T00:37:37.849514,2024-11-28T09:46:03.502939
677,PROD-00677,SKU-71A3CB15,ApexWorks Headphones Great 509,Electronics,Headphones,SwiftLine,Subscription/Mo,261.36,420.79,61.0,43,373,Discontinued,2015-09-11,17.95,1,2018-10-16T08:36:50.668367,2024-01-16T21:36:59.975391
678,PROD-00678,SKU-9FE8593A,TechPro Furniture Occur 327,Office Supplies,Furniture,PrimeSoft,License,1341.4,2320.62,73.0,49,120,Active,2023-01-04,10.93,1,2023-01-01T11:09:08.652053,2024-03-20T14:36:24.586687
679,PROD-00679,SKU-CA9C267D,CoreEdge Strategy Care 241,Consulting,Strategy,OmniTech,License,1504.61,2557.84,70.0,2,108,Active,2019-11-17,13.12,1,2020-03-17T21:15:13.288157,2024-10-09T07:18:39.696179
680,PROD-00680,SKU-FCCB3CDC,NexGen Compute Mention 791,Cloud Services,Compute,OmniTech,Each,854.29,1127.66,32.0,16,490,Discontinued,2021-05-07,5.47,0,2015-04-26T16:57:45.137686,2024-07-22T19:34:46.562708
681,PROD-00681,SKU-1595AF64,NovaSys Implementation Successful 771,Consulting,Implementation,NexGen,Each,932.52,1119.02,20.0,10,163,Active,2016-12-08,17.28,0,2015-10-13T02:02:12.494970,2024-02-21T10:27:36.120740
682,PROD-00682,SKU-08D98638,NexGen Storage Include 532,Cloud Services,Storage,TechPro,Subscription/Mo,974.85,1686.49,73.0,27,132,Active,2021-02-11,18.15,0,2022-10-22T08:53:27.166334,2024-10-23T13:47:40.184440
683,PROD-00683,SKU-24681928,ClearPath Support Total 473,Consulting,Support,NovaSys,License,1563.1,2469.7,58.0,27,272,Discontinued,2023-07-30,26.12,1,2017-11-07T03:27:13.350564,2024-02-26T20:05:29.913482
684,PROD-00684,SKU-556F3919,PrimeSoft CRM Check 364,Software,CRM,CoreEdge,Hour,677.55,1158.61,71.0,39,372,Discontinued,2016-08-07,13.1,0,2024-03-14T04:21:34.152650,2024-09-11T00:47:46.181032
685,PROD-00685,SKU-3328BDF9,SwiftLine Paper Church 151,Office Supplies,Paper,PrimeSoft,Subscription/Mo,247.5,356.4,44.0,16,217,Active,2017-07-05,20.28,1,2020-02-15T13:43:41.996654,2024-05-23T19:06:46.706604
686,PROD-00686,SKU-109A0CA3,TechPro Support Shake 557,Consulting,Support,SwiftLine,Subscription/Mo,361.56,491.72,36.0,40,18,Pending,2015-09-15,3.44,1,2023-03-06T02:31:56.142909,2024-03-26T21:39:10.143664
687,PROD-00687,SKU-7F5D04D1,NovaSys Audit Ball 229,Consulting,Audit,ApexWorks,GB,501.01,601.21,20.0,27,457,Active,2018-01-01,10.43,0,2015-05-23T21:34:00.254773,2024-12-11T03:30:16.956044
688,PROD-00688,SKU-F79921BB,ClearPath Training Third 682,Consulting,Training,OmniTech,Each,1837.96,3106.15,69.0,4,167,Active,2023-05-10,1.24,1,2016-01-13T20:47:19.577124,2024-07-14T01:59:28.238925
689,PROD-00689,SKU-07A96B1F,BluePeak AI/ML Safe 532,Cloud Services,AI/ML,NexGen,Each,1960.63,2352.76,20.0,11,486,Active,2016-07-10,21.68,1,2021-05-24T05:14:31.097192,2024-08-19T01:19:32.090729
690,PROD-00690,SKU-C06D06DA,BluePeak Storage Task 730,Cloud Services,Storage,ClearPath,Hour,1588.32,2366.6,49.0,50,124,Active,2016-03-20,11.29,0,2017-06-25T10:02:02.211883,2024-02-14T11:26:47.364929
691,PROD-00691,SKU-10A5AB2D,ApexWorks Security Sound 383,Software,Security,ClearPath,Each,553.2,862.99,56.0,38,204,Active,2017-06-26,20.38,1,2020-05-27T03:17:31.004552,2024-01-03T08:13:38.682888
692,PROD-00692,SKU-E555EBE0,ApexWorks Headphones Bed 381,Electronics,Headphones,BluePeak,GB,418.24,677.55,62.0,38,404,Active,2015-03-31,3.0,1,2019-04-11T23:51:30.604481,2024-10-13T09:34:48.388361
693,PROD-00693,SKU-53E3A716,PrimeSoft Keyboards Best 946,Electronics,Keyboards,OmniTech,Hour,446.01,677.94,52.0,26,325,Pending,2023-09-25,9.93,0,2020-05-06T20:58:04.320249,2024-09-29T10:25:59.688729
694,PROD-00694,SKU-5487315B,SwiftLine AI/ML Then 942,Cloud Services,AI/ML,OmniTech,License,30.07,40.59,35.0,29,437,Discontinued,2016-01-08,6.4,1,2020-06-18T04:10:44.629094,2024-10-19T15:38:24.303783
695,PROD-00695,SKU-E4BB4C51,PrimeSoft Database Car 180,Cloud Services,Database,OmniTech,Hour,808.86,1253.73,55.0,22,42,Active,2022-05-03,22.47,1,2022-12-22T19:54:06.508168,2024-05-18T11:33:32.038738
696,PROD-00696,SKU-0CB929EA,OmniTech Binders Really 130,Office Supplies,Binders,ApexWorks,Hour,1502.96,2134.2,42.0,37,85,Pending,2021-10-06,10.61,0,2016-05-06T19:51:04.705867,2024-04-21T04:20:56.722524
697,PROD-00697,SKU-8A0E1141,OmniTech Storage Mention 340,Cloud Services,Storage,NexGen,Hour,1504.02,1985.31,32.0,8,193,Pending,2019-02-03,28.47,1,2020-03-14T01:19:59.297384,2024-10-11T09:43:06.135322
698,PROD-00698,SKU-99BCFCD7,PrimeSoft Headphones Figure 396,Electronics,Headphones,ApexWorks,License,440.52,770.91,75.0,49,398,Discontinued,2015-08-20,16.55,1,2015-06-05T16:06:51.362098,2024-04-05T19:56:47.815687
699,PROD-00699,SKU-AFD48367,SwiftLine Security Fast 745,Software,Security,NovaSys,Subscription/Mo,1801.42,2377.87,32.0,32,274,Pending,2015-12-07,11.83,0,2022-02-11T13:43:42.137343,2024-07-07T17:38:01.142335
700,PROD-00700,SKU-E5841DF2,ApexWorks Networking Bring 994,Cloud Services,Networking,ApexWorks,GB,576.14,979.44,70.0,18,1,Pending,2024-06-09,24.91,0,2024-05-30T00:10:00.176659,2024-07-24T19:47:46.426471
